review,sentiment
السيارة ناقص شوية ولكن خدام كاعma,neutre
had pc na9s o zbel,negatif
هاد السلعة زوين كاعma,positif
الكاسك مقبول كيقضي الغرض وصافي,neutre
had lmahal zwin ghir chriwh,positif
had pc d3ifa ndemte 3lih,negatif
service ghali o kaytbloqua,negatif
had lmahal wa3er chwiya bzaf,positif
had l'app ghali bzaf bzaaf jamais de la vie,negatif
livraison mezyan recommande 100%,positif
هاد الماكلة مقبول ماشي شي حاجة كبيرة,neutre
tilifoun pas exceptionnel vraiment,neutre
المحل ماشي خفيف ولكن ما بيهش,neutre
المحل ماشي غزال بزاف ضياع الوقت والفلوس,negatif
الصباط ماشي زوين كيقضي الغرض وصافي,neutre
casque machi chi haja tellement,neutre
t-shirt machi mezyan walakin 3adi machi chi haja,neutre
ndemte 3lih srioual horrible,negatif
هاد المحل كيقضي الغرض,neutre
الصباط متوسط على قد الجيب,neutre
toussil t9ila walakin original,neutre
lkhidma machi ghalia bzaf chira2 mzyan,positif
التوصيل نورمال كيقضي الغرض وصافي,neutre
هاد التطبيق عجباتني بزآف رائع جدا,positif
ecouteurs machi excellent perte d'argent,negatif
lproduit makhedamach khasara dyal lflouss,negatif
livraison 3ayan ga3ma ndemte 3lih,negatif
هاد السلعة ما مزيانش ولكن سريع,neutre
had pc kaytskhn o khaser,negatif
التوصيل ماشي غزال ماتضيعوش فلوسكم فيه,negatif
srioual original walakin t9il,neutre
matkhasrouch flousscom hadchi kaytskhn,negatif
السروال موسخ ولكن واعر,neutre
pantalon degoutant,negatif
هاد الماكلة ما كاينش بحالو ولكن ما مزيانش,neutre
الكاسك على قد الحال ديما,neutre
هاد المحل ماشي عجبني ضياع الوقت والفلوس,negatif
had lmahal machi makaynach bhalha walakin pour le prix m9boul,neutre
هاد المنتج حامضة بزاف,negatif
الصباط ماشي زوين عادي وصافي,neutre
hwayj machi 3jebni ndemte 3lih,negatif
الحوايج خدام مزيان كاعma,positif
tilifoun normal fait le job,neutre
هاد الماكلة واعرة ولكن خاسر,neutre
السروال ماشي زوينة ضياع الوقت والفلوس,negatif
pc t9il jamais de la vie,negatif
المحل خايب ولكن واعر,neutre
dacia makaynach bhalha recommande 100%,positif
service ghalia bzaf walakin zwina,neutre
البيسي بنينة و رائع,positif
هاد السلعة ناقصة ديما,negatif
toussil makanich ndemte 3lih,negatif
nssa7 bih toussil sria3,positif
الطوموبيل متوسط عادي وصافي,neutre
lhwayj fi lmotawassit fait le travail,neutre
ماتضيعوش فلوسكم فيه هاد المحل غالية,negatif
شراء مميز الطوموبيل واعر,positif
هاد التطبيق موسخة ماتضيعوش فلوسكم فيه,negatif
المحل غالي ولكن عجبني,neutre
had tilifoun 3jebni walakin fchel,neutre
خودوه وانتوما هانيين الماكينة عجباتني,positif
lkhidma n9i recommande 100%,positif
السلعة متوسطة ماشي شي حاجة كبيرة,neutre
pantalon ghzal o khfif,positif
هاد التليفون ضعيف و غالي بزاف,negatif
هاد المحل عجباتني و واعرة,positif
lkhidma khaib chwiya,negatif
lproduit top nssa7 bih,positif
الله يعطيك الصحة الطوموبيل غزال,positif
srioual machi zwine bzaf walakin fait le job,neutre
المحل ما كاينش بحالو الله يعطيك الصحة,positif
السيارة ماشي غزالة ما تشريوهش,negatif
had tomobil machi khasr top bzaf,positif
top bzaf had sbat excellent,positif
هاد المحل بطل رائع جدا,positif
هاد السلعة كايتبلوكا ديما,negatif
had lmakla khaib 3iyane bzaf,negatif
had ssiara excellent bzaaf,positif
tilifoun kaytbloqua ga3ma,negatif
service makaynach bhalha recommande 100%,positif
الماكينة ماشي مزيانة ولكن ما بيهش,neutre
livraison top walakin 3ayana,neutre
tilifoun sria3 o satisfait,positif
الماكينة مزيان كنصح بيه,positif
service machi mzyan jamais de la vie,negatif
hwayj mousali nssa7 bih,positif
السروال ماخدامش فعلا توبة نعاود نشري,negatif
ما كايستاهلش المحل ماخدامش,negatif
السروال مزيانة شوية,positif
pantalon kaytbloqua 3iyane bzaf,negatif
الماكينة غزال بزاف و مزيانة,positif
الخدمة ندمت عليه و خايب,negatif
srioual 3ayan chwiya bzaf,negatif
je recommande tipo wa3er,positif
madiwch 3lih dacia mabghitch,negatif
الصباط عجبني ولكن خايبة,neutre
tipo machi t9il merci bzaf,positif
المنتج ماشي غزالة ولكن على قد الثمن,neutre
البيسي حامض ديما,negatif
هاد التليفون مقبول على قد الثمن,neutre
hadchi na9sa ma3awdch,negatif
pantalon bnin bzf nssa7 bih,positif
dacia waer chwiya top bzaf,positif
الحوايج ماشي طوب ضياع الوقت والفلوس,negatif
الطوموبيل ما زوينش ولكن عجبني,neutre
had ssiara machi khatir vraiment,neutre
merci bzaf tipo mzyana,positif
pc khayba o na9s,negatif
ma3awdch service ghalia,negatif
had lproduit kaytbloqua bezzaf,negatif
السيارة حامض ولكن مزيانة,neutre
الخدمة ناقص شوية ولكن خدام فعلا,neutre
matkhasrouch flousscom pantalon ghalia,negatif
السيارة عجبني بزآف,positif
had lproduit zwine tellement,positif
had tomobil mlih walakin decu,neutre
hadchi satisfait o mezian,positif
السروال ماشي غزالة ولكن ماشي شي حاجة كبيرة,neutre
toussil parfait o mzyan,positif
had l'article original walakin t9ila,neutre
lproduit machi 3jbatni khasara dyal lflouss,negatif
رائع جدا الماكينة بنينة,positif
lhwayj na9s chwiya walakin khedam,neutre
pc machi sria3 walakin fait le travail,neutre
dacia bnin lah i3tikom saha,positif
السلعة عيان و ناقصة,negatif
الكاسك ماشي نقي ولكن ماشي شي حاجة كبيرة,neutre
هاد التطبيق على قد الحال على قد الجيب,neutre
t-shirt 3jebni o excellent,positif
المحل ندمت عليه بزااف ما كايستاهلش,negatif
lkhidma 3adia machi chi haja kbira,neutre
tipo waer ga3 khoudouh wntouma mhaniyin,positif
تستاهل كل خير المحل بنين,positif
srioual 3ayan o mabghitch,negatif
المنتج كناصح بيه بزآف,positif
lhwayj modir tellement,negatif
الكاسك ناقص فعلا,negatif
المنتج ما عجبنيش و عيانة,negatif
had l'app machi n9i walakin machi chi haja kbira,neutre
had l'app mazyanch walakin zween,neutre
هاد السلعة عيانة ولكن بنينة,neutre
المحل بنينة شكرا بزاف,positif
المنتج واعرة كاعma,positif
casque original walakin ghali,neutre
الله يعطيك الصحة المحل بطل,positif
t-shirt 3jbatni walakin ma3jbnich,neutre
casque machi makaynach bhalha khasara dyal lflouss,negatif
ما تشريوهش هاد المحل ما زوينش,negatif
had lmahal na9s walakin khfif,neutre
had pc khasr chwya,negatif
t-shirt mezyan o top,positif
had lproduit mezian chouiya,positif
هاد المحل ناقص كاعma ما تشريوهش,negatif
had l'article fi lmotawassit fait le job,neutre
السيارة ضعيف كاع توبة نعاود نشري,negatif
السيارة ماشي بنين ندمت عليه,negatif
had sbat na9s chwiya walakin khedam pour le prix ca va,neutre
pantalon machi mousali walakin fait le job,neutre
had pc zwine 3jebni bzaf,positif
srioual 3jbatni chwiya,positif
had lproduit waer bzf lah i3tikom saha,positif
هاد السلعة ماشي واعر غير شوية,neutre
had lmakla mezian rabi ikhalikom,positif
الحوايج عجبني ولكن خايبة,neutre
ecouteurs machi khayb tellement,neutre
had l'app parfait nssa7 bih,positif
had tilifoun pas exceptionnel chwiya bzaf,neutre
livraison makanich tellement,negatif
had lmakla fi lmotawassit bezzaf,neutre
الخدمة ماشي رائع ولكن ما بيهش,neutre
lproduit machi khedam mzn jamais de la vie,negatif
had lmakla parfait bzaaf,positif
had pc machi wa3er matkhasrouch flousscom,negatif
tilifoun kaytbloqua da3a dial lweqt,negatif
lkhidma d3if bzaff,negatif
هاد الماكلة خاسرة ولكن ناجح,neutre
had pc machi top walakin pour le prix m9boul,neutre
dacia ghalia bzaf walakin khedam mzyan,neutre
toussil machi 3ayana rabi ikhalikom,positif
هاد التطبيق مقبولة ماشي شي حاجة كبيرة,neutre
pantalon fi lmotawassit pour le prix ca va,neutre
had l'article decu walakin top dial top,neutre
هاد التطبيق ماشي بطل ولكن عادي وصافي,neutre
التوصيل غزالة بزااف,positif
3iyane bzaf tilifoun d3if,negatif
ماتضيعوش فلوسكم فيه الحوايج خاسر,negatif
الصباط زوين تستاهل كل خير,positif
lproduit machi mezian walakin 3adi machi chi haja,neutre
هاد المنتج بنينة بزآف الله يعطيك الصحة,positif
pantalon machi parfait perte d'argent,negatif
lproduit wa3er recommande 100%,positif
هاد التليفون واعرة كاعma غير شريوه,positif
هاد السلعة ناقصة ولكن ما كاينش بحالو,neutre
هاد السلعة واعر شويية الله يعطيك الصحة,positif
توبة نعاود نشري الطوموبيل ماخدامش,negatif
الطوموبيل غزالة بزااف عجبني بزاف,positif
الكاسك بطل كاعma عجبني بزاف,positif
had pc zwine bzaf o 3jbni,positif
رائع جدا المنتج بطل,positif
السلعة ماخدامش خسارة الفلوس,negatif
هاد التليفون ماشي موسخة غير شريوه,positif
tilifoun kaytskhn chouiya,negatif
الخدمة عادي وصافي غير شوية,neutre
الطوموبيل كيقضي الغرض شويية,neutre
خسارة الفلوس الكاسك ضعيفة,negatif
had l'app khasr bezzaf madiwch 3lih,negatif
السلعة عادي بزآف,neutre
السلعة ماشي شي حاجة على قد الثمن,neutre
غير شريوه البيسي غزال بزاف,positif
had l'article ghali dima,negatif
الطوموبيل خايبة بزاف ما تشريوهش,negatif
lhwayj degoutant ndemte 3lih,negatif
الصباط ما عجبنيش ما تشريوهش,negatif
had lproduit machi zwin walakin pour le prix ca va,neutre
الخدمة مقبول عادي وصافي,neutre
الطوموبيل نورمال ما بيهش,neutre
had pc kaytbloqua tellement khasara dyal lflouss,negatif
top bzaf lkhidma zwine bzaf,positif
had pc pas exceptionnel fait le travail,neutre
hwayj acceptable bzaff,neutre
السلعة مزيان ولكن موسخ,neutre
t-shirt machi magnifique walakin machi chi haja kbira,neutre
tipo mazwinch o khayb,negatif
هاد التطبيق ضعيف كاع,negatif
السلعة ماشي ناقصة تستاهل كل خير,positif
hadchi 3jbatni bzaf recommande 100%,positif
had lmahal machi kaytskhn chira2 mzyan,positif
service modir o makhedamch,negatif
الخدمة متوسط فعلا,neutre
الكاسك ما مزيانش ولكن عجبني,neutre
هاد المحل زوينة و كايعجبني,positif
pantalon mazyanch chouiya matkhasrouch flousscom,negatif
السيارة مقبولة بزاف بزاف,neutre
had ssiara 3la 9d lhal pour le prix ca va,neutre
هاد السلعة ماشي واعر بزآف,neutre
hwayj correct pour le prix ca va,neutre
had l'app machi modir 3jebni bzaf,positif
هاد المنتج متوسطة بزآف,neutre
الطوموبيل مزيان و ما كاينش بحالو,positif
هاد السلعة ماشي شي حاجة شويية,neutre
3jebni bzaf had l'app top dial top,positif
السروال ماشي شي حاجة ماشي شي حاجة كبيرة,neutre
toussil 3adi bzaaf,neutre
الحوايج بطل و ناجح,positif
هاد المنتج ماشي زوين بزاف بزاف,neutre
الحوايج رائع ولكن فشل,neutre
هاد التليفون ماشي عجبني ولكن كيقضي الغرض وصافي,neutre
الحوايج ماشي ناجح ولكن على قد الثمن,neutre
هاد التطبيق ماشي شي حاجة بزاف,neutre
pc makanich tellement,negatif
lproduit 3ayan chwiya,negatif
التليفون ماشي واعرة ما تشريوهش,negatif
هاد التليفون ماشي مزيان ندمت عليه,negatif
السلعة ماشي خدام مزيان ولكن عادي وصافي,neutre
هاد المحل عادية كيقضي الغرض وصافي,neutre
toussil zwin chouiya merci bzaf,positif
السروال خدام مزيان و بنين,positif
المنتج غالي بزاف ما تشريوهش,negatif
خسارة الفلوس الطوموبيل خسارة الفلوس,negatif
lhwayj machi 3ayan khoudouh wntouma mhaniyin,positif
livraison mabghitch walakin satisfait,neutre
الصباط عادية عادي وصافي,neutre
had tomobil machi zwine walakin 3adi machi chi haja,neutre
التوصيل بنين شويية شكرا بزاف,positif
lhwayj top dial top tellement lah i3tikom saha,positif
3iyane bzaf lhwayj khasra,negatif
التوصيل خدام مزيان تستاهل كل خير,positif
المنتج ناقص و ندمت عليه,negatif
المحل خسارة الفلوس ولكن غزال بزاف,neutre
الصباط خسارة الفلوس شوية,negatif
هاد المنتج ماشي غزال ولكن على قد الثمن,neutre
السيارة ممتاز عجبني بزاف,positif
كنصح بيه هاد التطبيق بطل,positif
pc original bzaaf,positif
البيسي موسخة ندمت عليه,negatif
الطوموبيل ناقص توبة نعاود نشري,negatif
had tomobil zween rabi ikhalikom,positif
هاد التليفون طوب كاعma كنصح بيه,positif
srioual sans plus chwiya bzaf,neutre
الله يعطيك الصحة المحل واعرة,positif
التليفون خاسر ولكن عجباتني,neutre
الماكينة ناقص شوية ولكن خدام ديما,neutre
هاد التطبيق ماشي مزيان ندمت عليه,negatif
pantalon 3ayan o kaytbloqua,negatif
الله يعطيك الصحة الخدمة واعر,positif
الخدمة خسارة الفلوس ولكن عجباتني,neutre
hadchi machi mezyan 3iyane bzaf,negatif
البيسي ماشي بنينة توبة نعاود نشري,negatif
pc khaib o na9s,negatif
service d3ifa chouiya,negatif
had tilifoun machi 3jebni walakin machi chi haja kbira,neutre
service bof pour le prix ca va,neutre
هاد التطبيق ما زوينش ولكن مزيان,neutre
casque machi ghzal khasara dyal lflouss,negatif
dacia machi 3jbatni 3iyane bzaf,negatif
jamais de la vie tipo khasr,negatif
المنتج ثقيل ندمت عليه,negatif
هاد التطبيق واعر رائع جدا,positif
top bzaf t-shirt khedam mzyan,positif
pantalon nul bzaaf 3iyane bzaf,negatif
t-shirt khasr o kaytbloqua,negatif
ma3awdch srioual degoutant,negatif
البيسي ماشي غزال بزاف ما كايستاهلش,negatif
الطوموبيل ماشي فشل تستاهل كل خير,positif
had l'article modir perte d'argent,negatif
had ssiara bof pour le prix m9boul,neutre
الماكينة ماشي عيان كنصح بيه,positif
tipo moussekh perte d'argent,negatif
هاد المحل ماشي كناصح بيه ولكن كيقضي الغرض وصافي,neutre
tilifoun mazyanch walakin 3jebni,neutre
السروال ماشي شي حاجة ديما,neutre
المنتج ضعيفة,negatif
hwayj sans plus ghi chwiya,neutre
السيارة فشل بزااف ما تشريوهش,negatif
السيارة ماشي عيان شكرا بزاف,positif
الكاسك ما زوينش شوية,negatif
الماكينة ماشي كايتبلوكا شراء مميز,positif
hwayj khayb bzaaf,negatif
تستاهل كل خير الماكينة زوينة,positif
هاد الماكلة ماشي ثقيل شكرا بزاف,positif
الطوموبيل غزال بزاف كاع,positif
هاد الماكلة واعرة شراء مميز,positif
المنتج ثقيلة بزااف توبة نعاود نشري,negatif
الكاسك عجباتني فعلا,positif
هاد التليفون ثقيلة ما كايستاهلش,negatif
البيسي ماشي غزال ولكن كيقضي الغرض وصافي,neutre
pantalon machi makhedamach nssa7 bih,positif
الحوايج عادي وصافي بزاف,neutre
t-shirt zwin walakin ghalia,neutre
الله يعطيك الصحة السلعة خفيف,positif
had lmakla mousskha o modir,negatif
3jebni bzaf had lmahal zwine,positif
هاد التطبيق على قد الحال بزاف بزاف,neutre
الحوايج خفيف بزآف عجبني بزاف,positif
casque mtwsat tellement,neutre
ما تشريوهش هاد التطبيق ماخدامش,negatif
hadchi zwine bzaf bezzaf,positif
had l'article top dial top o waer,positif
البيسي زبل شويية توبة نعاود نشري,negatif
شكرا بزاف الماكينة غزال,positif
الطوموبيل ماشي خاسر غير شريوه,positif
ضياع الوقت والفلوس السيارة ناقص,negatif
tipo d3ifa walakin wa3er,neutre
madiwch 3lih had lmakla ghalia bzaf,negatif
had l'article n9i khoudouh wntouma mhaniyin,positif
ما كايستاهلش الكاسك ندمت عليه,negatif
السروال موسخة غير شوية ضياع الوقت والفلوس,negatif
عجبني بزاف الكاسك خفيف,positif
السيارة خاسرة و خاسرة,negatif
هاد التليفون ماشي خفيف ولكن ماشي شي حاجة كبيرة,neutre
هاد التطبيق خفيف ولكن خاسر,neutre
السروال ماشي مزيانة ولكن كيقضي الغرض وصافي,neutre
jamais de la vie srioual decu,negatif
هاد المنتج غزال بزاف بزآف,positif
had tomobil d3ifa bzaf,negatif
never buy this service khayba,negatif
livraison t9il bzf,negatif
هاد الماكلة ماشي ضعيف شكرا بزاف,positif
البيسي بنين غير شوية تستاهل كل خير,positif
السروال ندمت عليه ولكن خدام مزيان,neutre
الكاسك خاسر ماتضيعوش فلوسكم فيه,negatif
lproduit machi mazwinch rabi ikhalikom,positif
هاد التطبيق موسخة ولكن عجبني,neutre
lkhidma machi khedam mzyan walakin pour le prix m9boul,neutre
had lmahal d3ifa 3iyane bzaf,negatif
السروال عيان غير شوية,negatif
السيارة عجبني و خدام مزيان,positif
ضياع الوقت والفلوس الصباط ضعيفة,negatif
lhwayj khfif top bzaf,positif
السروال زوين و خفيف,positif
nssa7 bih hwayj original,positif
lproduit mezian 3jebni bzaf,positif
التوصيل غالي غير شوية ندمت عليه,negatif
pc machi waer perte d'argent,negatif
التليفون موسخ فعلا,negatif
da3a dial lweqt had lmahal mazwinch,negatif
had tomobil zwine bzaf walakin makanich,neutre
t-shirt machi chi haja chwiya bzaf,neutre
الخدمة خاسر خسارة الفلوس,negatif
خسارة الفلوس المحل خايب,negatif
السيارة ما مزيانش ما تشريوهش,negatif
had tilifoun ghzal nssa7 bih,positif
المنتج ماشي غزالة ندمت عليه,negatif
had tomobil d3ifa o decu,negatif
hadchi 3la 9d lhal bzaaf,neutre
had lmakla sans plus pour le prix ca va,neutre
الطوموبيل خدام مزيان بزااف رائع جدا,positif
lproduit mzyana rabi ikhalikom,positif
هاد المحل زوينة ولكن حامض,neutre
الكاسك كايتبلوكا ولكن طوب,neutre
هاد التليفون ماشي كايعجبني ماتضيعوش فلوسكم فيه,negatif
had pc d3ifa madiwch 3lih,negatif
tilifoun ghalia dima khasara dyal lflouss,negatif
casque khayb o d3if,negatif
التليفون زوينة ولكن ثقيل,neutre
casque machi khfif walakin machi chi haja kbira,neutre
الكاسك واعر شويية,positif
هاد الماكلة ضعيف ولكن مزيانة,neutre
السلعة موسخة و ثقيلة,negatif
السيارة بطل ولكن ضعيف,neutre
lhwayj ghali bzaf,negatif
الحوايج ناقص شوية ولكن خدام بزاف,neutre
pantalon sria3 walakin d3if,neutre
خسارة الفلوس التوصيل حامضة,negatif
hwayj waer bezzaf,positif
هاد التليفون ثقيل و ما عجبنيش,negatif
التليفون ماشي خاسر غير شريوه,positif
السروال بنين بزااف عجبني بزاف,positif
hwayj machi zwine walakin 3adi machi chi haja,neutre
هاد السلعة نورمال فعلا,neutre
had tomobil khaser ga3 3iyane bzaf,negatif
هاد الماكلة بنين شوية خودوه وانتوما هانيين,positif
had pc makanich o ghalia bzaf,negatif
هاد الماكلة ماخداماش غير شوية,negatif
التليفون موسخة شويية ندمت عليه,negatif
المحل بطل و ناجح,positif
had lmakla khasr chouiya ma3awdch,negatif
السروال ثقيلة كاعma,negatif
المنتج ضعيفة و موسخ,negatif
ضياع الوقت والفلوس السيارة موسخ,negatif
pc makanich ghi chwiya matkhasrouch flousscom,negatif
التليفون غالي كاع ماتضيعوش فلوسكم فيه,negatif
had tilifoun mabghitch bzaaf madiwch 3lih,negatif
had lmahal machi mabghitch recommande 100%,positif
البيسي عادية كيقضي الغرض وصافي,neutre
t-shirt 3jebni chouiya 3jebni bzaf,positif
had lmahal mazwinch walakin mousali,neutre
had tomobil machi ghzal walakin machi chi haja kbira,neutre
had tomobil 3ayan dima,negatif
never buy this lproduit ghali,negatif
had ssiara machi ghali lah i3tikom saha,positif
الطوموبيل غزال بزاف و عجباتني,positif
dacia mzyan nssa7 bih,positif
tilifoun satisfait o waer,positif
هاد السلعة زوينة شكرا بزاف,positif
livraison machi makhedamch chira2 mzyan,positif
السيارة عادية شوية,neutre
الحوايج حامض و زبل,negatif
السلعة فشل بزاف,negatif
chira2 mzyan lkhidma ghzal,positif
had tilifoun machi ghali bzaf recommande 100%,positif
هاد المنتج واعرة غير شريوه,positif
الله يعطيك الصحة الخدمة ناجح,positif
الحوايج ماشي سريع ولكن كيقضي الغرض وصافي,neutre
هاد التليفون ضعيف غير شوية,negatif
هاد السلعة ماشي مزيان ولكن على قد الثمن,neutre
هاد الماكلة عجباتني و بطل,positif
had tilifoun zwine ghir chriwh,positif
المنتج كيقضي الغرض بزاف,neutre
هاد التطبيق ماشي عجبني ولكن على قد الجيب,neutre
had sbat zwine 3jebni bzaf,positif
madiwch 3lih tilifoun d3ifa,negatif
السلعة ماشي واعرة ولكن على قد الثمن,neutre
khoudouh wntouma mhaniyin lhwayj wa3er,positif
المنتج ماشي غزال توبة نعاود نشري,negatif
هاد التليفون كايعجبني غير شوية,positif
had pc zween lah i3tikom saha,positif
had tomobil d3ifa ghi chwiya 3iyane bzaf,negatif
الخدمة ماخدامش و ضعيف,negatif
المنتج غزال بزاف غير شريوه,positif
البيسي عجباتني تستاهل كل خير,positif
tipo 3jbni walakin mazwinch,neutre
perte d'argent tipo mazyanch,negatif
الماكينة ناقصة ديما,negatif
srioual makaynach bhalha ghi chwiya 3jebni bzaf,positif
je recommande had pc 3jbatni,positif
lproduit d3ifa o na9s,negatif
المحل غزال بزاف ولكن ثقيل,neutre
had tilifoun machi ghalia top bzaf,positif
had sbat ghalia bzaf o kaytskhn,negatif
السروال نورمال عادي وصافي,neutre
كنصح بيه الخدمة بطل,positif
pc 3jbni bezzaf,positif
غير شريوه الصباط غزال بزاف,positif
السلعة رائع فعلا,positif
toussil horrible dima,negatif
التليفون رائع عجبني بزاف,positif
الصباط واعر كاع,positif
ضياع الوقت والفلوس هاد التليفون موسخ,negatif
البيسي زبل شويية,negatif
had sbat mezyan walakin ghalia bzaf,neutre
الكاسك زوين و ناجح,positif
هاد التليفون زبل و ما مزيانش,negatif
pc t9ila walakin zwin,neutre
tipo moussekh bzaff jamais de la vie,negatif
التوصيل فشل شوية,negatif
dacia degoutant walakin mezian,neutre
السيارة ماشي واعر على قد الجيب,neutre
had l'article khasr o ghalia,negatif
hadchi machi khfif perte d'argent,negatif
هاد المنتج ما مزيانش بزااف,negatif
البيسي ماشي حامضة رائع جدا,positif
هاد الماكلة عادي ماشي شي حاجة كبيرة,neutre
casque khedam mzyan tellement je recommande,positif
هاد التليفون ماشي عجبني ضياع الوقت والفلوس,negatif
had tilifoun machi zwin ndemte 3lih,negatif
السروال مقبول شويية,neutre
السروال ما كاينش بحالو بزااف,positif
ma3awdch pc horrible,negatif
tilifoun machi t9ila nssa7 bih,positif
tipo machi original walakin machi chi haja kbira,neutre
هاد الماكلة زوين,positif
الطوموبيل ما عجبنيش ولكن واعر,neutre
toussil machi waer walakin 3adi machi chi haja,neutre
dacia horrible tellement,negatif
هاد السلعة خايبة ولكن زوينة,neutre
هاد الماكلة ماشي khayb,neutre
rabi ikhalikom tipo mlih,positif
شراء مميز هاد المحل عجباتني,positif
tipo mzyan chira2 mzyan,positif
had tilifoun khasr madiwch 3lih,negatif
هاد المحل عجبني غير شوية رائع جدا,positif
srioual mezian walakin t9ila,neutre
ecouteurs khfif tellement khoudouh wntouma mhaniyin,positif
المنتج بنين شويية,positif
had tilifoun top khoudouh wntouma mhaniyin,positif
الكاسك خايب فعلا توبة نعاود نشري,negatif
had lmahal n9i dima lah i3tikom saha,positif
السروال ماشي طوب توبة نعاود نشري,negatif
الخدمة ماخدامش بزآف,negatif
had sbat 3jbni walakin decu,neutre
had tilifoun kaytbloqua walakin original,neutre
السلعة سريع ولكن كايتبلوكا,neutre
had lproduit satisfait lah i3tikom saha,positif
livraison 3ayan bzaff matkhasrouch flousscom,negatif
srioual sria3 chouiya khoudouh wntouma mhaniyin,positif
هاد السلعة ماشي كايتبلوكا كنصح بيه,positif
had sbat modir da3a dial lweqt,negatif
hwayj moyen bzaaf,neutre
had sbat mtwsat bzaf,neutre
service d3ifa o mazwinch,negatif
t-shirt moyenne bzf,neutre
الماكينة ضعيفة ولكن زوينة,neutre
الطوموبيل كناصح بيه ولكن خسارة الفلوس,neutre
ecouteurs ghalia ndemte 3lih,negatif
الحوايج بطل و كايعجبني,positif
had lmahal moussekh jamais de la vie,negatif
srioual khfif bzaaf ghir chriwh,positif
هاد المنتج ناقص كاعma خسارة الفلوس,negatif
service machi magnifique walakin 3adi machi chi haja,neutre
المنتج كناصح بيه بزآف كنصح بيه,positif
هاد التطبيق ماشي زوين ديما,neutre
السروال موسخة ولكن خفيف,neutre
pc machi modir rabi ikhalikom,positif
الحوايج ضعيفة ما تشريوهش,negatif
التليفون ماشي زوين ولكن على قد الثمن,neutre
dacia zbel walakin zwine,neutre
الصباط ماخداماش ندمت عليه,negatif
السيارة ما كاينش بحالو شويية كنصح بيه,positif
الخدمة عادي كيقضي الغرض وصافي,neutre
had ssiara na9sa walakin ghzal,neutre
هاد السلعة خايبة شوية,negatif
matkhasrouch flousscom had tilifoun ghali bzaf,negatif
casque moyen machi chi haja kbira,neutre
had sbat mazwinch o khasra,negatif
ماتضيعوش فلوسكم فيه الخدمة ما مزيانش,negatif
السروال غالية ما تشريوهش,negatif
هاد المنتج فشل ما تشريوهش,negatif
البيسي مزيانة شوية,positif
تستاهل كل خير الخدمة غزالة,positif
had sbat machi nul chira2 mzyan,positif
livraison bnin bzaff,positif
توبة نعاود نشري هاد التليفون خسارة الفلوس,negatif
top bzaf had pc 3jbni,positif
had ssiara machi khatir,neutre
المنتج ماشي زوين توبة نعاود نشري,negatif
perte d'argent lhwayj zbel,negatif
التوصيل ماشي ناقصة عجبني بزاف,positif
خسارة الفلوس الحوايج كايتبلوكا,negatif
merci bzaf ecouteurs mousali,positif
السيارة كناصح بيه شوية خودوه وانتوما هانيين,positif
السروال حامض فعلا ندمت عليه,negatif
3iyane bzaf had pc modir,negatif
hwayj ghali bzaf khasara dyal lflouss,negatif
ما كايستاهلش المنتج موسخ,negatif
ecouteurs khaser o d3if,negatif
التوصيل ندمت عليه توبة نعاود نشري,negatif
السلعة متوسط كاع,neutre
lkhidma wa3er tellement,positif
da3a dial lweqt dacia degoutant,negatif
ecouteurs mousali o zwine,positif
ecouteurs machi mezyan walakin pour le prix ca va,neutre
tipo kay9di lghard ghi chwiya,neutre
had tilifoun 3jbatni je recommande,positif
t-shirt moyenne machi chi haja kbira,neutre
هاد المحل ثقيل بزااف,negatif
الكاسك ماشي ناقصة عجبني بزاف,positif
pantalon machi zween walakin fait le travail,neutre
had pc t9il walakin magnifique,neutre
srioual machi t9ila chira2 mzyan,positif
الصباط كيقضي الغرض كيقضي الغرض وصافي,neutre
had lmahal mabghitch dima ma3awdch,negatif
lproduit machi mezyan 3iyane bzaf,negatif
هاد الماكلة خايب ولكن كايعجبني,neutre
had tomobil bnin ghir chriwh,positif
toussil khayb walakin top dial top,neutre
الصباط سريع كاع,positif
had l'article pas exceptionnel,neutre
had lmahal khasra walakin mzyana,neutre
matkhasrouch flousscom srioual ghali bzaf,negatif
had l'app khaib o makanich,negatif
lproduit kaytskhn madiwch 3lih,negatif
السلعة خدام مزيان تستاهل كل خير,positif
السيارة فشل كاع,negatif
هاد المحل ما زوينش فعلا,negatif
hadchi makaynach bhalha bzaf khoudouh wntouma mhaniyin,positif
ندمت عليه السروال خسارة الفلوس,negatif
المنتج ما عجبنيش ولكن زوينة,neutre
madiwch 3lih lhwayj horrible,negatif
had lmahal na9s chwiya walakin khedam chouiya,neutre
الطوموبيل خاسرة توبة نعاود نشري,negatif
service bof chwya,neutre
الطوموبيل ثقيل ولكن سريع,neutre
service bnin walakin d3ifa,neutre
الكاسك ماشي غزال بزاف ولكن على قد الثمن,neutre
had lmakla zbel o makhedamach,negatif
t-shirt mzyana bzf lah i3tikom saha,positif
ضياع الوقت والفلوس هاد الماكلة ما عجبنيش,negatif
الله يعطيك الصحة هاد المحل رائع,positif
هاد التطبيق خايب ما كايستاهلش,negatif
srioual mousskha walakin zwina,neutre
rabi ikhalikom had lproduit satisfait,positif
الصباط ناقص شويية,negatif
هاد السلعة ماخداماش ولكن عجباتني,neutre
service ordinaire bzaaf,neutre
هاد المنتج كيقضي الغرض عادي وصافي,neutre
الخدمة ماشي واعرة ولكن عادي وصافي,neutre
srioual machi khayba nssa7 bih,positif
البيسي ماشي طوب ولكن على قد الثمن,neutre
had lmahal machi zwine ndemte 3lih,negatif
pantalon fchel o kaytskhn,negatif
top bzaf tilifoun mezian,positif
dacia top dial top rabi ikhalikom,positif
had tomobil zwine chwiya bzaf khoudouh wntouma mhaniyin,positif
هاد المنتج غالي بزاف غير شوية ماتضيعوش فلوسكم فيه,negatif
هاد الماكلة ماشي حامضة رائع جدا,positif
dacia machi 3ayan rabi ikhalikom,positif
srioual ghali madiwch 3lih,negatif
الخدمة كايتبلوكا ولكن واعرة,neutre
had l'app magnifique walakin t9ila,neutre
lhwayj zwine rabi ikhalikom,positif
lkhidma machi top dial top walakin machi chi haja kbira,neutre
khoudouh wntouma mhaniyin dacia mzyan,positif
الماكينة بنينة ولكن ضعيفة,neutre
had lmakla machi nul lah i3tikom saha,positif
الحوايج ماشي خايب غير شريوه,positif
ضياع الوقت والفلوس الطوموبيل حامض,negatif
casque t9il walakin zwine bzaf,neutre
t-shirt mezian dima,positif
هاد الماكلة ناقص شوية ولكن خدام كيقضي الغرض وصافي,neutre
الطوموبيل ضعيفة ما تشريوهش,negatif
هاد التليفون كيقضي الغرض على قد الجيب,neutre
pc na9s bzf,negatif
السلعة بنينة ولكن ندمت عليه,neutre
khasara dyal lflouss had lproduit modir,negatif
هاد التليفون كايعجبني ولكن فشل,neutre
الطوموبيل غزال بزآف تستاهل كل خير,positif
had lproduit 3jbatni bzaff lah i3tikom saha,positif
غير شريوه هاد المحل مزيان,positif
السيارة رائع خودوه وانتوما هانيين,positif
dacia 3jbni o top dial top,positif
ندمت عليه هاد المحل خاسرة,negatif
ما تشريوهش التليفون ثقيل,negatif
الصباط غزال بزاف الله يعطيك الصحة,positif
lkhidma t9il bezzaf matkhasrouch flousscom,negatif
الحوايج عادي وصافي ما بيهش,neutre
pc machi 3jbni walakin machi chi haja kbira,neutre
التوصيل ثقيل كاعma,negatif
had lmakla original nssa7 bih,positif
التليفون خفيف شويية,positif
التوصيل حامضة فعلا,negatif
had ssiara machi satisfait walakin 3adi machi chi haja,neutre
tilifoun 3ayan walakin sria3,neutre
had l'app machi mabghitch top bzaf,positif
ندمت عليه المحل كايتبلوكا,negatif
livraison zwine bzaf o wa3er,positif
madiwch 3lih casque kaytbloqua,negatif
البيسي كايتبلوكا ولكن بنين,neutre
livraison machi fchel je recommande,positif
had l'article machi zbel khoudouh wntouma mhaniyin,positif
pantalon machi mlih matkhasrouch flousscom,negatif
السلعة متوسط ماشي شي حاجة كبيرة,neutre
السيارة زبل غير شوية ضياع الوقت والفلوس,negatif
المنتج مزيانة كاعma,positif
السلعة زبل و كايتبلوكا,negatif
الخدمة ما كاينش بحالو و خفيف,positif
top bzaf livraison mezyan,positif
tilifoun makanich vraiment,negatif
had l'article machi mazwinch nssa7 bih,positif
casque ghalia walakin mousali,neutre
pantalon n9i chouiya,positif
service machi khasra nssa7 bih,positif
perte d'argent tilifoun d3ifa,negatif
الخدمة عجبني ولكن ندمت عليه,neutre
البيسي خايبة و خاسر,negatif
هاد المنتج خفيف غير شريوه,positif
pc ghzal chwya,positif
التليفون كيقضي الغرض على قد الجيب,neutre
ecouteurs zween rabi ikhalikom,positif
هاد المنتج غالية و ضعيف,negatif
khasara dyal lflouss had l'article t9ila,negatif
ecouteurs top dial top ghi chwiya ghir chriwh,positif
السيارة رائع و ناجح,positif
توبة نعاود نشري الماكينة ما مزيانش,negatif
التوصيل نورمال على قد الثمن,neutre
had lmakla moussekh walakin waer,neutre
الطوموبيل حامض ما تشريوهش,negatif
had pc decu chouiya,negatif
الكاسك عادي وصافي بزاف,neutre
3jebni bzaf had pc 3jbni,positif
had sbat machi makhedamch recommande 100%,positif
التوصيل غزال بزاف بزاف,positif
هاد التليفون عادي وصافي كاع,neutre
السروال عادي ما بيهش,neutre
هاد السلعة رائع و غزالة,positif
had ssiara khfif khoudouh wntouma mhaniyin,positif
البيسي سريع فعلا,positif
pantalon 3ayana bzaaf matkhasrouch flousscom,negatif
never buy this had tomobil modir,negatif
service mezian walakin kaytbloqua,neutre
pc kaytskhn o makhedamach,negatif
الطوموبيل حامض ديما ماتضيعوش فلوسكم فيه,negatif
toussil machi magnifique walakin fait le travail,neutre
هاد المحل ماشي سريع ولكن كيقضي الغرض وصافي,neutre
هاد التليفون حامضة بزاف بزاف توبة نعاود نشري,negatif
pc zwin walakin kaytbloqua,neutre
توبة نعاود نشري الكاسك خاسرة,negatif
هاد التليفون كيقضي الغرض شويية,neutre
التوصيل نقي بزااف,positif
السروال ماشي غزال بزاف ضياع الوقت والفلوس,negatif
المحل ماشي زوينة ولكن كيقضي الغرض وصافي,neutre
كنصح بيه المنتج غزال,positif
had l'app d3ifa o khaib,negatif
التليفون موسخ و ضعيفة,negatif
هاد المنتج كناصح بيه ولكن ندمت عليه,neutre
3jebni bzaf had lproduit wa3er,positif
had l'article satisfait chwiya,positif
الخدمة ندمت عليه بزااف,negatif
hadchi 3la 9d lhal dima,neutre
البيسي ثقيل و غالية,negatif
السيارة ناقص شوية ولكن خدام شويية,neutre
السيارة ما كاينش بحالو ولكن عيان,neutre
hwayj correct chwiya bzaf,neutre
lhwayj machi ghali rabi ikhalikom,positif
ما كايستاهلش الطوموبيل غالي بزاف,negatif
السيارة بنينة و خفيف,positif
lhwayj khaser tellement khasara dyal lflouss,negatif
lhwayj makhedamch perte d'argent,negatif
البيسي عيانة ولكن نقي,neutre
التليفون غالي و ما زوينش,negatif
هاد المنتج غالي بزاف كاع,negatif
هاد التطبيق ماشي زوينة ولكن كيقضي الغرض وصافي,neutre
البيسي بنينة شويية رائع جدا,positif
الحوايج ماشي رائع ولكن ماشي شي حاجة كبيرة,neutre
الحوايج بنينة فعلا كنصح بيه,positif
toussil 3adia bzaaf,neutre
had lmakla khasr bzaaf madiwch 3lih,negatif
tilifoun machi mzyan perte d'argent,negatif
tilifoun mezyan walakin mousskha,neutre
t-shirt makaynach bhalha walakin kaytbloqua,neutre
livraison machi ghalia khoudouh wntouma mhaniyin,positif
had l'app machi nul 3jebni bzaf,positif
الصباط كايتبلوكا بزاف ما تشريوهش,negatif
toussil normal bzaaf,neutre
pc machi khaib khoudouh wntouma mhaniyin,positif
هاد السلعة بنينة ولكن موسخ,neutre
الطوموبيل مقبولة ماشي شي حاجة كبيرة,neutre
البيسي طوب ولكن غالي بزاف,neutre
الطوموبيل عجبني ديما الله يعطيك الصحة,positif
الماكينة ماشي كايعجبني ولكن عادي وصافي,neutre
had lmakla ordinaire 3adi machi chi haja,neutre
dacia wa3er ghir chriwh,positif
tipo khedam mzyan top bzaf,positif
الماكينة ماخداماش ماتضيعوش فلوسكم فيه,negatif
الخدمة خاسر غير شوية,negatif
pc machi khayb machi chi haja kbira,neutre
nssa7 bih pantalon mzyana,positif
lkhidma khayb walakin khedam mzyan,neutre
هاد المحل متوسطة كيقضي الغرض وصافي,neutre
الكاسك كايتبلوكا و ندمت عليه,negatif
السلعة عجباتني بزااف,positif
المحل واعر و غزال,positif
tilifoun mousali o 3jbatni,positif
السلعة حامض ما تشريوهش,negatif
السيارة موسخة و غالية,negatif
الطوموبيل ناجح ولكن حامض,neutre
الصباط بنينة و عجباتني,positif
had sbat machi magnifique walakin fait le job,neutre
المنتج كيقضي الغرض ماشي شي حاجة كبيرة,neutre
srioual degoutant walakin khedam mzyan,neutre
lkhidma khedam mzyan top bzaf,positif
toussil horrible bzaff never buy this,negatif
التليفون موسخة توبة نعاود نشري,negatif
had l'app mlih walakin khayb,neutre
chira2 mzyan had lproduit parfait,positif
had lmahal na9s chwiya walakin khedam chwiya bzaf,neutre
ghir chriwh pc zwin,positif
التليفون موسخ كاعma,negatif
السيارة بنين شكرا بزاف,positif
هاد التليفون سريع و رائع,positif
هاد المنتج غالي ديما ضياع الوقت والفلوس,negatif
هاد المحل خاسر ولكن بنين,neutre
هاد المنتج خايب ولكن كايعجبني,neutre
التوصيل عادية بزاف بزاف,neutre
had l'app khasra o kaytbloqua,negatif
pc 3jebni o khfif,positif
had lmahal mazwinch walakin ghzal,neutre
الماكينة كناصح بيه شويية عجبني بزاف,positif
ما تشريوهش الماكينة عيانة,negatif
الماكينة سريع ولكن غالي بزاف,neutre
الخدمة ماشي واعر على قد الثمن,neutre
هاد المحل ماشي طوب توبة نعاود نشري,negatif
التوصيل غزال فعلا شكرا بزاف,positif
had pc machi ghali bzaf rabi ikhalikom,positif
الصباط غزال بزاف غير شريوه,positif
had tilifoun machi sria3 walakin fait le travail,neutre
السيارة زبل و حامض,negatif
pc khasra o modir,negatif
السيارة عيان بزااف ندمت عليه,negatif
هاد التطبيق عجبني ولكن غالي بزاف,neutre
الماكينة ما عجبنيش و ناقص,negatif
rabi ikhalikom hadchi zwine,positif
الطوموبيل ما عجبنيش شويية توبة نعاود نشري,negatif
nssa7 bih had lproduit parfait,positif
had l'article satisfait walakin khayba,neutre
hadchi machi mezyan walakin fait le travail,neutre
هاد السلعة خايبة فعلا ندمت عليه,negatif
السلعة ماخداماش و حامضة,negatif
الكاسك عادي على قد الجيب,neutre
التوصيل بنين ولكن غالي,neutre
الكاسك عيان و ثقيل,negatif
tipo machi d3if ghir chriwh,positif
tipo zwine bzaaf rabi ikhalikom,positif
service 3adia pour le prix m9boul,neutre
السلعة طوب شراء مميز,positif
الصباط ممتاز ولكن عيان,neutre
pc 3adia dima,neutre
had l'app machi n9i walakin fait le job,neutre
had sbat 3jbni walakin khaib,neutre
هاد السلعة رائع ولكن حامض,neutre
توبة نعاود نشري هاد المحل ناقصة,negatif
التليفون ماشي غزال خسارة الفلوس,negatif
tipo kaytskhn walakin excellent,neutre
tipo mzyan je recommande,positif
هاد المنتج ما كاينش بحالو و ناجح,positif
lkhidma machi makaynach bhalha perte d'argent,negatif
هاد المحل مزيانة ولكن ما عجبنيش,neutre
البيسي عجباتني شويية,positif
had ssiara machi khasra ghir chriwh,positif
التليفون ثقيلة توبة نعاود نشري,negatif
ماتضيعوش فلوسكم فيه الماكينة ماخدامش,negatif
هاد التليفون بنين و غزال بزاف,positif
hadchi ghalia bzaf tellement,negatif
dacia khasra bzaaf,negatif
الحوايج فشل ولكن مزيان,neutre
t-shirt fi lmotawassit chouiya,neutre
المنتج ناقص شوية ولكن خدام ماشي شي حاجة كبيرة,neutre
had l'article ghalia walakin 3jbatni,neutre
lproduit machi mlih ma3awdch,negatif
ghir chriwh tilifoun zwine,positif
ندمت عليه هاد المحل ناقص,negatif
التوصيل غالي ولكن بطل,neutre
ecouteurs zwine bzaf lah i3tikom saha,positif
srioual top walakin ghalia,neutre
هاد السلعة عيانة ما تشريوهش,negatif
هاد الماكلة ما كاينش بحالو تستاهل كل خير,positif
الحوايج خدام مزيان رائع جدا,positif
pantalon zwine bzaf je recommande,positif
hwayj machi mezyan ndemte 3lih,negatif
الخدمة ماشي ضعيف خودوه وانتوما هانيين,positif
hadchi ordinaire pour le prix ca va,neutre
tilifoun zwina walakin 3ayan,neutre
lkhidma zween chira2 mzyan,positif
pc ghalia bzaf bzaf,negatif
pantalon machi d3if top bzaf,positif
srioual machi khaib nssa7 bih,positif
هاد التطبيق نقي و واعر,positif
pantalon nul o mazyanch,negatif
had l'app waer bzaaf ghir chriwh,positif
الطوموبيل ماخداماش ضياع الوقت والفلوس,negatif
had l'article khaser perte d'argent,negatif
الكاسك عيان بزاف بزاف,negatif
البيسي خسارة الفلوس,negatif
had lmahal bnin ghir chriwh,positif
هاد المنتج على قد الحال كاع,neutre
المحل عجبني و خدام مزيان,positif
had l'app makhedamach walakin khfif,neutre
السروال متوسط كيقضي الغرض وصافي,neutre
هاد السلعة حامضة بزااف ما تشريوهش,negatif
tilifoun zwine merci bzaf,positif
lhwayj t9ila o zbel,negatif
السلعة نقي شويية,positif
التليفون نقي و طوب,positif
التوصيل ماشي ناجح ندمت عليه,negatif
هاد التليفون زوين الله يعطيك الصحة,positif
hwayj satisfait ghi chwiya rabi ikhalikom,positif
هاد المنتج غزال غير شريوه,positif
كنصح بيه المنتج سريع,positif
السيارة غزال بزاف شكرا بزاف,positif
lkhidma zwine ghir chriwh,positif
had pc ghalia vraiment,negatif
tipo na9s chwiya walakin khedam fait le travail,neutre
pantalon khfif chira2 mzyan,positif
السروال خدام مزيان شراء مميز,positif
الكاسك بطل و ممتاز,positif
الماكينة ماشي ضعيف رائع جدا,positif
هاد المحل مقبول على قد الثمن,neutre
had tilifoun machi makhedamach lah i3tikom saha,positif
البيسي ماشي ناقص خودوه وانتوما هانيين,positif
ضياع الوقت والفلوس هاد التليفون خايبة,negatif
livraison top dial top vraiment,positif
الحوايج واعر شراء مميز,positif
الطوموبيل خايب و ثقيلة,negatif
المنتج ماخداماش ولكن غزال,neutre
ma3awdch tilifoun d3ifa,negatif
lhwayj 3ayana never buy this,negatif
الحوايج زوين الله يعطيك الصحة,positif
tilifoun d3ifa never buy this,negatif
had lmahal zwine bzaf walakin mousskha,neutre
ma3awdch service nul,negatif
pantalon top khoudouh wntouma mhaniyin,positif
ما كايستاهلش السروال موسخ,negatif
الحوايج عادي وصافي عادي وصافي,neutre
المحل ماشي رائع ولكن على قد الثمن,neutre
التليفون على قد الحال بزاف بزاف,neutre
t-shirt normal bzf,neutre
had l'app machi 3jbatni 3iyane bzaf,negatif
srioual 3jebni bzaff top bzaf,positif
الكاسك ندمت عليه و موسخة,negatif
toussil satisfait bzf,positif
هاد التطبيق كناصح بيه ولكن خسارة الفلوس,neutre
lkhidma excellent vraiment top bzaf,positif
السلعة نقي بزاف بزاف,positif
had tomobil ordinaire fait le job,neutre
hadchi ghzal bzf rabi ikhalikom,positif
casque ma3jbnich jamais de la vie,negatif
dacia kay9di lghard ga3ma,neutre
casque khaib ga3,negatif
had ssiara na9sa walakin zween,neutre
ضياع الوقت والفلوس الماكينة خاسرة,negatif
lproduit satisfait walakin khasra,neutre
هاد المنتج كايعجبني عجبني بزاف,positif
خسارة الفلوس الكاسك ثقيل,negatif
هاد المنتج عجباتني ولكن موسخ,neutre
الكاسك زوين ولكن ثقيلة,neutre
شكرا بزاف الصباط غزال بزاف,positif
البيسي عجباتني كاعma الله يعطيك الصحة,positif
had ssiara mzyana recommande 100%,positif
had lproduit 3la 9d lhal bzf,neutre
toussil moyenne,neutre
service machi chi haja ga3,neutre
ماتضيعوش فلوسكم فيه الصباط خايبة,negatif
الحوايج فشل ولكن واعرة,neutre
had l'app machi khasra merci bzaf,positif
هاد التطبيق ثقيلة ديما ما تشريوهش,negatif
السروال ناقص شوية ولكن خدام بزاف,neutre
الطوموبيل طوب بزاف بزاف غير شريوه,positif
هاد التليفون ماشي حامض الله يعطيك الصحة,positif
السيارة ضعيفة و ناقصة,negatif
هاد السلعة خسارة الفلوس ولكن واعر,neutre
الحوايج ماشي ناجح ندمت عليه,negatif
هاد السلعة بنين ولكن ضعيفة,neutre
هاد الماكلة مزيان بزآف خودوه وانتوما هانيين,positif
t-shirt 3jbatni chira2 mzyan,positif
pantalon na9sa o ghalia,negatif
srioual ordinaire pour le prix m9boul,neutre
السلعة ما زوينش بزآف,negatif
lproduit wa3er rabi ikhalikom,positif
toussil khedam mzn walakin khasr,neutre
casque top dial top o zween,positif
lproduit bof machi chi haja kbira,neutre
tilifoun t9ila o makhedamach,negatif
التوصيل زبل ولكن ناجح,neutre
الطوموبيل ندمت عليه ديما ضياع الوقت والفلوس,negatif
hwayj machi chi haja chwya,neutre
had lproduit pas exceptionnel machi chi haja kbira,neutre
هاد المنتج ما مزيانش كاعma ما كايستاهلش,negatif
t-shirt moyen ghi chwiya,neutre
jamais de la vie dacia na9sa,negatif
tilifoun top walakin t9ila,neutre
هاد المنتج ماشي زوين ولكن ماشي شي حاجة كبيرة,neutre
هاد المحل عجبني غير شوية الله يعطيك الصحة,positif
هاد المنتج ماشي زوينة خسارة الفلوس,negatif
had sbat mousskha o d3ifa,negatif
ndemte 3lih tilifoun na9sa,negatif
الماكينة ثقيلة بزاف بزاف ضياع الوقت والفلوس,negatif
dacia khayba o d3ifa,negatif
lproduit makaynach bhalha ghi chwiya,positif
التوصيل غالي بزاف بزاف خسارة الفلوس,negatif
lkhidma wa3er o zwine,positif
ma3awdch hadchi kaytskhn,negatif
المنتج غزال كاع غير شريوه,positif
dacia mtwsat chwya,neutre
lhwayj machi t9il je recommande,positif
had l'article mousali nssa7 bih,positif
had lproduit 3la 9d lhal 3adi machi chi haja,neutre
السروال خاسرة ماتضيعوش فلوسكم فيه,negatif
da3a dial lweqt pc d3ifa,negatif
المحل غزالة و غزال,positif
المنتج متوسط فعلا,neutre
الكاسك ممتاز رائع جدا,positif
tipo moyen tellement,neutre
السروال خاسرة ندمت عليه,negatif
كنصح بيه الصباط بنين,positif
toussil machi makhedamach khoudouh wntouma mhaniyin,positif
tilifoun machi zwina walakin machi chi haja kbira,neutre
ندمت عليه هاد السلعة ما مزيانش,negatif
التوصيل غزالة ديما,positif
hwayj d3ifa perte d'argent,negatif
never buy this casque ghali,negatif
هاد التطبيق واعر ولكن خاسرة,neutre
ma3awdch t-shirt khayba,negatif
ما تشريوهش السلعة ثقيلة,negatif
hwayj pas exceptionnel dima,neutre
ما كايستاهلش السروال خايبة,negatif
hwayj khaser o zbel,negatif
toussil wa3er walakin na9s,neutre
الصباط رائع و بطل,positif
had l'app top dial top lah i3tikom saha,positif
الحوايج ماشي مزيانة ولكن ما بيهش,neutre
الله يعطيك الصحة الحوايج خفيف,positif
had lproduit mazyanch ga3ma,negatif
الصباط ماشي واعر عادي وصافي,neutre
المنتج نقي شويية شراء مميز,positif
pc na9s chwiya walakin khedam machi chi haja kbira,neutre
had ssiara fchel walakin mlih,neutre
المنتج طوب كاع شكرا بزاف,positif
الكاسك غزالة و خفيف,positif
المحل فشل شوية,negatif
had lmakla mtwsat fait le travail,neutre
t-shirt makaynach bhalha ga3ma 3jebni bzaf,positif
had ssiara zwin bzaf,positif
هاد الماكلة ماشي حامض غير شريوه,positif
البيسي ماشي عجبني ندمت عليه,negatif
الماكينة واعرة خودوه وانتوما هانيين,positif
غير شريوه السروال مزيان,positif
هاد المنتج ضعيفة ولكن زوينة,neutre
المنتج عجباتني ولكن حامض,neutre
had l'app original top bzaf,positif
lhwayj khfif o mezyan,positif
الماكينة ثقيلة بزاف,negatif
had lmahal 3jbni walakin mousskha,neutre
lproduit normal ga3ma,neutre
had ssiara 3jbatni lah i3tikom saha,positif
الكاسك نورمال شوية,neutre
هاد المحل عادي وصافي شويية,neutre
had lmakla zwine bzaf walakin makhedamch,neutre
السيارة ماشي واعر توبة نعاود نشري,negatif
المنتج ماشي غزال ما تشريوهش,negatif
toussil modir walakin 3jbni,neutre
service bnin ga3ma je recommande,positif
شكرا بزاف الكاسك مزيان,positif
ecouteurs 3adi ga3ma,neutre
هاد السلعة ماشي مزيانة ولكن على قد الجيب,neutre
هاد المحل موسخ و عيانة,negatif
toussil khasra ghi chwiya,negatif
السلعة ماشي نقي ضياع الوقت والفلوس,negatif
هاد التليفون ماشي غزال ما تشريوهش,negatif
التليفون عادي وصافي بزاف بزاف,neutre
t-shirt t9il chouiya ma3awdch,negatif
service 3adia pour le prix ca va,neutre
hadchi top dial top je recommande,positif
casque machi zwine walakin pour le prix ca va,neutre
had lmakla waer walakin moussekh,neutre
srioual moyenne ga3ma,neutre
الخدمة غزال شوية الله يعطيك الصحة,positif
هاد المحل غزال تستاهل كل خير,positif
khoudouh wntouma mhaniyin srioual sria3,positif
الكاسك عجباتني بزاف,positif
lhwayj zwine bzaf bzaaf khoudouh wntouma mhaniyin,positif
الكاسك ماشي خدام مزيان ماتضيعوش فلوسكم فيه,negatif
tilifoun na9s chwiya walakin khedam 3adi machi chi haja,neutre
هاد التطبيق ماشي زبل شكرا بزاف,positif
المنتج مزيانة و بنينة,positif
had tilifoun khedam mzn tellement chira2 mzyan,positif
ma3awdch had l'app mazyanch,negatif
had lmahal bof pour le prix m9boul,neutre
khasara dyal lflouss hadchi t9il,negatif
hadchi t9ila ndemte 3lih,negatif
had tomobil machi 3jebni ma3awdch,negatif
هاد الماكلة ماشي بنين ما تشريوهش,negatif
تستاهل كل خير المحل رائع,positif
service makaynach bhalha bzf,positif
matkhasrouch flousscom had lmahal nul,negatif
had tilifoun machi khedam mzn walakin pour le prix m9boul,neutre
السروال ماشي ماخداماش خودوه وانتوما هانيين,positif
التوصيل ما كاينش بحالو ولكن ماخدامش,neutre
هاد المنتج ناجح فعلا,positif
had l'article mezian ghir chriwh,positif
ما كايستاهلش هاد المنتج موسخة,negatif
هاد التطبيق غزال تستاهل كل خير,positif
service kay9di lghard fait le travail,neutre
had pc d3if dima,negatif
السيارة غزال بزاف و زوينة,positif
شكرا بزاف هاد المحل طوب,positif
dacia original walakin ghali,neutre
السروال ماشي واعر ولكن على قد الجيب,neutre
had lproduit machi mousali walakin pour le prix ca va,neutre
lkhidma mlih bzaf,positif
هاد الماكلة بطل و سريع,positif
service machi 3jbni matkhasrouch flousscom,negatif
الصباط ثقيلة ما تشريوهش,negatif
had pc mazyanch walakin top,neutre
الماكينة ماخدامش و ما مزيانش,negatif
t-shirt machi mousali walakin 3adi machi chi haja,neutre
hadchi parfait walakin ma3jbnich,neutre
السيارة فشل ضياع الوقت والفلوس,negatif
الصباط ماشي واعر على قد الجيب,neutre
lproduit machi n9i walakin fait le travail,neutre
had lmakla ghalia bzaf never buy this,negatif
lhwayj decu walakin mezian,neutre
lkhidma makhedamch ghi chwiya 3iyane bzaf,negatif
pantalon khedam mzn walakin t9ila,neutre
الطوموبيل ماشي ضعيفة كنصح بيه,positif
التليفون ماشي رائع ندمت عليه,negatif
dacia magnifique o makaynach bhalha,positif
المنتج واعر و بطل,positif
had tomobil fchel khasara dyal lflouss,negatif
ghir chriwh had tilifoun mzyana,positif
الصباط كايعجبني و عجبني,positif
السيارة ماشي غزال بزاف ولكن على قد الثمن,neutre
lhwayj zwin o n9i,positif
هاد المنتج غزال بزاف ولكن ناقصة,neutre
toussil khasr walakin top,neutre
السروال طوب الله يعطيك الصحة,positif
عجبني بزاف السلعة عجبني,positif
had lmahal 3jebni o mousali,positif
تستاهل كل خير البيسي ناجح,positif
lkhidma kay9di lghard machi chi haja kbira,neutre
had l'app 3ayana dima,negatif
livraison machi khatir 3adi machi chi haja,neutre
srioual 3jbni walakin khayba,neutre
السيارة ماشي موسخ الله يعطيك الصحة,positif
had tilifoun sans plus chwiya,neutre
هاد الماكلة عادية شوية,neutre
الماكينة كناصح بيه كاعma,positif
الصباط نقي ولكن ناقص,neutre
الله يعطيك الصحة هاد التليفون غزال بزاف,positif
التوصيل زوينة و ما كاينش بحالو,positif
pantalon machi 3ayan ghir chriwh,positif
had l'article khaser walakin zwine,neutre
merci bzaf had lmakla 3jbni,positif
had l'app makhedamach khasara dyal lflouss,negatif
المحل ماشي زوينة ولكن على قد الجيب,neutre
hwayj machi modir lah i3tikom saha,positif
هاد الماكلة خايبة ولكن واعرة,neutre
هاد الماكلة بنينة ولكن حامض,neutre
srioual khfif walakin d3ifa,neutre
المحل عيان بزاف,negatif
هاد التليفون واعرة غير شريوه,positif
الصباط كايعجبني شوية الله يعطيك الصحة,positif
الكاسك ماشي خفيف ولكن على قد الثمن,neutre
الخدمة ندمت عليه و ما مزيانش,negatif
التليفون حامضة و كايتبلوكا,negatif
هاد السلعة موسخة و زبل,negatif
المنتج ماشي عيانة غير شريوه,positif
السلعة كناصح بيه فعلا رائع جدا,positif
الحوايج حامض بزاف بزاف ما كايستاهلش,negatif
هاد المحل ماشي حامضة غير شريوه,positif
توبة نعاود نشري الكاسك زبل,negatif
hadchi makanich ga3ma,negatif
tilifoun machi decu top bzaf,positif
هاد السلعة ماشي مزيانة ما تشريوهش,negatif
هاد التليفون ماشي زوين بزاف,neutre
السيارة ماشي ما زوينش عجبني بزاف,positif
had tomobil zwin rabi ikhalikom,positif
الحوايج ما مزيانش بزااف,negatif
التليفون ندمت عليه ولكن ما كاينش بحالو,neutre
lhwayj mousali walakin 3ayana,neutre
هاد التطبيق ناقصة شويية خسارة الفلوس,negatif
had lmahal machi na9sa ghir chriwh,positif
الخدمة ثقيلة ولكن غزال,neutre
الحوايج مزيانة و واعر,positif
had lmakla mzyan ga3ma top bzaf,positif
هاد التليفون واعر ولكن حامضة,neutre
had tomobil machi magnifique never buy this,negatif
t-shirt khasr o khaib,negatif
ماتضيعوش فلوسكم فيه المحل ناقص,negatif
had l'app degoutant o modir,negatif
هاد السلعة موسخة و ثقيل,negatif
service makhedamch o t9il,negatif
الماكينة ضعيف خسارة الفلوس,negatif
هاد المحل كيقضي الغرض كاع,neutre
التوصيل ماشي مزيان خسارة الفلوس,negatif
الحوايج رائع ولكن موسخة,neutre
هاد التطبيق موسخة ندمت عليه,negatif
lkhidma makhedamach bzaaf da3a dial lweqt,negatif
هاد السلعة نورمال على قد الجيب,neutre
tilifoun mzyana o original,positif
had l'article moussekh ga3 khasara dyal lflouss,negatif
pantalon excellent ga3 ghir chriwh,positif
had tomobil mazyanch walakin original,neutre
pc makaynach bhalha o original,positif
خسارة الفلوس السيارة ثقيلة,negatif
service degoutant o makhedamch,negatif
lproduit khaib dima perte d'argent,negatif
الحوايج غالي بزاف,negatif
had lmahal zwin dima,positif
السيارة واعر ولكن ما عجبنيش,neutre
lproduit machi top dial top walakin machi chi haja kbira,neutre
رائع جدا هاد الماكلة غزال,positif
tilifoun machi d3if chira2 mzyan,positif
الصباط ماخدامش و ثقيلة,negatif
had lmahal zwine bzaf 3jebni bzaf,positif
hwayj bnin o ghzal,positif
هاد الماكلة عجباتني بزااف,positif
had ssiara zween o 3jebni,positif
had lmakla 3la 9d lhal 3adi machi chi haja,neutre
lhwayj makhedamach o kaytbloqua,negatif
hwayj 3la 9d lhal chwiya bzaf,neutre
الحوايج ماشي واعر بزااف,neutre
had lmakla khasra ndemte 3lih,negatif
tilifoun na9s ga3,negatif
had lmakla mzyana ghir chriwh,positif
service machi zwina matkhasrouch flousscom,negatif
had lmakla na9s matkhasrouch flousscom,negatif
had lproduit machi khedam mzn jamais de la vie,negatif
المحل ماشي عجباتني ندمت عليه,negatif
هاد السلعة ماشي khayb كاعma,neutre
had l'app nul ga3ma,negatif
tipo nul bzaaf da3a dial lweqt,negatif
كنصح بيه الحوايج واعر,positif
had lmakla machi mzyana walakin fait le travail,neutre
had sbat 3jbatni walakin modir,neutre
الحوايج كناصح بيه ولكن خاسرة,neutre
had lmahal wa3er chouiya nssa7 bih,positif
الصباط مقبولة كاع,neutre
هاد الماكلة فشل ندمت عليه,negatif
hadchi machi mabghitch top bzaf,positif
هاد السلعة ماشي موسخة كنصح بيه,positif
service khfif dima rabi ikhalikom,positif
السلعة ماشي ناجح ولكن كيقضي الغرض وصافي,neutre
had lmakla normal fait le job,neutre
had l'article machi top walakin 3adi machi chi haja,neutre
الله يعطيك الصحة هاد التليفون طوب,positif
casque zwine bzaf o makaynach bhalha,positif
الطوموبيل على قد الحال ديما,neutre
dacia machi mzyana walakin pour le prix ca va,neutre
had lproduit mzyan ghi chwiya,positif
المحل كيقضي الغرض بزاف بزاف,neutre
had lmahal machi khayba je recommande,positif
هاد التطبيق عادي وصافي ديما,neutre
السلعة ضعيف و ثقيلة,negatif
المنتج ماشي شي حاجة كاعma,neutre
ecouteurs makaynach bhalha,positif
هاد السلعة ما زوينش ندمت عليه,negatif
khasara dyal lflouss lproduit mazyanch,negatif
had l'app ordinaire pour le prix m9boul,neutre
هاد التليفون متوسط بزاف,neutre
had tomobil nul o zbel,negatif
t-shirt makaynach bhalha chwiya top bzaf,positif
هاد التليفون ناجح كاعma,positif
hwayj makaynach bhalha ga3ma,positif
had ssiara khedam mzn o mousali,positif
had sbat machi khedam mzyan walakin fait le job,neutre
المحل ما مزيانش و ضعيفة,negatif
هاد التليفون طوب ولكن خايب,neutre
هاد السلعة ندمت عليه ولكن بنين,neutre
السيارة غالي بزاف ولكن ناجح,neutre
هاد السلعة ماشي ندمت عليه عجبني بزاف,positif
البيسي عادي وصافي,neutre
service parfait recommande 100%,positif
had lmahal t9il o mousskha,negatif
hwayj fchel madiwch 3lih,negatif
ضياع الوقت والفلوس السروال خايبة,negatif
lhwayj machi ghali lah i3tikom saha,positif
الكاسك نورمال على قد الثمن,neutre
tilifoun zbel o khayba,negatif
توبة نعاود نشري هاد المحل ثقيل,negatif
السلعة ضعيفة شويية ضياع الوقت والفلوس,negatif
recommande 100% tilifoun makaynach bhalha,positif
had sbat mezian bzaf top bzaf,positif
التليفون خاسر بزآف ما تشريوهش,negatif
matkhasrouch flousscom had ssiara moussekh,negatif
t-shirt machi original perte d'argent,negatif
هاد التليفون ممتاز ولكن ما عجبنيش,neutre
الطوموبيل ماشي غالية كنصح بيه,positif
البيسي ماشي فشل كنصح بيه,positif
tilifoun mzyan chwiya chira2 mzyan,positif
lhwayj zbel never buy this,negatif
had pc ghali bzaf ga3,negatif
lhwayj khaib o makhedamach,negatif
toussil mousali walakin ma3jbnich,neutre
هاد المنتج خدام مزيان شويية خودوه وانتوما هانيين,positif
السيارة ممتاز ولكن عيان,neutre
السروال ما زوينش ولكن غزال,neutre
الطوموبيل ما عجبنيش خسارة الفلوس,negatif
had ssiara parfait vraiment,positif
التليفون مزيانة و زوين,positif
المنتج ماشي ما زوينش خودوه وانتوما هانيين,positif
السلعة عيان ولكن عجباتني,neutre
hwayj wa3er je recommande,positif
had lmakla mezyan chwiya bzaf merci bzaf,positif
هاد المنتج خفيف فعلا,positif
toussil 3jebni,positif
السيارة ماشي خاسرة رائع جدا,positif
الماكينة عيانة ما كايستاهلش,negatif
srioual machi zwine walakin 3adi machi chi haja,neutre
pantalon kaytskhn walakin zwina,neutre
البيسي رائع غير شوية,positif
tipo parfait tellement rabi ikhalikom,positif
الكاسك نقي و طوب,positif
السلعة مقبول ما بيهش,neutre
الصباط ماشي ناقص شراء مميز,positif
ندمت عليه هاد الماكلة غالية,negatif
lproduit 3jebni o waer,positif
tilifoun correct ga3,neutre
casque 3jbni nssa7 bih,positif
had lproduit zbel o mabghitch,negatif
toussil fi lmotawassit pour le prix m9boul,neutre
srioual machi original walakin machi chi haja kbira,neutre
3jebni bzaf dacia mezyan,positif
casque khedam mzn lah i3tikom saha,positif
had pc machi mzyana perte d'argent,negatif
lhwayj fchel chwiya khasara dyal lflouss,negatif
الحوايج ماخداماش ولكن بنين,neutre
had lmahal zween ghi chwiya,positif
t-shirt zwin lah i3tikom saha,positif
casque excellent merci bzaf,positif
had lmahal makaynach bhalha lah i3tikom saha,positif
had l'article wa3er walakin khayba,neutre
السيارة غزالة الله يعطيك الصحة,positif
had lproduit mezian chwiya bzaf,positif
هاد المحل ماشي مزيان ضياع الوقت والفلوس,negatif
هاد التليفون ماشي مزيانة ولكن عادي وصافي,neutre
had tilifoun machi khayb ga3,neutre
الكاسك خايب كاعma ما كايستاهلش,negatif
الخدمة خايب غير شوية,negatif
السلعة مزيانة و زوينة,positif
خسارة الفلوس المنتج غالي بزاف,negatif
madiwch 3lih had ssiara nul,negatif
البيسي واعرة و واعر,positif
hwayj top dial top rabi ikhalikom,positif
hadchi machi 3ayana chira2 mzyan,positif
ضياع الوقت والفلوس هاد التطبيق غالية,negatif
pantalon khayba walakin top,neutre
السروال عادية ماشي شي حاجة كبيرة,neutre
had lproduit decu bezzaf madiwch 3lih,negatif
hadchi 3jebni walakin khayba,neutre
ecouteurs kaytskhn walakin ghzal,neutre
tipo machi sria3 walakin machi chi haja kbira,neutre
had sbat ghalia ga3ma,negatif
هاد المنتج بنينة كنصح بيه,positif
pantalon nul o kaytskhn,negatif
had l'article zwine bzaf bzaf,positif
الماكينة ماشي ما كاينش بحالو ماتضيعوش فلوسكم فيه,negatif
hwayj khaib o khayba,negatif
pc zwin bzaf,positif
التوصيل عادية شوية,neutre
had lmakla horrible bzf,negatif
had sbat 3adia vraiment,neutre
الكاسك ماشي كايعجبني ما كايستاهلش,negatif
lproduit moussekh tellement 3iyane bzaf,negatif
lhwayj machi zwine chouiya,neutre
تستاهل كل خير الماكينة غزال,positif
الطوموبيل ما عجبنيش و ضعيف,negatif
السلعة رائع شوية,positif
الصباط ماشي ما كاينش بحالو ولكن ماشي شي حاجة كبيرة,neutre
شكرا بزاف الطوموبيل سريع,positif
had lmahal makhedamach never buy this,negatif
المحل فشل ولكن ناجح,neutre
التوصيل ماشي بطل ولكن ماشي شي حاجة كبيرة,neutre
خودوه وانتوما هانيين الطوموبيل بنين,positif
السلعة ماشي نقي توبة نعاود نشري,negatif
الكاسك بنينة بزاف كنصح بيه,positif
had tomobil khfif chira2 mzyan,positif
السلعة مزيان رائع جدا,positif
المنتج ماخدامش ديما ما تشريوهش,negatif
المحل ماشي عيان رائع جدا,positif
البيسي ناقصة ولكن غزال بزاف,neutre
pantalon zwine bzaf o ghzal,positif
perte d'argent had sbat mazwinch,negatif
الخدمة زوينة ولكن ثقيلة,neutre
pantalon t9il walakin 3jebni,neutre
ndemte 3lih pantalon ma3jbnich,negatif
البيسي طوب ولكن ما زوينش,neutre
هاد التليفون عجباتني شراء مميز,positif
toussil mezyan o zwine bzaf,positif
pc machi top da3a dial lweqt,negatif
هاد المحل بطل شكرا بزاف,positif
هاد التليفون ماشي موسخة خودوه وانتوما هانيين,positif
الخدمة خايبة بزااف ما تشريوهش,negatif
الكاسك عجبني غير شوية,positif
had tilifoun zwin rabi ikhalikom,positif
المنتج كناصح بيه ولكن موسخة,neutre
هاد التليفون كايتبلوكا ولكن بطل,neutre
hwayj mzyan o makaynach bhalha,positif
السروال حامضة بزاف ما كايستاهلش,negatif
التليفون ماشي ما كاينش بحالو توبة نعاود نشري,negatif
هاد السلعة ما زوينش و موسخة,negatif
ما تشريوهش السيارة ثقيلة,negatif
هاد السلعة كايعجبني شوية عجبني بزاف,positif
had tomobil machi khedam mzyan perte d'argent,negatif
pc na9sa ma3awdch,negatif
المحل عجباتني و عجباتني,positif
هاد الماكلة نقي شوية,positif
had lmahal mazyanch walakin khfif,neutre
السروال موسخة ولكن مزيانة,neutre
السيارة ماشي كناصح بيه توبة نعاود نشري,negatif
livraison machi parfait walakin pour le prix m9boul,neutre
lhwayj zween o mzyan,positif
had l'article machi zbel top bzaf,positif
السيارة عجبني ولكن زبل,neutre
lhwayj na9s chwiya walakin khedam bzaff,neutre
هاد المنتج خايب ما تشريوهش,negatif
الطوموبيل متوسط كاع,neutre
الحوايج كناصح بيه شوية خودوه وانتوما هانيين,positif
السيارة عادية كيقضي الغرض وصافي,neutre
service machi khatir machi chi haja kbira,neutre
هاد الماكلة فشل و ما عجبنيش,negatif
هاد التليفون مزيان شراء مميز,positif
الكاسك عيان و ماخداماش,negatif
هاد المحل زبل ما كايستاهلش,negatif
had lproduit khayb walakin ghzal,neutre
had sbat machi mazyanch je recommande,positif
الماكينة ماشي واعر على قد الثمن,neutre
هاد السلعة غالي بزاف و خايب,negatif
khoudouh wntouma mhaniyin t-shirt 3jbni,positif
هاد التطبيق مزيانة خودوه وانتوما هانيين,positif
casque machi khayb fait le job,neutre
هاد التليفون واعر ولكن ماخداماش,neutre
matkhasrouch flousscom ecouteurs ghalia,negatif
livraison mazwinch chwya da3a dial lweqt,negatif
had lmahal machi waer walakin machi chi haja kbira,neutre
السروال ماشي شي حاجة على قد الثمن,neutre
tilifoun 3adia 3adi machi chi haja,neutre
livraison degoutant walakin parfait,neutre
tilifoun excellent recommande 100%,positif
هاد التليفون ما عجبنيش ولكن غزالة,neutre
الماكينة رائع ولكن موسخة,neutre
السروال ناقصة ولكن كايعجبني,neutre
الخدمة ثقيلة ولكن غزال بزاف,neutre
هاد الماكلة ماشي مزيانة ما تشريوهش,negatif
المحل مقبولة كاعma,neutre
jamais de la vie casque makhedamch,negatif
tilifoun khedam mzn o mlih,positif
السروال كايتبلوكا خسارة الفلوس,negatif
هاد التطبيق ماشي ماخدامش كنصح بيه,positif
الصباط بطل الله يعطيك الصحة,positif
lproduit satisfait o zwine,positif
livraison moussekh perte d'argent,negatif
had tomobil machi na9sa rabi ikhalikom,positif
had lmakla machi bnin matkhasrouch flousscom,negatif
التوصيل ماشي خاسر تستاهل كل خير,positif
had pc bof bzaf,neutre
هاد المنتج ماخداماش غير شوية ندمت عليه,negatif
pantalon khfif walakin t9ila,neutre
lhwayj moyenne pour le prix m9boul,neutre
casque mtwsat fait le travail,neutre
had sbat 3jbatni 3jebni bzaf,positif
هاد السلعة ماشي خدام مزيان خسارة الفلوس,negatif
هاد الماكلة موسخ كاع توبة نعاود نشري,negatif
had ssiara mezian walakin kaytbloqua,neutre
pantalon wa3er o top dial top,positif
service zween chouiya,positif
البيسي عيان ندمت عليه,negatif
الكاسك نورمال عادي وصافي,neutre
خودوه وانتوما هانيين هاد المحل نقي,positif
lproduit khfif top bzaf,positif
had tomobil 3ayan tellement,negatif
هاد الماكلة ماشي غالية شكرا بزاف,positif
التوصيل ضعيف ولكن رائع,neutre
التوصيل مقبول كيقضي الغرض وصافي,neutre
الخدمة ماخدامش بزآف ما كايستاهلش,negatif
livraison decu bzaf,negatif
الخدمة واعر و رائع,positif
recommande 100% hadchi n9i,positif
lproduit mabghitch vraiment,negatif
pantalon magnifique bzf,positif
هاد السلعة سريع رائع جدا,positif
الماكينة ماشي ماخداماش كنصح بيه,positif
ما كايستاهلش السلعة حامض,negatif
الصباط ماشي شي حاجة على قد الجيب,neutre
التليفون موسخة ولكن غزال بزاف,neutre
lproduit ghzal chwiya bzaf,positif
hwayj machi mezian walakin pour le prix ca va,neutre
pc machi original jamais de la vie,negatif
pantalon ghalia bzaf khasara dyal lflouss,negatif
had lmahal makanich 3iyane bzaf,negatif
هاد السلعة ماشي غزال بزاف ولكن عادي وصافي,neutre
ecouteurs mtwsat bzaff,neutre
الطوموبيل زوين ولكن ضعيف,neutre
had lmakla mabghitch bzaf madiwch 3lih,negatif
had l'app mlih chira2 mzyan,positif
الحوايج كايتبلوكا و ما عجبنيش,negatif
الخدمة بنين خودوه وانتوما هانيين,positif
التليفون ناقص شوية ولكن خدام على قد الثمن,neutre
ecouteurs kay9di lghard 3adi machi chi haja,neutre
top bzaf had l'app zwine,positif
الصباط ناقص شوية ولكن خدام بزآف,neutre
السروال ماشي عجبني ولكن كيقضي الغرض وصافي,neutre
الخدمة ناقص ولكن زوين,neutre
المحل خاسرة ولكن عجبني,neutre
had tomobil khfif dima,positif
هاد المنتج ماشي عيانة خودوه وانتوما هانيين,positif
service normal pour le prix ca va,neutre
هاد المحل ناقصة توبة نعاود نشري,negatif
tipo magnifique o khedam mzyan,positif
dacia kaytbloqua o khaib,negatif
ندمت عليه السيارة موسخ,negatif
الطوموبيل غزالة بزاف كنصح بيه,positif
hadchi machi ghali bzaf 3jebni bzaf,positif
التليفون ماشي ثقيل عجبني بزاف,positif
had sbat ghzal chwya nssa7 bih,positif
هاد السلعة عيان شوية ما تشريوهش,negatif
3jebni bzaf service 3jebni,positif
المحل ماشي بنينة ما كايستاهلش,negatif
had lmakla zwin chwiya bzaf khoudouh wntouma mhaniyin,positif
الطوموبيل بطل غير شريوه,positif
شكرا بزاف السلعة غزال بزاف,positif
lproduit machi mezyan walakin pour le prix m9boul,neutre
casque 3jbni walakin kaytskhn,neutre
rabi ikhalikom srioual zwine bzaf,positif
lproduit machi 3jbatni never buy this,negatif
السلعة ماشي سريع ولكن ماشي شي حاجة كبيرة,neutre
had ssiara machi top walakin pour le prix ca va,neutre
ما كايستاهلش البيسي حامض,negatif
الطوموبيل عادية عادي وصافي,neutre
never buy this lhwayj decu,negatif
hwayj mazwinch khasara dyal lflouss,negatif
matkhasrouch flousscom toussil mabghitch,negatif
المنتج بنين غير شريوه,positif
rabi ikhalikom had pc original,positif
الحوايج خفيف و زوين,positif
lproduit magnifique chwiya nssa7 bih,positif
الصباط حامض ما كايستاهلش,negatif
السيارة ماشي زوين بزااف,neutre
هاد السلعة واعر شكرا بزاف,positif
ecouteurs machi excellent walakin pour le prix ca va,neutre
lkhidma ghalia jamais de la vie,negatif
pantalon ghzal walakin na9sa,neutre
الخدمة زبل ما تشريوهش,negatif
ecouteurs machi mezyan da3a dial lweqt,negatif
هاد المحل عيان و ثقيلة,negatif
الكاسك ممتاز فعلا تستاهل كل خير,positif
had tilifoun makanich da3a dial lweqt,negatif
توبة نعاود نشري السلعة عيان,negatif
t-shirt machi original never buy this,negatif
lhwayj original o makaynach bhalha,positif
tilifoun khasr ga3,negatif
lproduit machi satisfait khasara dyal lflouss,negatif
هاد التطبيق خاسرة ولكن عجبني,neutre
الصباط ماشي عجبني خسارة الفلوس,negatif
pantalon pas exceptionnel fait le job,neutre
خسارة الفلوس الصباط عيان,negatif
الطوموبيل ماشي ما زوينش الله يعطيك الصحة,positif
الطوموبيل نورمال على قد الجيب,neutre
الخدمة ناقص شوية ولكن خدام عادي وصافي,neutre
الكاسك ماخدامش ولكن عجبني,neutre
had l'app machi khedam mzyan walakin fait le travail,neutre
التليفون متوسط غير شوية,neutre
هاد الماكلة ماشي رائع ولكن على قد الجيب,neutre
ecouteurs khedam mzn walakin mazyanch,neutre
rabi ikhalikom pantalon 3jbatni,positif
المحل ماشي بنينة ضياع الوقت والفلوس,negatif
t-shirt sans plus fait le travail,neutre
السروال ثقيل ولكن طوب,neutre
toussil machi top dial top walakin 3adi machi chi haja,neutre
3jebni bzaf pc ghzal,positif
السلعة غالي بزاف و خايب,negatif
التليفون ماشي ناجح ماتضيعوش فلوسكم فيه,negatif
had lmakla machi ghzal walakin pour le prix ca va,neutre
had pc machi magnifique walakin pour le prix m9boul,neutre
tilifoun degoutant madiwch 3lih,negatif
pantalon machi bnin walakin fait le travail,neutre
ماتضيعوش فلوسكم فيه هاد السلعة غالي بزاف,negatif
البيسي ماشي رائع ولكن على قد الثمن,neutre
المحل ماشي نقي ما تشريوهش,negatif
هاد السلعة زبل ديما ما تشريوهش,negatif
خسارة الفلوس الخدمة خسارة الفلوس,negatif
الصباط عادي وصافي كاع,neutre
had l'article kay9di lghard machi chi haja kbira,neutre
الماكينة ماشي عيانة رائع جدا,positif
pc khayba walakin excellent,neutre
lkhidma machi khfif walakin fait le job,neutre
المنتج ماشي حامض تستاهل كل خير,positif
غير شريوه الماكينة ناجح,positif
lhwayj zwine bzaf je recommande,positif
ecouteurs top dial top o mezyan,positif
had pc machi khayb chwiya,neutre
had pc mazyanch walakin mezian,neutre
lproduit na9sa ga3,negatif
had tilifoun khasr o na9sa,negatif
had l'app makaynach bhalha top bzaf,positif
هاد المنتج بنينة ديما,positif
البيسي ماشي غالي بزاف تستاهل كل خير,positif
ecouteurs modir,negatif
التوصيل ندمت عليه ندمت عليه,negatif
had tomobil khfif walakin mazwinch,neutre
هاد المحل ماشي عجباتني ما كايستاهلش,negatif
الطوموبيل ناقص شوية ولكن خدام بزاف بزاف,neutre
had lmahal machi wa3er walakin 3adi machi chi haja,neutre
had tilifoun 3jbatni walakin degoutant,neutre
lproduit excellent bezzaf merci bzaf,positif
هاد المحل خسارة الفلوس شويية,negatif
toussil moyenne pour le prix m9boul,neutre
رائع جدا هاد السلعة مزيانة,positif
had lmahal machi 3jbatni jamais de la vie,negatif
matkhasrouch flousscom pantalon zbel,negatif
هاد التليفون ماخداماش و ناقص,negatif
livraison sria3 chwya ghir chriwh,positif
srioual ghalia bzaf ga3 jamais de la vie,negatif
الطوموبيل غزال بزاف و كناصح بيه,positif
البيسي ممتاز ولكن خسارة الفلوس,neutre
المحل خسارة الفلوس و عيانة,negatif
had lmahal machi parfait ma3awdch,negatif
had l'app 3adia machi chi haja kbira,neutre
الصباط نقي غير شوية شراء مميز,positif
المنتج ماشي سريع ولكن على قد الثمن,neutre
had lproduit modir o ghali,negatif
had tomobil machi fchel khoudouh wntouma mhaniyin,positif
هاد التطبيق ماشي ماخداماش الله يعطيك الصحة,positif
had tilifoun 3jbatni nssa7 bih,positif
الصباط نورمال ماشي شي حاجة كبيرة,neutre
toussil khasr walakin mzyana,neutre
had lmakla nul bzaf,negatif
ما تشريوهش التليفون ما عجبنيش,negatif
هاد السلعة ناجح عجبني بزاف,positif
tipo machi satisfait never buy this,negatif
casque moussekh o mazwinch,negatif
السيارة ماشي khayb ديما,neutre
الكاسك عجباتني و ممتاز,positif
never buy this tipo horrible,negatif
هاد المحل موسخ توبة نعاود نشري,negatif
had lproduit d3ifa 3iyane bzaf,negatif
هاد المحل مزيانة كاع الله يعطيك الصحة,positif
السروال سريع شويية,positif
الطوموبيل ماشي khayb على قد الثمن,neutre
التوصيل خدام مزيان بزآف,positif
هاد المحل ماشي بنينة توبة نعاود نشري,negatif
hadchi zwina walakin khasr,neutre
livraison top chwiya,positif
هاد السلعة واعر عجبني بزاف,positif
الحوايج ماشي نقي توبة نعاود نشري,negatif
الكاسك ماشي واعر على قد الثمن,neutre
التوصيل عجباتني و بنينة,positif
هاد الماكلة نورمال عادي وصافي,neutre
had lproduit machi bnin walakin fait le travail,neutre
lproduit machi satisfait jamais de la vie,negatif
هاد السلعة غزال بزاف خودوه وانتوما هانيين,positif
الخدمة عيان و ماخداماش,negatif
المنتج ما مزيانش و فشل,negatif
had ssiara khfif ga3 lah i3tikom saha,positif
السيارة ضعيفة ندمت عليه,negatif
هاد الماكلة ما مزيانش و خسارة الفلوس,negatif
had l'article machi mlih ma3awdch,negatif
الطوموبيل عيانة ما تشريوهش,negatif
tilifoun mousskha walakin mezyan,neutre
السلعة زوينة شوية غير شريوه,positif
hwayj khayba 3iyane bzaf,negatif
البيسي واعر عجبني بزاف,positif
hadchi original lah i3tikom saha,positif
هاد السلعة غالية خسارة الفلوس,negatif
المنتج عادية فعلا,neutre
السروال على قد الحال شوية,neutre
lkhidma 3jbatni chira2 mzyan,positif
lkhidma ghzal dima,positif
hwayj 3la 9d lhal pour le prix ca va,neutre
hadchi bnin walakin 3ayana,neutre
السلعة عادي على قد الثمن,neutre
had ssiara 3la 9d lhal fait le job,neutre
هاد المنتج ماشي واعرة ولكن عادي وصافي,neutre
المحل ماخداماش توبة نعاود نشري,negatif
dacia machi chi haja machi chi haja kbira,neutre
had l'article acceptable pour le prix m9boul,neutre
التليفون فشل و حامضة,negatif
الخدمة موسخ ولكن خدام مزيان,neutre
السروال واعر و خدام مزيان,positif
hadchi khayba o moussekh,negatif
التليفون زوينة و عجبني,positif
التوصيل ناقص شوية ولكن خدام كاعma,neutre
lkhidma sria3 je recommande,positif
had lmahal makhedamach chouiya,negatif
tilifoun zwin tellement chira2 mzyan,positif
هاد الماكلة كيقضي الغرض فعلا,neutre
هاد المنتج غالية كاع ما كايستاهلش,negatif
never buy this srioual na9sa,negatif
خسارة الفلوس هاد المحل ما عجبنيش,negatif
t-shirt 3jbatni bzaff je recommande,positif
dacia machi khatir ga3,neutre
الخدمة ماشي واعرة ولكن ماشي شي حاجة كبيرة,neutre
tipo moussekh o khayba,negatif
التوصيل على قد الحال شوية,neutre
الصباط زوين بزاف رائع جدا,positif
غير شريوه السيارة بطل,positif
had l'app mousali nssa7 bih,positif
ما تشريوهش الصباط عيانة,negatif
التليفون كناصح بيه شوية الله يعطيك الصحة,positif
السروال كيقضي الغرض بزاف,neutre
السيارة ناقص شوية ولكن خدام على قد الجيب,neutre
تستاهل كل خير الكاسك رائع,positif
هاد المحل بنين شويية خودوه وانتوما هانيين,positif
شراء مميز الكاسك بنين,positif
التوصيل فشل بزااف,negatif
الطوموبيل خايب خسارة الفلوس,negatif
pc zbel tellement,negatif
المحل ضعيف ولكن زوين,neutre
had lmakla excellent o khedam mzn,positif
هاد السلعة ماشي خسارة الفلوس خودوه وانتوما هانيين,positif
هاد التليفون ماخداماش كاع,negatif
had ssiara ghzal walakin nul,neutre
الكاسك زبل بزااف,negatif
كنصح بيه المنتج مزيان,positif
هاد التليفون ماشي khayb شوية,neutre
هاد التطبيق مزيانة و طوب,positif
tipo machi mazwinch top bzaf,positif
هاد السلعة ماشي عجباتني ندمت عليه,negatif
service decu walakin zwine,neutre
الخدمة ندمت عليه ما تشريوهش,negatif
had sbat n9i bzaaf,positif
t-shirt machi magnifique madiwch 3lih,negatif
الصباط ماشي رائع ندمت عليه,negatif
pc khfif ghi chwiya rabi ikhalikom,positif
madiwch 3lih had sbat ghali bzaf,negatif
hwayj na9s chwiya walakin khedam ghi chwiya,neutre
الماكينة ناقصة ضياع الوقت والفلوس,negatif
المنتج عجباتني و مزيان,positif
الطوموبيل ما كاينش بحالو بزاف,positif
had pc satisfait top bzaf,positif
ضياع الوقت والفلوس المنتج ثقيلة,negatif
t-shirt d3ifa o kaytskhn,negatif
هاد السلعة كايعجبني غير شريوه,positif
التليفون ماشي ضعيفة شراء مميز,positif
السروال ماشي ناقصة كنصح بيه,positif
tilifoun machi 3jbni walakin fait le travail,neutre
هاد المنتج فشل بزااف,negatif
الطوموبيل عجبني ولكن كايتبلوكا,neutre
البيسي نقي و واعرة,positif
هاد السلعة ناجح و ممتاز,positif
ecouteurs original o n9i,positif
الكاسك ماشي فشل رائع جدا,positif
الماكينة عجبني ولكن ثقيل,neutre
رائع جدا المحل زوينة,positif
hadchi ghzal bezzaf ghir chriwh,positif
tilifoun acceptable pour le prix ca va,neutre
had l'article ghalia chouiya never buy this,negatif
الطوموبيل ثقيلة ولكن زوين,neutre
الصباط ممتاز ولكن غالي بزاف,neutre
pc mzyana dima,positif
lhwayj machi khaser chira2 mzyan,positif
had l'article machi khfif da3a dial lweqt,negatif
had pc machi mzyana da3a dial lweqt,negatif
هاد الماكلة نورمال ماشي شي حاجة كبيرة,neutre
السيارة واعر ولكن موسخة,neutre
شراء مميز هاد المحل ما كاينش بحالو,positif
livraison 3jbatni chira2 mzyan,positif
had l'article machi ghalia 3jebni bzaf,positif
شراء مميز التليفون كناصح بيه,positif
chira2 mzyan tilifoun mezian,positif
المحل عادي وصافي على قد الجيب,neutre
الحوايج ثقيل ندمت عليه,negatif
srioual khedam mzyan tellement rabi ikhalikom,positif
had l'app machi bnin walakin fait le travail,neutre
had ssiara khaib chouiya,negatif
المحل عادي وصافي كيقضي الغرض وصافي,neutre
هاد المحل كيقضي الغرض ماشي شي حاجة كبيرة,neutre
had sbat top dial top o zween,positif
toussil mezyan tellement,positif
هاد الماكلة واعرة و ناجح,positif
pc mousskha never buy this,negatif
ضياع الوقت والفلوس المحل ناقص,negatif
had sbat degoutant bezzaf,negatif
lkhidma 3ayana ga3ma never buy this,negatif
srioual pas exceptionnel bzf,neutre
lhwayj ghalia dima,negatif
t-shirt zwina o zwina,positif
هاد المحل خفيف عجبني بزاف,positif
التليفون عادي وصافي بزااف,neutre
hwayj khayba ghi chwiya madiwch 3lih,negatif
pc degoutant tellement,negatif
perte d'argent tipo khaser,negatif
dacia nul chwiya,negatif
التوصيل نقي فعلا,positif
التوصيل مزيان ولكن غالي,neutre
الخدمة ماشي ما كاينش بحالو ضياع الوقت والفلوس,negatif
had ssiara t9ila bzaff,negatif
had sbat moussekh walakin zwina,neutre
هاد التطبيق ماشي واعر ولكن عادي وصافي,neutre
هاد المنتج مقبول كيقضي الغرض وصافي,neutre
hadchi machi chi haja pour le prix m9boul,neutre
هاد الماكلة ماشي بطل ندمت عليه,negatif
هاد التطبيق عادية شويية,neutre
الحوايج ماشي حامض شراء مميز,positif
tilifoun zbel ma3awdch,negatif
had ssiara sans plus 3adi machi chi haja,neutre
الكاسك عجبني شويية تستاهل كل خير,positif
had ssiara 3jebni ga3ma top bzaf,positif
lhwayj moyenne bzaaf,neutre
had tomobil mlih vraiment merci bzaf,positif
السيارة بنين ولكن ما عجبنيش,neutre
الحوايج بنينة,positif
had lmahal makhedamch chwiya bzaf perte d'argent,negatif
dacia machi khayb,neutre
tipo khaser khasara dyal lflouss,negatif
التوصيل ممتاز رائع جدا,positif
dacia khasr chwiya bzaf khasara dyal lflouss,negatif
ماتضيعوش فلوسكم فيه البيسي موسخ,negatif
الحوايج مزيان بزااف,positif
هاد التطبيق عجبني عجبني بزاف,positif
hadchi horrible bzaf,negatif
البيسي عيان غير شوية,negatif
الطوموبيل كايتبلوكا و ثقيلة,negatif
ecouteurs mousali walakin horrible,neutre
هاد السلعة ماشي شي حاجة بزآف,neutre
had ssiara na9s chwiya walakin khedam bzaaf,neutre
هاد المنتج زوينة بزاف بزاف,positif
ماتضيعوش فلوسكم فيه الخدمة خاسرة,negatif
هاد الماكلة كايعجبني ولكن ثقيلة,neutre
هاد المحل واعرة و ممتاز,positif
ecouteurs degoutant o 3ayana,negatif
الكاسك غالي بزاف ولكن كايعجبني,neutre
tilifoun mzyana o bnin,positif
الكاسك ماشي غزالة ماتضيعوش فلوسكم فيه,negatif
pc machi mlih walakin machi chi haja kbira,neutre
hadchi khedam mzyan bzaf nssa7 bih,positif
هاد المنتج خدام مزيان كاعma,positif
had l'article decu bzaf,negatif
had lproduit d3if o mousskha,negatif
هاد السلعة ماشي بطل ولكن على قد الجيب,neutre
السروال ناقصة ولكن ممتاز,neutre
ماتضيعوش فلوسكم فيه السلعة غالي,negatif
الصباط بطل شراء مميز,positif
t-shirt zween o magnifique,positif
المحل ما عجبنيش ضياع الوقت والفلوس,negatif
الخدمة عجبني بزآف,positif
ma3awdch had ssiara khayb,negatif
had sbat kay9di lghard bezzaf,neutre
الطوموبيل ثقيلة غير شوية,negatif
had ssiara mzyan dima top bzaf,positif
التوصيل بطل ولكن ناقصة,neutre
had sbat horrible jamais de la vie,negatif
الكاسك غزال ولكن فشل,neutre
الحوايج غزالة ولكن ضعيف,neutre
chira2 mzyan had lproduit zwin,positif
had l'app sria3 vraiment nssa7 bih,positif
casque machi khayb bzaf,neutre
livraison machi bnin walakin fait le travail,neutre
التليفون ناقص شوية ولكن خدام كاعma,neutre
perte d'argent had l'article khasra,negatif
غير شريوه التليفون رائع,positif
tipo machi ghzal walakin 3adi machi chi haja,neutre
البيسي عادي كاعma,neutre
had l'article mezyan o excellent,positif
had lmahal machi magnifique walakin pour le prix ca va,neutre
tilifoun acceptable machi chi haja kbira,neutre
ecouteurs machi parfait walakin 3adi machi chi haja,neutre
tilifoun na9sa ghi chwiya jamais de la vie,negatif
ecouteurs zwine o top,positif
had lmahal modir bzaaf never buy this,negatif
had lproduit kay9di lghard ga3,neutre
الخدمة ماشي عجبني ندمت عليه,negatif
lkhidma top ga3 merci bzaf,positif
had l'app magnifique o khfif,positif
السروال ماشي حامضة شراء مميز,positif
هاد التليفون ما مزيانش ماتضيعوش فلوسكم فيه,negatif
الطوموبيل نورمال كاعma,neutre
هاد السلعة ماشي ما عجبنيش عجبني بزاف,positif
الصباط زوينة بزاف بزاف الله يعطيك الصحة,positif
hadchi mabghitch bzaf,negatif
الحوايج ماشي غزال ولكن عادي وصافي,neutre
هاد التليفون خسارة الفلوس ولكن سريع,neutre
casque zwine chwiya 3jebni bzaf,positif
had lmakla wa3er bzf khoudouh wntouma mhaniyin,positif
هاد التليفون خسارة الفلوس ولكن بنينة,neutre
had l'article horrible o mousskha,negatif
الخدمة خايب و موسخ,negatif
الصباط رائع ولكن فشل,neutre
السلعة ناقص شوية ولكن خدام شوية,neutre
t-shirt machi degoutant je recommande,positif
service khayba o ghalia bzaf,negatif
الخدمة ممتاز و طوب,positif
الصباط بنين تستاهل كل خير,positif
ندمت عليه التوصيل ماخدامش,negatif
رائع جدا هاد المنتج بطل,positif
هاد التطبيق ماشي غزال بزاف ولكن كيقضي الغرض وصافي,neutre
had lmakla horrible o kaytskhn,negatif
هاد المحل ماشي واعرة ولكن كيقضي الغرض وصافي,neutre
الخدمة خاسر كاع ضياع الوقت والفلوس,negatif
السيارة مزيانة شوية شكرا بزاف,positif
الكاسك بطل ولكن حامضة,neutre
chira2 mzyan had sbat top dial top,positif
ما تشريوهش هاد المنتج ندمت عليه,negatif
had lmakla ghali ghi chwiya jamais de la vie,negatif
service mezian o zwin,positif
الكاسك بنين ولكن ماخدامش,neutre
tilifoun 3jebni o zwina,positif
الطوموبيل ماشي عجباتني ولكن كيقضي الغرض وصافي,neutre
الطوموبيل سريع شوية,positif
هاد السلعة متوسط ما بيهش,neutre
هاد المنتج ماشي شي حاجة ما بيهش,neutre
dacia mlih chwiya rabi ikhalikom,positif
ضياع الوقت والفلوس السلعة ناقصة,negatif
هاد التليفون طوب الله يعطيك الصحة,positif
had sbat correct pour le prix ca va,neutre
التوصيل زوين شويية,positif
had lmakla machi zwine walakin fait le travail,neutre
khasara dyal lflouss had ssiara fchel,negatif
السيارة ماشي خدام مزيان توبة نعاود نشري,negatif
srioual 3jbatni bzaaf,positif
tilifoun magnifique walakin ghalia bzaf,neutre
had pc modir walakin sria3,neutre
الحوايج ممتاز و ناجح,positif
هاد السلعة ناقص ولكن مزيان,neutre
شراء مميز السيارة بطل,positif
السيارة بنينة ولكن موسخ,neutre
had lmahal zwina o khedam mzyan,positif
casque ma3jbnich never buy this,negatif
had ssiara zwin chwya rabi ikhalikom,positif
tilifoun ghali walakin mousali,neutre
srioual machi moussekh chira2 mzyan,positif
التوصيل واعر ولكن عيان,neutre
hadchi nul da3a dial lweqt,negatif
توبة نعاود نشري السيارة عيانة,negatif
hwayj mazwinch bezzaf jamais de la vie,negatif
had pc zbel chwiya,negatif
هاد التليفون زوينة ولكن ماخدامش,neutre
dacia machi khatir machi chi haja kbira,neutre
السلعة غزال شراء مميز,positif
السيارة واعر فعلا,positif
ما كايستاهلش السيارة فشل,negatif
dacia t9il walakin mezyan,neutre
top bzaf lkhidma n9i,positif
هاد الماكلة عجبني و زوين,positif
هاد التليفون بنينة كاع الله يعطيك الصحة,positif
الماكينة ماشي حامضة شراء مميز,positif
هاد الماكلة بنين بزآف خودوه وانتوما هانيين,positif
hwayj zwina ghi chwiya khoudouh wntouma mhaniyin,positif
had lmahal machi mzyan da3a dial lweqt,negatif
tilifoun machi zwina walakin fait le job,neutre
توبة نعاود نشري الحوايج زبل,negatif
السروال مقبولة فعلا,neutre
hwayj na9sa walakin original,neutre
السيارة ناجح كنصح بيه,positif
lproduit 3jbatni o original,positif
التوصيل ماخداماش و خايب,negatif
casque n9i chouiya merci bzaf,positif
had lmakla 3jbni bzaff,positif
الحوايج عيانة بزاف ضياع الوقت والفلوس,negatif
هاد المنتج ثقيل بزاف,negatif
lproduit machi zween da3a dial lweqt,negatif
had tomobil khasr walakin zwine,neutre
hwayj parfait chwya,positif
had tilifoun sans plus pour le prix m9boul,neutre
never buy this had pc modir,negatif
التليفون عادية بزاف,neutre
lhwayj machi 3ayana chira2 mzyan,positif
had sbat na9sa matkhasrouch flousscom,negatif
السيارة ماشي خدام مزيان ولكن عادي وصافي,neutre
ecouteurs ghalia chwiya 3iyane bzaf,negatif
had l'article 3jebni o zwine,positif
التليفون غالي بزاف توبة نعاود نشري,negatif
had lmakla makhedamch walakin mzyan,neutre
dacia machi top perte d'argent,negatif
السلعة ماشي واعر فعلا,neutre
الكاسك ماشي خايب رائع جدا,positif
madiwch 3lih lhwayj modir,negatif
hadchi mazwinch da3a dial lweqt,negatif
lkhidma d3if chwya,negatif
المنتج ما زوينش كاع,negatif
had sbat ma3jbnich o na9sa,negatif
tilifoun wa3er rabi ikhalikom,positif
lproduit ma3jbnich o decu,negatif
merci bzaf pantalon n9i,positif
lkhidma t9ila bezzaf ndemte 3lih,negatif
jamais de la vie livraison 3ayan,negatif
had lmakla 3la 9d lhal fait le travail,neutre
ecouteurs 3jbni walakin mazyanch,neutre
خسارة الفلوس السلعة خايب,negatif
pc makhedamach matkhasrouch flousscom,negatif
هاد التليفون ماشي ثقيلة غير شريوه,positif
شكرا بزاف هاد السلعة غزالة,positif
service machi ghzal walakin fait le job,neutre
شراء مميز هاد السلعة ممتاز,positif
الصباط ماشي رائع ولكن ماشي شي حاجة كبيرة,neutre
المحل عجباتني تستاهل كل خير,positif
matkhasrouch flousscom srioual ghalia,negatif
هاد الماكلة غزال فعلا شكرا بزاف,positif
الخدمة متوسط بزااف,neutre
chira2 mzyan tilifoun 3jbni,positif
البيسي عيان شويية,negatif
ecouteurs khaser walakin mzyana,neutre
had pc n9i bzf,positif
hwayj khedam mzn bzf chira2 mzyan,positif
هاد التليفون ماشي مزيانة ولكن ماشي شي حاجة كبيرة,neutre
tilifoun d3ifa o zbel,negatif
toussil khaser bzaaf,negatif
dacia original walakin decu,neutre
hadchi khaib walakin 3jebni,neutre
lhwayj ghali vraiment ndemte 3lih,negatif
المنتج كايعجبني رائع جدا,positif
السلعة ماشي خدام مزيان ولكن على قد الجيب,neutre
هاد المنتج خايبة ولكن خدام مزيان,neutre
ما تشريوهش هاد التليفون ناقص,negatif
had tomobil 3jbni o mzyana,positif
pantalon magnifique o bnin,positif
السلعة غزالة رائع جدا,positif
الماكينة ماشي زوين ما بيهش,neutre
srioual khedam mzn walakin d3if,neutre
الصباط ماشي زوينة ولكن كيقضي الغرض وصافي,neutre
khasara dyal lflouss ecouteurs khasr,negatif
ecouteurs 3adia bzaaf,neutre
هاد المحل مزيان ولكن خسارة الفلوس,neutre
الكاسك خايب ضياع الوقت والفلوس,negatif
الخدمة كناصح بيه كاع,positif
المنتج ماشي مزيان توبة نعاود نشري,negatif
lproduit khayb walakin mezian,neutre
الطوموبيل ضعيف ولكن نقي,neutre
المحل خدام مزيان بزاف شراء مميز,positif
هاد الماكلة ماشي غزالة ماتضيعوش فلوسكم فيه,negatif
الصباط طوب ولكن عيان,neutre
tipo zbel walakin top dial top,neutre
had lmahal makanich walakin mzyan,neutre
الكاسك ماخداماش و حامضة,negatif
الحوايج ماشي غزالة ولكن على قد الجيب,neutre
hadchi zwine o zwina,positif
had lmahal sria3 o mzyan,positif
الحوايج بنين و بطل,positif
had tomobil mabghitch o zbel,negatif
chira2 mzyan lhwayj mousali,positif
casque machi horrible recommande 100%,positif
الطوموبيل ماشي غالي خودوه وانتوما هانيين,positif
pantalon normal pour le prix m9boul,neutre
pantalon zwine bzaf walakin ghali,neutre
السلعة زوين شويية,positif
had ssiara machi zween walakin fait le job,neutre
الكاسك رائع تستاهل كل خير,positif
الماكينة خسارة الفلوس و ماخداماش,negatif
had lmakla ghzal lah i3tikom saha,positif
هاد المنتج عجبني بزاف شراء مميز,positif
pc na9s ma3awdch,negatif
غير شريوه السروال عجبني,positif
had tomobil mlih o parfait,positif
هاد التليفون كايتبلوكا ولكن خدام مزيان,neutre
had l'article kaytskhn ghi chwiya jamais de la vie,negatif
الماكينة ممتاز ولكن غالي بزاف,neutre
الكاسك ماشي ما عجبنيش الله يعطيك الصحة,positif
had tilifoun decu chwya,negatif
الطوموبيل عيان بزاف بزاف,negatif
هاد التطبيق ماشي khayb بزااف,neutre
الحوايج ماشي خفيف ولكن عادي وصافي,neutre
tipo ghali da3a dial lweqt,negatif
lproduit mezian o khedam mzyan,positif
tipo machi 3jbatni 3iyane bzaf,negatif
هاد المنتج موسخة فعلا ماتضيعوش فلوسكم فيه,negatif
كنصح بيه الحوايج عجبني,positif
هاد المحل ناقص و حامض,negatif
ecouteurs machi khayb ga3ma,neutre
had lmakla mzyan o khfif,positif
السروال ناقصة ما كايستاهلش,negatif
عجبني بزاف هاد السلعة واعر,positif
had ssiara 3jbatni bzf,positif
التليفون عيان فعلا ضياع الوقت والفلوس,negatif
هاد التطبيق ما كاينش بحالو فعلا,positif
هاد المحل ماشي ناجح ماتضيعوش فلوسكم فيه,negatif
had pc 3ayan o ma3jbnich,negatif
lah i3tikom saha had l'app 3jbni,positif
هاد التطبيق خفيف ولكن موسخة,neutre
الكاسك زبل ولكن كايعجبني,neutre
السروال عادي على قد الثمن,neutre
livraison machi mazwinch nssa7 bih,positif
البيسي خاسرة ولكن عجبني,neutre
livraison makaynach bhalha bzaf khoudouh wntouma mhaniyin,positif
الحوايج رائع و طوب,positif
merci bzaf had sbat 3jbatni,positif
الخدمة ماشي ضعيفة شراء مميز,positif
غير شريوه هاد المحل غزالة,positif
هاد السلعة موسخة و غالي,negatif
had l'app khfif chira2 mzyan,positif
الصباط ما كاينش بحالو ولكن ثقيل,neutre
had lmakla machi chi haja pour le prix m9boul,neutre
السيارة ماشي زوين على قد الجيب,neutre
خسارة الفلوس الخدمة غالي بزاف,negatif
الطوموبيل ماشي خسارة الفلوس الله يعطيك الصحة,positif
السلعة ثقيلة و فشل,negatif
هاد التليفون نقي شراء مميز,positif
hadchi zwine bzaf ghir chriwh,positif
had sbat 3jbatni ghi chwiya ghir chriwh,positif
المنتج كناصح بيه ولكن ضعيفة,neutre
jamais de la vie had lmahal mazwinch,negatif
الصباط خسارة الفلوس ضياع الوقت والفلوس,negatif
هاد المنتج ماشي khayb عادي وصافي,neutre
had lproduit machi top dial top ndemte 3lih,negatif
المحل على قد الحال بزاف,neutre
dacia wa3er walakin mazyanch,neutre
السيارة عيانة و غالي بزاف,negatif
هاد السلعة ما مزيانش بزااف ما كايستاهلش,negatif
service mabghitch o t9il,negatif
pc machi decu top bzaf,positif
casque waer chira2 mzyan,positif
الماكينة ضعيف و غالية,negatif
الكاسك ماشي عجبني ما تشريوهش,negatif
t-shirt khaser dima da3a dial lweqt,negatif
service fchel o horrible,negatif
ضياع الوقت والفلوس السروال ثقيل,negatif
tilifoun khedam mzyan top bzaf,positif
had l'article ghalia bzaf chwiya bzaf never buy this,negatif
hwayj zwine o khedam mzyan,positif
matkhasrouch flousscom livraison d3ifa,negatif
الصباط غزال بزاف شوية,positif
هاد التليفون كايعجبني بزاف,positif
الماكينة غزال بزاف شوية,positif
شراء مميز المنتج نقي,positif
الحوايج ماشي زوين ولكن عادي وصافي,neutre
هاد التليفون موسخ و خاسر,negatif
had l'app khedam mzn o khedam mzyan,positif
الطوموبيل خدام مزيان و كايعجبني,positif
المنتج خدام مزيان و غزال بزاف,positif
had tomobil sria3 dima,positif
dacia original chouiya,positif
كنصح بيه هاد السلعة كايعجبني,positif
had lmakla machi satisfait walakin pour le prix m9boul,neutre
هاد التطبيق خايبة ولكن ما كاينش بحالو,neutre
البيسي مزيانة شويية,positif
البيسي واعر,positif
dacia mzyan o top dial top,positif
lkhidma machi 3ayana ghir chriwh,positif
srioual machi parfait perte d'argent,negatif
ma3awdch toussil zbel,negatif
service mousali walakin na9sa,neutre
had lmakla mabghitch 3iyane bzaf,negatif
lkhidma machi sria3 ma3awdch,negatif
lproduit makaynach bhalha o 3jbatni,positif
khasara dyal lflouss lkhidma ghalia bzaf,negatif
المنتج ماشي زوينة ولكن كيقضي الغرض وصافي,neutre
الماكينة غزال و طوب,positif
الحوايج ماشي غزالة ماتضيعوش فلوسكم فيه,negatif
ما كايستاهلش السلعة ناقص,negatif
الصباط بنين كاع,positif
had lmahal acceptable 3adi machi chi haja,neutre
tipo ghalia bzaf walakin mzyana,neutre
ma3awdch had ssiara t9ila,negatif
هاد التطبيق ثقيلة ولكن غزالة,neutre
الحوايج عجباتني كاعma,positif
lhwayj 3ayan jamais de la vie,negatif
had ssiara d3if o ghalia bzaf,negatif
هاد التطبيق بطل بزااف شراء مميز,positif
toussil 3adi,neutre
هاد المحل ماشي موسخ غير شريوه,positif
الكاسك ما كاينش بحالو و بطل,positif
التوصيل موسخة ولكن ناجح,neutre
lhwayj ghali bzaf ga3ma ma3awdch,negatif
had ssiara machi n9i walakin fait le travail,neutre
srioual khedam mzn o 3jebni,positif
البيسي ماشي رائع ولكن ما بيهش,neutre
الطوموبيل مزيان خودوه وانتوما هانيين,positif
service machi mezyan ndemte 3lih,negatif
had l'app 3la 9d lhal dima,neutre
الحوايج ماخداماش و زبل,negatif
srioual wa3er merci bzaf,positif
السلعة موسخ و زبل,negatif
dacia machi makaynach bhalha walakin fait le job,neutre
المنتج عادية غير شوية,neutre
الصباط ناقص شوية ولكن خدام بزااف,neutre
lah i3tikom saha had lmahal makaynach bhalha,positif
السلعة ماشي واعرة ولكن على قد الجيب,neutre
هاد الماكلة عيانة و فشل,negatif
التليفون موسخة ولكن نقي,neutre
had pc top dial top chwiya,positif
casque machi khayb 3jebni bzaf,positif
هاد التطبيق ماشي عيانة شكرا بزاف,positif
had pc khasr bzaaf,negatif
التليفون خايبة كاع,negatif
had lmakla zwine bzaf ga3,positif
هاد المحل رائع بزآف تستاهل كل خير,positif
عجبني بزاف المنتج طوب,positif
البيسي عجبني ولكن ما عجبنيش,neutre
casque acceptable fait le travail,neutre
srioual machi mousali walakin fait le travail,neutre
t-shirt moussekh ga3ma jamais de la vie,negatif
lhwayj mousskha never buy this,negatif
lkhidma na9sa walakin wa3er,neutre
ما كايستاهلش السلعة ماخداماش,negatif
الماكينة ماشي واعر بزآف,neutre
السيارة ناجح كاع,positif
tipo fi lmotawassit pour le prix ca va,neutre
السروال ماشي ثقيلة رائع جدا,positif
had l'app mazwinch ga3,negatif
ndemte 3lih had sbat nul,negatif
lkhidma top ghir chriwh,positif
هاد المنتج ضعيفة و خايبة,negatif
madiwch 3lih had lproduit ma3jbnich,negatif
هاد المحل عجباتني رائع جدا,positif
الطوموبيل على قد الحال كيقضي الغرض وصافي,neutre
التوصيل غزال كاع الله يعطيك الصحة,positif
had tomobil makhedamch ga3 3iyane bzaf,negatif
service khasr bzaff,negatif
ecouteurs khasr walakin mzyana,neutre
dacia moyen chouiya,neutre
هاد المحل ماشي واعر توبة نعاود نشري,negatif
pantalon wa3er khoudouh wntouma mhaniyin,positif
dacia fchel vraiment,negatif
had tomobil ghzal ghi chwiya,positif
3jebni bzaf livraison mzyan,positif
lproduit magnifique o khedam mzn,positif
t-shirt khaib ghi chwiya matkhasrouch flousscom,negatif
الماكينة نورمال عادي وصافي,neutre
السلعة ماخداماش غير شوية ندمت عليه,negatif
التوصيل ماشي سريع ندمت عليه,negatif
lproduit mousali o 3jbatni,positif
t-shirt zwine bzaf chouiya,positif
ecouteurs n9i ghir chriwh,positif
الطوموبيل ناجح و بنين,positif
dacia mezyan walakin khasra,neutre
toussil parfait bzaff top bzaf,positif
lhwayj makanich chwiya bzaf jamais de la vie,negatif
had ssiara machi modir lah i3tikom saha,positif
dacia ordinaire machi chi haja kbira,neutre
madiwch 3lih had sbat zbel,negatif
الصباط بنينة تستاهل كل خير,positif
perte d'argent livraison makhedamch,negatif
pantalon horrible never buy this,negatif
الماكينة ماشي ثقيلة الله يعطيك الصحة,positif
had pc ghalia bzaf madiwch 3lih,negatif
ضياع الوقت والفلوس المحل ما عجبنيش,negatif
service moussekh madiwch 3lih,negatif
الحوايج حامضة كاعma ما كايستاهلش,negatif
had l'app khedam mzn walakin decu,neutre
ماتضيعوش فلوسكم فيه الماكينة عيان,negatif
pantalon sans plus fait le job,neutre
tilifoun makhedamch ndemte 3lih,negatif
had lmakla zwine bzaf walakin mazwinch,neutre
المنتج رائع عجبني بزاف,positif
هاد الماكلة واعرة ولكن ضعيفة,neutre
hwayj mlih bezzaf merci bzaf,positif
had l'article machi satisfait walakin fait le job,neutre
had lproduit machi khedam mzyan perte d'argent,negatif
lproduit ghali bzaf da3a dial lweqt,negatif
had tomobil mlih vraiment,positif
هاد الماكلة خسارة الفلوس ولكن ناجح,neutre
الحوايج عادية على قد الثمن,neutre
الخدمة ماخدامش ولكن غزالة,neutre
التوصيل خايبة ما تشريوهش,negatif
pc horrible ma3awdch,negatif
rabi ikhalikom had lmakla mousali,positif
pc zwine bzaf chira2 mzyan,positif
الكاسك نورمال ما بيهش,neutre
التليفون ثقيل خسارة الفلوس,negatif
ecouteurs kay9di lghard chwiya bzaf,neutre
casque khaser walakin wa3er,neutre
هاد المحل نقي عجبني بزاف,positif
had ssiara zbel tellement,negatif
dacia 3jbatni ga3ma,positif
هاد السلعة ناقصة و ما زوينش,negatif
had lmakla machi n9i walakin 3adi machi chi haja,neutre
هاد المنتج ماشي خاسر تستاهل كل خير,positif
البيسي خدام مزيان ولكن ما زوينش,neutre
هاد التطبيق ماشي غزالة ولكن ما بيهش,neutre
khoudouh wntouma mhaniyin t-shirt mousali,positif
khoudouh wntouma mhaniyin srioual makaynach bhalha,positif
الخدمة ماشي ناجح ما كايستاهلش,negatif
hadchi zween dima,positif
هاد المنتج موسخ توبة نعاود نشري,negatif
top bzaf t-shirt zwine bzaf,positif
هاد المحل ما مزيانش و ما عجبنيش,negatif
الحوايج ماشي كايعجبني توبة نعاود نشري,negatif
هاد التليفون ماشي كايتبلوكا شراء مميز,positif
hadchi machi mzyana da3a dial lweqt,negatif
السروال ناقصة خسارة الفلوس,negatif
had pc machi zbel je recommande,positif
service top vraiment,positif
hwayj machi 3jbatni walakin pour le prix m9boul,neutre
hwayj khedam mzyan chira2 mzyan,positif
had lproduit khayba o mabghitch,negatif
had lproduit satisfait o wa3er,positif
الماكينة ماشي زوينة ولكن كيقضي الغرض وصافي,neutre
madiwch 3lih pc khasra,negatif
البيسي موسخة ولكن سريع,neutre
السلعة عادية عادي وصافي,neutre
lkhidma ghalia bzaf dima,negatif
السلعة سريع و ناجح,positif
toussil machi d3if rabi ikhalikom,positif
merci bzaf livraison excellent,positif
had ssiara correct pour le prix ca va,neutre
lhwayj khedam mzyan walakin 3ayana,neutre
lproduit makhedamach ghi chwiya ma3awdch,negatif
المحل خاسر و حامضة,negatif
livraison mzyana recommande 100%,positif
srioual machi khatir vraiment,neutre
ما تشريوهش هاد المنتج حامض,negatif
service machi mzyana walakin fait le travail,neutre
ندمت عليه التوصيل موسخ,negatif
lhwayj sans plus chouiya,neutre
t-shirt kaytbloqua 3iyane bzaf,negatif
هاد السلعة خاسر ما كايستاهلش,negatif
السروال كايتبلوكا و ماخدامش,negatif
ecouteurs khedam mzyan je recommande,positif
tipo top bzaf,positif
المنتج ماشي ثقيلة شراء مميز,positif
هاد التليفون مزيان ولكن موسخ,neutre
الخدمة ماشي ما كاينش بحالو ولكن ما بيهش,neutre
ضياع الوقت والفلوس السلعة غالي بزاف,negatif
perte d'argent dacia moussekh,negatif
tipo khayba o degoutant,negatif
livraison makhedamch ndemte 3lih,negatif
hadchi magnifique bzf nssa7 bih,positif
السيارة ماشي عيانة كنصح بيه,positif
had l'app magnifique o zwine bzaf,positif
السروال حامض ولكن واعر,neutre
الكاسك فشل و خايبة,negatif
هاد المحل حامض و موسخ,negatif
lhwayj mezyan chwiya bzaf lah i3tikom saha,positif
المنتج مزيان غير شوية تستاهل كل خير,positif
ecouteurs mazyanch vraiment matkhasrouch flousscom,negatif
هاد التطبيق ماشي شي حاجة ما بيهش,neutre
الخدمة بنينة ديما خودوه وانتوما هانيين,positif
service 3jbatni walakin 3ayan,neutre
السروال ما كاينش بحالو ولكن ضعيفة,neutre
lproduit degoutant ghi chwiya,negatif
الكاسك سريع بزاف بزاف عجبني بزاف,positif
hadchi mazwinch bzaff,negatif
had l'app kaytbloqua dima,negatif
perte d'argent lhwayj mabghitch,negatif
had lmakla khaser vraiment 3iyane bzaf,negatif
هاد التليفون ماشي زوين ولكن ما بيهش,neutre
toussil t9ila chwiya,negatif
المحل ضعيف كاع,negatif
hadchi machi ghalia 3jebni bzaf,positif
had lproduit 3jbatni ga3 ghir chriwh,positif
top bzaf pantalon 3jebni,positif
livraison t9il walakin magnifique,neutre
المحل ماخدامش ولكن كناصح بيه,neutre
الحوايج ماشي غزال بزاف ندمت عليه,negatif
hadchi decu walakin 3jbatni,neutre
srioual mezian recommande 100%,positif
هاد المنتج ثقيلة و خايب,negatif
المنتج غالي ولكن زوينة,neutre
توبة نعاود نشري المنتج خاسرة,negatif
هاد السلعة ما مزيانش شويية,negatif
هاد السلعة ضعيف كاع ما تشريوهش,negatif
srioual degoutant bzaaf ma3awdch,negatif
pantalon ma3jbnich ma3awdch,negatif
التوصيل ماشي رائع ولكن عادي وصافي,neutre
هاد التطبيق ناقص توبة نعاود نشري,negatif
pc khasr ga3ma da3a dial lweqt,negatif
dacia 3la 9d lhal fait le travail,neutre
pantalon khayb walakin zwine,neutre
top bzaf dacia bnin,positif
service fi lmotawassit bzaff,neutre
hadchi satisfait o zween,positif
الماكينة حامض ولكن واعر,neutre
خسارة الفلوس الصباط ثقيلة,negatif
t-shirt mezyan recommande 100%,positif
المنتج ماشي مزيانة توبة نعاود نشري,negatif
had lproduit machi waer walakin 3adi machi chi haja,neutre
الكاسك غالي بزاف غير شوية ماتضيعوش فلوسكم فيه,negatif
هاد السلعة زبل,negatif
الطوموبيل غالي ولكن واعر,neutre
هاد التليفون سريع ديما,positif
t-shirt ghzal chira2 mzyan,positif
had ssiara khasr o mazwinch,negatif
هاد المحل ناجح خودوه وانتوما هانيين,positif
هاد المنتج ناقص فعلا ضياع الوقت والفلوس,negatif
السلعة زبل كاع ماتضيعوش فلوسكم فيه,negatif
الطوموبيل كناصح بيه ولكن خايب,neutre
pantalon machi mzyana madiwch 3lih,negatif
الكاسك ناقص بزآف ماتضيعوش فلوسكم فيه,negatif
ecouteurs moyen pour le prix m9boul,neutre
lproduit 3adia fait le travail,neutre
tipo machi ghzal madiwch 3lih,negatif
الخدمة ماشي واعر ولكن على قد الثمن,neutre
التوصيل خسارة الفلوس و غالية,negatif
هاد السلعة حامضة ولكن طوب,neutre
ecouteurs machi chi haja fait le travail,neutre
had tilifoun khasra walakin bnin,neutre
المحل غالية غير شوية,negatif
had ssiara khasra o fchel,negatif
had sbat magnifique vraiment,positif
خسارة الفلوس السلعة ثقيلة,negatif
هاد التطبيق موسخة ولكن طوب,neutre
ecouteurs 3jbni je recommande,positif
البيسي ندمت عليه غير شوية,negatif
khasara dyal lflouss had lmakla mazyanch,negatif
toussil machi zwine bzaf walakin fait le job,neutre
had tomobil top dial top rabi ikhalikom,positif
هاد الماكلة زوين الله يعطيك الصحة,positif
المنتج كناصح بيه كاع,positif
الكاسك عادي وصافي بزاف بزاف,neutre
had tomobil 3jbni vraiment,positif
had sbat machi zwine bzaf never buy this,negatif
da3a dial lweqt had sbat makhedamch,negatif
had l'app machi zwine 3adi machi chi haja,neutre
service mazyanch o khayb,negatif
srioual moyen 3adi machi chi haja,neutre
pantalon 3adia ghi chwiya,neutre
t-shirt machi parfait walakin fait le job,neutre
pantalon d3if bezzaf da3a dial lweqt,negatif
lhwayj machi zwin khasara dyal lflouss,negatif
pc mazwinch walakin makaynach bhalha,neutre
t-shirt ghalia ma3awdch,negatif
الكاسك ضعيف و كايتبلوكا,negatif
had l'article degoutant walakin 3jbni,neutre
المنتج واعرة و ناجح,positif
السروال خفيف و رائع,positif
had tilifoun makaynach bhalha 3jebni bzaf,positif
je recommande had l'article khfif,positif
المنتج خاسرة ما كايستاهلش,negatif
t-shirt khaser da3a dial lweqt,negatif
tilifoun mazwinch perte d'argent,negatif
ما كايستاهلش هاد المنتج ندمت عليه,negatif
الماكينة ماشي ما كاينش بحالو خسارة الفلوس,negatif
had ssiara machi d3ifa khoudouh wntouma mhaniyin,positif
هاد السلعة ماشي khayb ماشي شي حاجة كبيرة,neutre
السيارة عادي وصافي ما بيهش,neutre
هاد الماكلة ماشي واعر ماتضيعوش فلوسكم فيه,negatif
ecouteurs machi khatir ga3,neutre
هاد التليفون ناقصة ما كايستاهلش,negatif
toussil makhedamch ga3ma ndemte 3lih,negatif
chira2 mzyan had tomobil mezian,positif
هاد المحل مزيانة كنصح بيه,positif
lhwayj sria3 vraiment ghir chriwh,positif
هاد الماكلة ماشي khayb بزاف بزاف,neutre
t-shirt zwin merci bzaf,positif
هاد التطبيق ضعيفة,negatif
هاد السلعة ماشي زوين فعلا,neutre
المنتج كناصح بيه عجبني بزاف,positif
had lproduit moyen fait le travail,neutre
had ssiara 3adi machi chi haja kbira,neutre
ghir chriwh tipo magnifique,positif
had pc sria3 o 3jbatni,positif
السيارة ثقيلة بزآف خسارة الفلوس,negatif
livraison machi nul ghir chriwh,positif
tipo khasr 3iyane bzaf,negatif
هاد المحل طوب فعلا خودوه وانتوما هانيين,positif
الكاسك ضعيف و خسارة الفلوس,negatif
had lmakla waer dima,positif
had pc magnifique tellement,positif
السيارة ثقيلة و غالي,negatif
الكاسك ممتاز و رائع,positif
livraison khaser madiwch 3lih,negatif
lproduit machi chi haja,neutre
تستاهل كل خير السيارة غزال,positif
الخدمة نورمال كيقضي الغرض وصافي,neutre
tipo ma3jbnich matkhasrouch flousscom,negatif
pc machi makaynach bhalha walakin fait le travail,neutre
tipo machi zween da3a dial lweqt,negatif
الخدمة زوين بزااف,positif
الصباط ناقص شوية ولكن خدام على قد الثمن,neutre
had lmahal mlih walakin kaytskhn,neutre
recommande 100% pc zwine bzaf,positif
ما تشريوهش هاد الماكلة زبل,negatif
السيارة طوب شوية غير شريوه,positif
had lmakla d3ifa dima,negatif
service makhedamch ga3,negatif
dacia zween ghi chwiya,positif
lhwayj zwina o makaynach bhalha,positif
هاد السلعة كناصح بيه و مزيان,positif
hadchi mazyanch walakin mzyana,neutre
service na9s chwiya walakin khedam dima,neutre
الصباط ماشي ناقص الله يعطيك الصحة,positif
srioual machi na9s nssa7 bih,positif
خودوه وانتوما هانيين الكاسك بنينة,positif
srioual d3if bezzaf,negatif
had lmahal 3adi machi chi haja kbira,neutre
hadchi ghalia bzaf o mabghitch,negatif
ecouteurs zbel walakin 3jbni,neutre
hwayj kaytskhn o kaytbloqua,negatif
التوصيل خايبة كاع,negatif
الله يعطيك الصحة هاد الماكلة واعر,positif
الكاسك واعر ولكن غالية,neutre
المنتج ماشي شي حاجة غير شوية,neutre
التوصيل خفيف الله يعطيك الصحة,positif
service khayba chwya,negatif
had sbat mtwsat ghi chwiya,neutre
السروال ما زوينش ولكن مزيانة,neutre
had ssiara 3jebni chwiya,positif
السيارة ماشي ممتاز ما تشريوهش,negatif
الخدمة بطل ولكن كايتبلوكا,neutre
الماكينة عجبني بزآف خودوه وانتوما هانيين,positif
المنتج ماشي خايبة غير شريوه,positif
had ssiara t9ila o ghalia,negatif
هاد التليفون ما زوينش ديما,negatif
never buy this t-shirt khaib,negatif
livraison kaytskhn ga3ma ma3awdch,negatif
pantalon 3jebni o mzyana,positif
السلعة غزال بزاف,positif
المنتج ماشي خدام مزيان ولكن ماشي شي حاجة كبيرة,neutre
هاد السلعة بطل ولكن ناقصة,neutre
الماكينة غزالة و ناجح,positif
top bzaf pantalon zwina,positif
السيارة خفيف بزآف,positif
هاد التطبيق عادية بزاف,neutre
عجبني بزاف الخدمة بطل,positif
tipo zwine o zwine,positif
الكاسك موسخ ماتضيعوش فلوسكم فيه,negatif
toussil machi top dial top ndemte 3lih,negatif
ندمت عليه هاد المحل خايب,negatif
المنتج ماشي عجباتني ولكن ماشي شي حاجة كبيرة,neutre
had lmahal satisfait chwiya bzaf nssa7 bih,positif
srioual decu ndemte 3lih,negatif
ma3awdch pc na9s,negatif
هاد المنتج مزيان شوية شكرا بزاف,positif
الكاسك متوسطة على قد الثمن,neutre
lproduit machi na9sa je recommande,positif
السلعة ماشي كناصح بيه خسارة الفلوس,negatif
had lmakla na9s chwiya walakin khedam chwya,neutre
هاد التليفون بنينة ولكن حامض,neutre
tipo wa3er bezzaf nssa7 bih,positif
الكاسك على قد الحال شوية,neutre
ecouteurs machi makaynach bhalha walakin machi chi haja kbira,neutre
المنتج متوسط ما بيهش,neutre
had l'article ghali tellement,negatif
service ghalia vraiment,negatif
هاد التليفون ماشي ما عجبنيش شراء مميز,positif
هاد الماكلة ماشي خاسر الله يعطيك الصحة,positif
هاد التطبيق ماشي زوين كاع,neutre
had l'article moyenne machi chi haja kbira,neutre
tilifoun khaib chouiya,negatif
had lmahal machi khayb bzaff,neutre
hadchi parfait chwya top bzaf,positif
had sbat machi 3jbatni jamais de la vie,negatif
التليفون ثقيل توبة نعاود نشري,negatif
هاد المنتج عادية على قد الثمن,neutre
هاد السلعة خايبة ما كايستاهلش,negatif
التوصيل بنين و مزيان,positif
التليفون غالي كاع,negatif
service d3if khasara dyal lflouss,negatif
had ssiara ma3jbnich da3a dial lweqt,negatif
هاد المنتج بطل ولكن ما زوينش,neutre
هاد المحل ممتاز و خفيف,positif
3jebni bzaf had lmakla khedam mzn,positif
هاد السلعة ماشي مزيانة ولكن ما بيهش,neutre
hadchi machi zbel ghir chriwh,positif
hwayj moussekh walakin zween,neutre
هاد الماكلة ماشي غزال بزاف ولكن ماشي شي حاجة كبيرة,neutre
lhwayj 3adi machi chi haja kbira,neutre
ندمت عليه الماكينة موسخ,negatif
lhwayj mzyana bzf rabi ikhalikom,positif
الطوموبيل خاسرة و عيان,negatif
هاد المحل زوين و ناجح,positif
الماكينة كيقضي الغرض شوية,neutre
lproduit bof chwiya,neutre
الله يعطيك الصحة هاد السلعة ممتاز,positif
التوصيل مزيانة شويية غير شريوه,positif
الكاسك ماشي بنين توبة نعاود نشري,negatif
had l'article mousskha walakin sria3,neutre
الكاسك زوينة و طوب,positif
had lmahal zween bzaaf,positif
ghir chriwh pantalon top dial top,positif
had lmahal machi d3if lah i3tikom saha,positif
المنتج ماشي بطل خسارة الفلوس,negatif
السروال حامضة و خسارة الفلوس,negatif
service 3jbatni chira2 mzyan,positif
هاد المحل ماشي غزال ولكن على قد الجيب,neutre
livraison mzyan merci bzaf,positif
هاد المنتج غالي ولكن خدام مزيان,neutre
المنتج عادي كاع,neutre
الحوايج زبل ولكن غزال,neutre
ما كايستاهلش هاد التليفون موسخ,negatif
had lproduit wa3er,positif
lproduit 3jebni 3jebni bzaf,positif
ecouteurs makaynach bhalha o makaynach bhalha,positif
lkhidma machi ma3jbnich recommande 100%,positif
هاد المنتج خدام مزيان بزاف شراء مميز,positif
شكرا بزاف هاد التطبيق كايعجبني,positif
toussil 3ayana chwya,negatif
livraison zwine bzaf walakin mazwinch,neutre
السيارة ماشي حامض شكرا بزاف,positif
casque 3la 9d lhal 3adi machi chi haja,neutre
hwayj mousskha vraiment perte d'argent,negatif
toussil horrible walakin satisfait,neutre
ecouteurs degoutant walakin top dial top,neutre
التوصيل نقي الله يعطيك الصحة,positif
tilifoun khayb walakin top,neutre
التوصيل ماخدامش بزاف,negatif
had pc d3ifa o khayb,negatif
had lproduit moussekh jamais de la vie,negatif
had l'app khasr,negatif
الماكينة خدام مزيان و بنينة,positif
هاد التطبيق خاسر ولكن غزالة,neutre
had tomobil original recommande 100%,positif
had tomobil top recommande 100%,positif
هاد التليفون ما زوينش بزااف,negatif
lkhidma waer o excellent,positif
ندمت عليه البيسي ندمت عليه,negatif
البيسي مقبول غير شوية,neutre
البيسي ما كاينش بحالو خودوه وانتوما هانيين,positif
casque machi mezian walakin pour le prix ca va,neutre
srioual waer nssa7 bih,positif
الصباط خاسر ما تشريوهش,negatif
السروال على قد الحال,neutre
الطوموبيل خايبة كاع,negatif
had tomobil khaib walakin khedam mzn,neutre
السروال ماخداماش ولكن ما كاينش بحالو,neutre
الخدمة ثقيلة خسارة الفلوس,negatif
srioual machi nul khoudouh wntouma mhaniyin,positif
lah i3tikom saha had tomobil n9i,positif
هاد السلعة ماخدامش ندمت عليه,negatif
perte d'argent lhwayj khaib,negatif
had lmahal mezian o 3jbatni,positif
هاد التطبيق عجباتني و مزيانة,positif
هاد المنتج مزيانة ولكن غالي بزاف,neutre
service 3la 9d lhal pour le prix m9boul,neutre
هاد السلعة واعرة ولكن ناقصة,neutre
الكاسك كيقضي الغرض كيقضي الغرض وصافي,neutre
التوصيل ماشي طوب ماتضيعوش فلوسكم فيه,negatif
ندمت عليه هاد السلعة زبل,negatif
الكاسك على قد الحال كاعma,neutre
tipo machi top dial top never buy this,negatif
toussil machi zwin walakin 3adi machi chi haja,neutre
had ssiara bnin chouiya,positif
هاد التليفون ندمت عليه ندمت عليه,negatif
السيارة خفيف شكرا بزاف,positif
3jebni bzaf t-shirt mousali,positif
lhwayj ma3jbnich khasara dyal lflouss,negatif
الكاسك حامضة ولكن بنينة,neutre
هاد التطبيق زوين شراء مميز,positif
had lmahal 3jbni dima lah i3tikom saha,positif
المحل ناقص شوية ولكن خدام بزآف,neutre
غير شريوه الكاسك ما كاينش بحالو,positif
tipo kaytskhn jamais de la vie,negatif
had lmahal 3ayana o fchel,negatif
الكاسك ماشي شي حاجة بزاف,neutre
tilifoun khedam mzn tellement,positif
هاد السلعة ما كاينش بحالو و واعر,positif
had tomobil top dial top lah i3tikom saha,positif
المحل ماشي موسخ شراء مميز,positif
الخدمة ما كاينش بحالو كاعma شكرا بزاف,positif
casque khasr bzaaf 3iyane bzaf,negatif
الطوموبيل ناقص شوية ولكن خدام ماشي شي حاجة كبيرة,neutre
had lmahal khedam mzyan o top,positif
had lproduit machi waer matkhasrouch flousscom,negatif
الطوموبيل غزال بزاف غير شريوه,positif
srioual original recommande 100%,positif
dacia machi mezyan walakin pour le prix m9boul,neutre
toussil mousskha walakin 3jbatni,neutre
المحل كيقضي الغرض كيقضي الغرض وصافي,neutre
هاد المحل عادية ما بيهش,neutre
هاد المنتج ماشي ما كاينش بحالو توبة نعاود نشري,negatif
had lmahal machi khayb tellement,neutre
had tilifoun machi mousali perte d'argent,negatif
srioual pas exceptionnel vraiment,neutre
had pc excellent bezzaf,positif
hwayj bnin o parfait,positif
had tilifoun sria3 o mezian,positif
الطوموبيل ماشي كناصح بيه ولكن ماشي شي حاجة كبيرة,neutre
الخدمة ماشي كناصح بيه ولكن على قد الجيب,neutre
هاد التطبيق عادي شويية,neutre
البيسي ماشي طوب ولكن على قد الجيب,neutre
tilifoun machi na9s 3jebni bzaf,positif
الكاسك غزال بزاف ولكن خاسرة,neutre
التليفون خدام مزيان فعلا,positif
had l'article mabghitch bzf,negatif
السيارة ما زوينش و غالي,negatif
الكاسك عادية على قد الثمن,neutre
casque mlih bzf,positif
الحوايج خايبة كاعma,negatif
matkhasrouch flousscom tipo moussekh,negatif
chira2 mzyan had pc khedam mzyan,positif
الماكينة غالي ولكن واعرة,neutre
lkhidma machi top walakin fait le travail,neutre
tipo makhedamach walakin wa3er,neutre
توبة نعاود نشري السيارة ضعيف,negatif
had ssiara moyenne ga3,neutre
الطوموبيل ماشي خفيف ولكن كيقضي الغرض وصافي,neutre
الماكينة عيان غير شوية,negatif
had tilifoun khfif walakin 3ayan,neutre
هاد السلعة خسارة الفلوس و خايبة,negatif
هاد التليفون زبل بزاف بزاف,negatif
هاد المحل عجبني كاع,positif
pantalon top dial top je recommande,positif
كنصح بيه السيارة زوين,positif
توبة نعاود نشري السلعة ما مزيانش,negatif
srioual machi wa3er ndemte 3lih,negatif
المحل ناقصة كاعma,negatif
هاد التطبيق غزال ولكن ماخدامش,neutre
pc makaynach bhalha dima khoudouh wntouma mhaniyin,positif
هاد السلعة خاسرة فعلا,negatif
هاد السلعة ماشي شي حاجة كاع,neutre
التليفون غزال غير شوية تستاهل كل خير,positif
casque d3ifa o khayb,negatif
هاد التليفون عجباتني بزاف غير شريوه,positif
هاد الماكلة خفيف بزاف بزاف,positif
التليفون ماشي بطل ولكن عادي وصافي,neutre
ما كايستاهلش هاد الماكلة ما عجبنيش,negatif
الماكينة متوسطة على قد الجيب,neutre
had l'app machi parfait ndemte 3lih,negatif
هاد السلعة خفيف و بنين,positif
هاد المنتج مقبولة كيقضي الغرض وصافي,neutre
had sbat na9sa chwiya bzaf,negatif
lproduit bnin bzaf,positif
ecouteurs d3if o kaytbloqua,negatif
casque top walakin mazyanch,neutre
هاد التليفون ماشي سريع ماتضيعوش فلوسكم فيه,negatif
had sbat waer o n9i,positif
التليفون ما كاينش بحالو و واعرة,positif
غير شريوه هاد التليفون خفيف,positif
الطوموبيل ماخداماش و خسارة الفلوس,negatif
had sbat machi sria3 walakin fait le job,neutre
had lmakla na9s chwiya walakin khedam chwiya bzaf,neutre
الحوايج خاسرة كاع,negatif
الكاسك موسخة بزااف توبة نعاود نشري,negatif
البيسي نورمال ما بيهش,neutre
pc mezyan o mzyan,positif
pc fi lmotawassit fait le travail,neutre
كنصح بيه السيارة خفيف,positif
hwayj machi fchel 3jebni bzaf,positif
3iyane bzaf had sbat t9ila,negatif
lkhidma khaib chouiya,negatif
هاد التليفون ماشي واعر ولكن على قد الجيب,neutre
السيارة موسخ ولكن ناجح,neutre
هاد المحل عجباتني كنصح بيه,positif
البيسي بنين خودوه وانتوما هانيين,positif
lproduit mazyanch o na9s,negatif
هاد السلعة عجباتني و غزال,positif
recommande 100% had l'app n9i,positif
المنتج نقي ولكن ماخدامش,neutre
المنتج ناقص شوية ولكن خدام على قد الثمن,neutre
lhwayj ghalia bzaf vraiment never buy this,negatif
هاد التطبيق خفيف ولكن غالية,neutre
never buy this hadchi d3ifa,negatif
ندمت عليه الماكينة ما زوينش,negatif
التليفون بطل بزآف عجبني بزاف,positif
pc mlih chwiya,positif
هاد التطبيق ماشي بنينة ولكن ماشي شي حاجة كبيرة,neutre
pc machi satisfait jamais de la vie,negatif
ضياع الوقت والفلوس الصباط فشل,negatif
هاد السلعة زبل ولكن عجبني,neutre
المحل سريع خودوه وانتوما هانيين,positif
t-shirt zwina ghir chriwh,positif
lkhidma machi mezyan da3a dial lweqt,negatif
lhwayj satisfait tellement,positif
lkhidma machi 3jbni matkhasrouch flousscom,negatif
السيارة غزال شويية رائع جدا,positif
الطوموبيل طوب ولكن ناقصة,neutre
lproduit khaser chwya madiwch 3lih,negatif
الماكينة ما مزيانش و خاسرة,negatif
التليفون ضعيف ولكن طوب,neutre
المحل ناقصة ولكن ما كاينش بحالو,neutre
السروال خفيف ولكن ضعيفة,neutre
البيسي متوسط شوية,neutre
الحوايج عيانة ولكن زوين,neutre
lhwayj mzyan walakin d3if,neutre
had pc ghalia bzaf 3iyane bzaf,negatif
السيارة واعرة ولكن موسخ,neutre
pantalon ghalia bzaf perte d'argent,negatif
الطوموبيل ماشي خفيف ولكن عادي وصافي,neutre
هاد المحل زوين و بنينة,positif
had l'article satisfait chouiya lah i3tikom saha,positif
had lmahal machi horrible merci bzaf,positif
الكاسك طوب خودوه وانتوما هانيين,positif
pc horrible bzaaf,negatif
هاد المنتج ناقص و ما عجبنيش,negatif
tilifoun 3jebni 3jebni bzaf,positif
هاد الماكلة ماشي واعر,neutre
tilifoun makaynach bhalha bezzaf,positif
had tomobil khasra walakin bnin,neutre
الصباط كناصح بيه شويية تستاهل كل خير,positif
التوصيل حامضة ما كايستاهلش,negatif
lproduit nul o ghalia bzaf,negatif
livraison parfait ghir chriwh,positif
السروال غالي بزاف ولكن غزال,neutre
المنتج ناجح كاعma شكرا بزاف,positif
الطوموبيل بنينة ولكن موسخ,neutre
هاد المنتج غزال غير شوية الله يعطيك الصحة,positif
service sria3 walakin moussekh,neutre
toussil machi zwina walakin machi chi haja kbira,neutre
srioual ghalia bzaf walakin 3jbni,neutre
شكرا بزاف السروال بنين,positif
pc 3adia pour le prix ca va,neutre
الصباط خايبة ولكن سريع,neutre
casque fi lmotawassit vraiment,neutre
dacia makhedamch ga3ma,negatif
dacia machi wa3er perte d'argent,negatif
had lmakla bnin ghir chriwh,positif
الماكينة عيانة بزاف,negatif
البيسي خاسر ولكن طوب,neutre
pc correct fait le travail,neutre
الحوايج ندمت عليه شويية,negatif
srioual mtwsat machi chi haja kbira,neutre
had l'article kay9di lghard fait le job,neutre
had tomobil khedam mzyan bzaaf merci bzaf,positif
lproduit machi khatir fait le job,neutre
pantalon 3ayan o horrible,negatif
الخدمة ممتاز ديما,positif
tipo ghali bzaf o mazyanch,negatif
المنتج ناقص ما تشريوهش,negatif
dacia na9s chwiya walakin khedam ghi chwiya,neutre
had ssiara excellent o n9i,positif
srioual mezian bzaaf,positif
السلعة مزيانة ولكن ضعيف,neutre
هاد المنتج غالية ندمت عليه,negatif
nssa7 bih hadchi zwine,positif
تستاهل كل خير الماكينة واعرة,positif
الطوموبيل خدام مزيان ولكن ضعيفة,neutre
الكاسك غالي ولكن غزال,neutre
هاد الماكلة عجبني شويية,positif
ecouteurs zwin lah i3tikom saha,positif
casque na9s chwiya walakin khedam ghi chwiya,neutre
je recommande dacia wa3er,positif
الخدمة خايبة بزااف ندمت عليه,negatif
had pc machi ghali 3jebni bzaf,positif
المنتج موسخ بزااف,negatif
tilifoun machi ma3jbnich merci bzaf,positif
هاد الماكلة ضعيف ولكن زوين,neutre
السلعة عادي بزااف,neutre
t-shirt mzyan o mzyana,positif
الصباط مزيان و مزيانة,positif
lhwayj machi satisfait jamais de la vie,negatif
هاد التليفون عيان و عيان,negatif
السيارة زوين بزاف بزاف خودوه وانتوما هانيين,positif
had tilifoun sans plus machi chi haja kbira,neutre
had lproduit wa3er chira2 mzyan,positif
هاد التليفون زوينة رائع جدا,positif
casque kaytskhn bzaff da3a dial lweqt,negatif
pc moyen chwya,neutre
الطوموبيل ماشي كايعجبني توبة نعاود نشري,negatif
had sbat moussekh bzf ndemte 3lih,negatif
السلعة نقي ولكن حامض,neutre
المحل ماشي عجباتني ماتضيعوش فلوسكم فيه,negatif
الطوموبيل حامضة ولكن زوينة,neutre
الماكينة مزيانة ولكن حامض,neutre
السلعة رائع ولكن حامض,neutre
هاد الماكلة ثقيل و ناقص,negatif
هاد التليفون خاسرة و خايبة,negatif
الحوايج ماشي فشل الله يعطيك الصحة,positif
had sbat machi satisfait walakin machi chi haja kbira,neutre
had pc mousali chwiya bzaf,positif
lproduit machi top dial top walakin fait le job,neutre
السيارة ماشي خسارة الفلوس رائع جدا,positif
الله يعطيك الصحة الخدمة ما كاينش بحالو,positif
hadchi mazyanch chwiya ma3awdch,negatif
pc machi chi haja machi chi haja kbira,neutre
srioual normal pour le prix ca va,neutre
had pc nul 3iyane bzaf,negatif
service 3jbni je recommande,positif
lproduit moyenne pour le prix ca va,neutre
da3a dial lweqt had lmakla 3ayan,negatif
had l'app makanich chwya,negatif
lkhidma zwine walakin mazwinch,neutre
هاد التطبيق ماشي فشل الله يعطيك الصحة,positif
had tomobil moyenne vraiment,neutre
عجبني بزاف السلعة خدام مزيان,positif
dacia 3jbni,positif
هاد السلعة خاسر ولكن ما كاينش بحالو,neutre
never buy this casque ghalia bzaf,negatif
المنتج ما مزيانش و ما مزيانش,negatif
had sbat ghzal ga3ma,positif
خودوه وانتوما هانيين المنتج عجباتني,positif
had tilifoun kaytbloqua o 3ayan,negatif
الخدمة حامض ولكن غزالة,neutre
lhwayj moyenne fait le travail,neutre
الخدمة حامض ولكن سريع,neutre
هاد المحل كناصح بيه شوية,positif
had ssiara kay9di lghard chwiya,neutre
ندمت عليه الطوموبيل حامض,negatif
السروال ماشي زبل الله يعطيك الصحة,positif
lproduit khfif je recommande,positif
هاد التطبيق حامض و ندمت عليه,negatif
السيارة ماشي موسخ رائع جدا,positif
toussil kaytbloqua dima,negatif
livraison machi khayb machi chi haja kbira,neutre
had l'app 3adi 3adi machi chi haja,neutre
هاد التليفون خاسر ولكن مزيانة,neutre
هاد التليفون غزال غير شوية كنصح بيه,positif
السروال ماشي ناجح توبة نعاود نشري,negatif
t-shirt khasr walakin 3jebni,neutre
t-shirt mabghitch ma3awdch,negatif
الحوايج ماخداماش و حامض,negatif
السلعة خسارة الفلوس خسارة الفلوس,negatif
ما تشريوهش هاد المحل ما مزيانش,negatif
3iyane bzaf tilifoun nul,negatif
هاد الماكلة غالية شوية,negatif
ndemte 3lih had lmakla modir,negatif
dacia machi khedam mzn walakin pour le prix m9boul,neutre
الخدمة حامضة بزااف ما تشريوهش,negatif
hwayj mousali o n9i,positif
الصباط ما زوينش بزآف ماتضيعوش فلوسكم فيه,negatif
المحل ناقص شوية ولكن خدام على قد الجيب,neutre
ecouteurs modir walakin khfif,neutre
pantalon d3ifa o horrible,negatif
pantalon satisfait walakin kaytskhn,neutre
الطوموبيل زوينة و واعر,positif
ضياع الوقت والفلوس البيسي خايبة,negatif
هاد السلعة ماشي واعر ما كايستاهلش,negatif
تستاهل كل خير السروال مزيانة,positif
had lproduit khedam mzyan o mlih,positif
هاد التليفون ما زوينش ولكن واعر,neutre
recommande 100% dacia n9i,positif
الحوايج بنين بزااف خودوه وانتوما هانيين,positif
had lmahal mezyan o 3jebni,positif
tilifoun khaser walakin parfait,neutre
البيسي خايب شوية ندمت عليه,negatif
البيسي ناقصة شويية ما كايستاهلش,negatif
التوصيل نورمال ديما,neutre
had tilifoun zwine top bzaf,positif
had lmakla machi makaynach bhalha walakin fait le travail,neutre
السلعة ماشي khayb عادي وصافي,neutre
هاد التطبيق ناجح شوية,positif
الكاسك كايتبلوكا بزآف,negatif
had pc degoutant bezzaf,negatif
srioual 3ayana walakin mezian,neutre
خسارة الفلوس السلعة غالي بزاف,negatif
الماكينة واعر ولكن ثقيل,neutre
الحوايج ماشي زوين ماشي شي حاجة كبيرة,neutre
lkhidma excellent recommande 100%,positif
عجبني بزاف التليفون غزالة,positif
البيسي ثقيلة خسارة الفلوس,negatif
الحوايج كايتبلوكا ولكن مزيانة,neutre
البيسي ماشي مزيان توبة نعاود نشري,negatif
lproduit machi mazwinch chira2 mzyan,positif
التوصيل غزال تستاهل كل خير,positif
lkhidma bnin chira2 mzyan,positif
service khaib tellement ma3awdch,negatif
had lmahal parfait walakin makanich,neutre
had l'app khaser madiwch 3lih,negatif
السروال كايتبلوكا ولكن ما كاينش بحالو,neutre
had pc machi original walakin pour le prix ca va,neutre
المحل خاسرة ولكن زوينة,neutre
هاد المنتج ناجح بزااف,positif
هاد التليفون غالي بزاف ما تشريوهش,negatif
هاد المنتج غزال ولكن ثقيل,neutre
الطوموبيل ما كاينش بحالو و نقي,positif
الماكينة واعر و بنينة,positif
had tilifoun makanich bzaf 3iyane bzaf,negatif
هاد المنتج بطل غير شريوه,positif
هاد السلعة عجباتني ولكن عيان,neutre
هاد التطبيق نقي خودوه وانتوما هانيين,positif
lhwayj machi na9s chira2 mzyan,positif
casque khedam mzyan merci bzaf,positif
الحوايج كناصح بيه خودوه وانتوما هانيين,positif
هاد التليفون ما كاينش بحالو عجبني بزاف,positif
service bnin 3jebni bzaf,positif
had pc bnin chira2 mzyan,positif
هاد الماكلة موسخة ضياع الوقت والفلوس,negatif
الحوايج عيانة بزااف,negatif
had sbat khaser bzaaf,negatif
lkhidma sans plus bzaf,neutre
خسارة الفلوس السيارة خاسرة,negatif
chira2 mzyan lhwayj 3jbni,positif
الحوايج ماشي عجبني ندمت عليه,negatif
البيسي ندمت عليه كاعma,negatif
dacia sans plus,neutre
ecouteurs khedam mzn walakin khasra,neutre
lkhidma machi sria3 walakin fait le job,neutre
nssa7 bih lkhidma mzyan,positif
هاد السلعة زوينة و غزالة,positif
السروال ماشي زوين ولكن كيقضي الغرض وصافي,neutre
hwayj horrible 3iyane bzaf,negatif
had tomobil 3adia ga3ma,neutre
had lmahal ordinaire ga3,neutre
الله يعطيك الصحة هاد السلعة ناجح,positif
pc machi fchel nssa7 bih,positif
had tilifoun ghalia bzaf jamais de la vie,negatif
التليفون ناقص بزااف,negatif
السروال خدام مزيان و غزال,positif
الطوموبيل مزيان عجبني بزاف,positif
tilifoun khaser chwiya,negatif
السيارة ماشي طوب ماتضيعوش فلوسكم فيه,negatif
t-shirt mousali bzaff ghir chriwh,positif
هاد المحل حامض ديما,negatif
had l'article kay9di lghard chwiya,neutre
هاد المحل ما عجبنيش ولكن خدام مزيان,neutre
التليفون واعرة غير شوية شكرا بزاف,positif
chira2 mzyan had l'app bnin,positif
هاد المحل فشل شوية توبة نعاود نشري,negatif
التوصيل ما مزيانش ضياع الوقت والفلوس,negatif
had lmahal wa3er bezzaf 3jebni bzaf,positif
lhwayj 3ayan chwiya,negatif
السيارة غزال و نقي,positif
هاد المنتج ماخدامش بزااف ماتضيعوش فلوسكم فيه,negatif
had ssiara makhedamach ga3 madiwch 3lih,negatif
المنتج نقي بزاف بزاف,positif
الحوايج عادي ما بيهش,neutre
هاد السلعة عجبني عجبني بزاف,positif
الخدمة واعرة كنصح بيه,positif
top bzaf srioual mezian,positif
المحل عادي على قد الجيب,neutre
هاد التطبيق خدام مزيان ولكن ثقيلة,neutre
التوصيل ماشي khayb كيقضي الغرض وصافي,neutre
ecouteurs mlih walakin degoutant,neutre
had lproduit 3ayana bzaff jamais de la vie,negatif
الطوموبيل خاسرة ندمت عليه,negatif
hadchi machi mzyana walakin 3adi machi chi haja,neutre
ma3awdch had tomobil ghalia bzaf,negatif
المحل خاسر خسارة الفلوس,negatif
tilifoun makaynach bhalha 3jebni bzaf,positif
ما كايستاهلش الكاسك ما زوينش,negatif
هاد التليفون ماشي khayb شويية,neutre
هاد السلعة مزيانة شويية,positif
هاد السلعة بنين كاعma شكرا بزاف,positif
هاد المنتج عيان ولكن واعر,neutre
شكرا بزاف هاد المحل غزالة,positif
الخدمة خدام مزيان ولكن كايتبلوكا,neutre
matkhasrouch flousscom lhwayj d3if,negatif
had l'article pas exceptionnel vraiment,neutre
ما كايستاهلش البيسي ضعيفة,negatif
lproduit acceptable pour le prix ca va,neutre
التليفون متوسطة كاع,neutre
ماتضيعوش فلوسكم فيه الماكينة فشل,negatif
الكاسك واعر و خدام مزيان,positif
التليفون خايبة ما كايستاهلش,negatif
dacia zwin walakin kaytbloqua,neutre
had tomobil khayb never buy this,negatif
الكاسك ناقص بزااف,negatif
الطوموبيل نقي ولكن ضعيف,neutre
pantalon correct fait le job,neutre
lkhidma t9il walakin excellent,neutre
الخدمة ماشي khayb بزاف بزاف,neutre
هاد السلعة خدام مزيان فعلا خودوه وانتوما هانيين,positif
hwayj machi zwine machi chi haja kbira,neutre
المنتج موسخة غير شوية,negatif
شكرا بزاف التوصيل غزالة,positif
service d3ifa o ghali,negatif
الماكينة خايبة ندمت عليه,negatif
had pc horrible walakin wa3er,neutre
service bnin bzf nssa7 bih,positif
lproduit machi excellent walakin pour le prix m9boul,neutre
هاد المنتج ما كاينش بحالو ديما,positif
هاد التطبيق عيانة و حامض,negatif
ندمت عليه الكاسك غالية,negatif
السروال ماشي رائع ماتضيعوش فلوسكم فيه,negatif
السيارة ضعيفة ولكن سريع,neutre
pc machi parfait walakin machi chi haja kbira,neutre
had tomobil t9ila walakin wa3er,neutre
الحوايج غزال خودوه وانتوما هانيين,positif
التوصيل ماخدامش بزاف بزاف ما كايستاهلش,negatif
had lmakla waer chwiya,positif
الحوايج ما عجبنيش ولكن واعرة,neutre
ما تشريوهش هاد المحل ناقصة,negatif
tilifoun machi ghzal walakin fait le job,neutre
الطوموبيل نورمال,neutre
هاد المحل ندمت عليه ولكن كناصح بيه,neutre
هاد السلعة ناقص بزااف,negatif
السروال حامض ولكن غزال بزاف,neutre
had ssiara machi makaynach bhalha walakin pour le prix m9boul,neutre
المنتج ضعيفة بزااف ندمت عليه,negatif
had l'app mlih o top,positif
tilifoun na9s chwiya walakin khedam fait le travail,neutre
الكاسك ماشي غزال ولكن ماشي شي حاجة كبيرة,neutre
الصباط ماشي كناصح بيه ولكن على قد الثمن,neutre
jamais de la vie had tomobil ghali bzaf,negatif
had tomobil zwina dima,positif
had tomobil machi chi haja,neutre
هاد المنتج ماشي خايب تستاهل كل خير,positif
had tomobil machi ghalia bzaf recommande 100%,positif
had ssiara zwin o makaynach bhalha,positif
هاد المحل مزيان و كناصح بيه,positif
had lmakla machi mezian walakin machi chi haja kbira,neutre
casque nul khasara dyal lflouss,negatif
هاد المحل ثقيلة و ناقصة,negatif
ecouteurs mazwinch bzaaf,negatif
هاد الماكلة ماشي حامضة خودوه وانتوما هانيين,positif
الصباط ماشي غالي غير شريوه,positif
هاد السلعة ما زوينش و ناقص,negatif
غير شريوه الصباط بنينة,positif
الطوموبيل واعرة ولكن ثقيلة,neutre
t-shirt machi na9sa chira2 mzyan,positif
tilifoun ghalia ndemte 3lih,negatif
ecouteurs ghzal je recommande,positif
هاد المحل غزالة بزااف,positif
هاد الماكلة غالية,negatif
الحوايج ممتاز و بنين,positif
t-shirt correct bezzaf,neutre
شراء مميز هاد التطبيق ناجح,positif
السيارة ضعيفة ولكن بنين,neutre
lproduit 3ayana matkhasrouch flousscom,negatif
التليفون عيانة ضياع الوقت والفلوس,negatif
البيسي طوب ديما,positif
الخدمة فشل ولكن ما كاينش بحالو,neutre
الكاسك ماشي نقي ضياع الوقت والفلوس,negatif
hwayj khaib ndemte 3lih,negatif
pc machi fchel khoudouh wntouma mhaniyin,positif
السروال ماشي زوين فعلا,neutre
je recommande had ssiara 3jebni,positif
had tomobil mzyan walakin ghalia bzaf,neutre
3iyane bzaf had sbat kaytskhn,negatif
had tilifoun machi makaynach bhalha walakin pour le prix m9boul,neutre
t-shirt top bezzaf,positif
had lmakla parfait ga3ma,positif
lhwayj machi mabghitch je recommande,positif
التوصيل موسخ غير شوية,negatif
السلعة واعرة بزااف,positif
الطوموبيل ثقيل ولكن خفيف,neutre
had pc machi mezian jamais de la vie,negatif
الحوايج ما مزيانش ما كايستاهلش,negatif
الحوايج خاسر بزاف,negatif
السلعة ماشي فشل رائع جدا,positif
البيسي خسارة الفلوس و غالية,negatif
البيسي كايعجبني ولكن خايبة,neutre
ما تشريوهش هاد التليفون حامض,negatif
الطوموبيل كايعجبني و بنينة,positif
التوصيل غزال بزاف بزآف شراء مميز,positif
had ssiara mousskha chouiya khasara dyal lflouss,negatif
هاد المحل ناقص ولكن عجبني,neutre
شكرا بزاف هاد التليفون طوب,positif
pc na9s chwiya walakin khedam pour le prix m9boul,neutre
tilifoun machi ghalia khoudouh wntouma mhaniyin,positif
had pc mezyan bezzaf,positif
livraison 3ayana o mabghitch,negatif
ما كايستاهلش هاد المحل خايبة,negatif
tilifoun khaser o mabghitch,negatif
had l'article kaytskhn o nul,negatif
had tilifoun ghzal o original,positif
الطوموبيل خايب ما كايستاهلش,negatif
srioual acceptable bzaf,neutre
had tomobil machi zwin walakin fait le job,neutre
had sbat ghzal ga3,positif
casque wa3er o magnifique,positif
هاد المنتج سريع و واعرة,positif
الخدمة ماشي غزالة ما كايستاهلش,negatif
هاد المنتج زوين ولكن خايبة,neutre
المنتج خفيف بزآف,positif
المنتج ماشي ثقيلة تستاهل كل خير,positif
had lmakla machi nul nssa7 bih,positif
الكاسك ضعيفة ما كايستاهلش,negatif
tilifoun mousali walakin na9sa,neutre
السروال ماشي شي حاجة كيقضي الغرض وصافي,neutre
هاد المنتج عادي كيقضي الغرض وصافي,neutre
السيارة ماشي واعر ديما,neutre
السلعة نقي ولكن خايب,neutre
lproduit mazyanch walakin 3jbatni,neutre
ضياع الوقت والفلوس هاد التطبيق حامضة,negatif
التليفون كناصح بيه و مزيانة,positif
الخدمة زبل بزاف بزاف ما كايستاهلش,negatif
الكاسك خايبة ولكن خفيف,neutre
had sbat na9sa madiwch 3lih,negatif
srioual khasra bzaaf,negatif
هاد الماكلة بنين ولكن ماخداماش,neutre
had l'article machi kaytskhn chira2 mzyan,positif
madiwch 3lih had tilifoun 3ayan,negatif
هاد المنتج كايعجبني شوية خودوه وانتوما هانيين,positif
had lmahal mzyan bzaaf,positif
had tilifoun t9ila walakin bnin,neutre
الماكينة خاسر و ضعيف,negatif
had tomobil khedam mzn walakin fchel,neutre
التوصيل واعر بزآف كنصح بيه,positif
الطوموبيل ماشي غزال بزاف ماتضيعوش فلوسكم فيه,negatif
tipo kaytskhn walakin khedam mzyan,neutre
service khasra walakin khedam mzn,neutre
الماكينة ناجح فعلا كنصح بيه,positif
perte d'argent livraison decu,negatif
hwayj fi lmotawassit,neutre
تستاهل كل خير هاد المحل غزال بزاف,positif
lkhidma decu walakin makaynach bhalha,neutre
hadchi 3jbni ga3ma recommande 100%,positif
pantalon khfif o mousali,positif
السيارة ماشي كايعجبني ما تشريوهش,negatif
pc machi sria3 perte d'argent,negatif
السلعة ما كاينش بحالو غير شوية شراء مميز,positif
had l'app t9il madiwch 3lih,negatif
هاد المنتج ما زوينش كاع ندمت عليه,negatif
had pc mlih bzaaf,positif
الماكينة مزيانة كاع,positif
3iyane bzaf had lproduit kaytbloqua,negatif
هاد المنتج ماشي غزال بزاف ماتضيعوش فلوسكم فيه,negatif
الله يعطيك الصحة هاد المنتج بنينة,positif
هاد الماكلة بنينة شكرا بزاف,positif
dacia na9s jamais de la vie,negatif
ecouteurs excellent bzf,positif
توبة نعاود نشري هاد التطبيق ثقيل,negatif
هاد المنتج بنين ولكن ضعيف,neutre
srioual khfif o mousali,positif
الخدمة ما مزيانش فعلا,negatif
recommande 100% had lmakla mezyan,positif
had l'article zwine bzaf chouiya nssa7 bih,positif
السيارة بنين شوية,positif
3jebni bzaf had pc satisfait,positif
ماتضيعوش فلوسكم فيه التليفون ناقصة,negatif
هاد التطبيق كايتبلوكا بزاف خسارة الفلوس,negatif
tilifoun excellent chwiya,positif
هاد التطبيق ماشي كناصح بيه توبة نعاود نشري,negatif
هاد المحل غزال بزاف بزاف غير شريوه,positif
lproduit na9sa walakin zwina,neutre
lproduit fchel tellement,negatif
المحل ناقص شوية ولكن خدام ما بيهش,neutre
غير شريوه الصباط عجباتني,positif
had sbat zwine merci bzaf,positif
التوصيل ثقيلة فعلا,negatif
had l'article machi moussekh rabi ikhalikom,positif
البيسي ماشي مزيان ولكن كيقضي الغرض وصافي,neutre
lproduit machi zwine bzaf khasara dyal lflouss,negatif
الخدمة عادي على قد الجيب,neutre
had l'app machi horrible lah i3tikom saha,positif
السيارة ماشي بطل ضياع الوقت والفلوس,negatif
البيسي ماشي نقي ولكن ما بيهش,neutre
nssa7 bih had lmahal khedam mzn,positif
الصباط فشل كاعma,negatif
المحل عجبني و زوينة,positif
الماكينة ما مزيانش و ضعيف,negatif
الطوموبيل ثقيل ولكن رائع,neutre
ecouteurs n9i bezzaf chira2 mzyan,positif
had lmakla wa3er ghi chwiya khoudouh wntouma mhaniyin,positif
ماتضيعوش فلوسكم فيه هاد السلعة ناقصة,negatif
pantalon machi original jamais de la vie,negatif
الحوايج ماشي حامض غير شريوه,positif
had tomobil d3ifa walakin top,neutre
pc mezian bezzaf top bzaf,positif
هاد التطبيق خدام مزيان كاعma شكرا بزاف,positif
3jebni bzaf tipo satisfait,positif
السروال مزيانة ديما كنصح بيه,positif
الخدمة ماشي ناقص رائع جدا,positif
t-shirt machi mlih perte d'argent,negatif
هاد المحل ثقيلة شوية,negatif
lhwayj wa3er walakin makhedamch,neutre
tipo machi chi haja machi chi haja kbira,neutre
الخدمة ما مزيانش بزاف بزاف,negatif
التليفون ماشي مزيان ما تشريوهش,negatif
had lmahal 3jbatni chouiya,positif
رائع جدا هاد الماكلة طوب,positif
السيارة عادي عادي وصافي,neutre
كنصح بيه هاد المنتج خدام مزيان,positif
السيارة غزالة بزاف,positif
البيسي ناجح ولكن ناقص,neutre
casque zwine bzaf o n9i,positif
had lproduit khfif 3jebni bzaf,positif
الحوايج حامضة ولكن خفيف,neutre
had sbat ghalia bzaf bzf,negatif
srioual 3ayan o mazwinch,negatif
lproduit n9i bzaff,positif
المحل عادية ماشي شي حاجة كبيرة,neutre
service sria3 recommande 100%,positif
had sbat machi satisfait jamais de la vie,negatif
التليفون زبل,negatif
tilifoun khayb o zbel,negatif
السروال ضعيف ولكن خفيف,neutre
ecouteurs ghali o mazyanch,negatif
jamais de la vie service ghalia,negatif
je recommande had l'app n9i,positif
casque 3jbatni chira2 mzyan,positif
البيسي ما عجبنيش كاع توبة نعاود نشري,negatif
هاد التليفون عادية ماشي شي حاجة كبيرة,neutre
الصباط غزالة شوية شكرا بزاف,positif
had lproduit mezian ghi chwiya,positif
التليفون ماشي عجباتني توبة نعاود نشري,negatif
هاد الماكلة ممتاز ولكن ضعيفة,neutre
هاد الماكلة ماشي خايب شراء مميز,positif
had l'app excellent o khedam mzn,positif
الخدمة خايب ضياع الوقت والفلوس,negatif
casque na9sa vraiment,negatif
casque waer o sria3,positif
عجبني بزاف هاد المحل عجبني,positif
المحل عيان ولكن كايعجبني,neutre
الطوموبيل زوين كاعma كنصح بيه,positif
tipo d3ifa walakin mezyan,neutre
lproduit waer chira2 mzyan,positif
had lmahal 3jebni ghir chriwh,positif
هاد السلعة غزالة غير شريوه,positif
hadchi 3jbatni bzaff,positif
المحل غالي بزاف شويية,negatif
الماكينة ماشي ماخداماش خودوه وانتوما هانيين,positif
السروال ماشي مزيان ولكن ما بيهش,neutre
lproduit original walakin na9s,neutre
هاد الماكلة خاسرة و ضعيف,negatif
المحل غزال بزاف بزااف,positif
service khaser vraiment,negatif
livraison makanich o kaytskhn,negatif
3iyane bzaf hadchi ma3jbnich,negatif
الصباط عيان و فشل,negatif
hadchi kaytbloqua o ghali,negatif
المنتج ماشي زوينة ولكن على قد الجيب,neutre
toussil ghali bezzaf,negatif
المنتج فشل ولكن ما كاينش بحالو,neutre
السروال ناقص ولكن زوينة,neutre
هاد السلعة ماشي غزال بزاف خسارة الفلوس,negatif
الطوموبيل ماشي غزالة ضياع الوقت والفلوس,negatif
المنتج ماخداماش كاعma ندمت عليه,negatif
had lmahal machi zbel nssa7 bih,positif
هاد السلعة ما زوينش ضياع الوقت والفلوس,negatif
rabi ikhalikom tilifoun mlih,positif
had ssiara ghzal rabi ikhalikom,positif
ecouteurs mezyan walakin t9ila,neutre
hadchi mousskha,negatif
الله يعطيك الصحة السلعة ما كاينش بحالو,positif
المنتج مقبول,neutre
غير شريوه السروال زوينة,positif
pc machi mazyanch je recommande,positif
التليفون سريع بزاف بزاف,positif
srioual mabghitch chwiya da3a dial lweqt,negatif
srioual ghalia bzaf perte d'argent,negatif
had l'article pas exceptionnel bzaff,neutre
had lmahal n9i rabi ikhalikom,positif
هاد التليفون ماشي ثقيل شراء مميز,positif
المحل ما عجبنيش ما كايستاهلش,negatif
livraison acceptable pour le prix m9boul,neutre
هاد المنتج ندمت عليه ولكن ما كاينش بحالو,neutre
rabi ikhalikom dacia satisfait,positif
التوصيل مقبولة بزاف بزاف,neutre
الخدمة ماشي شي حاجة كاع,neutre
had lmakla zwina ghi chwiya,positif
had tilifoun ghzal tellement nssa7 bih,positif
ضياع الوقت والفلوس هاد السلعة ما عجبنيش,negatif
المنتج مقبولة شوية,neutre
التليفون ماشي عجبني توبة نعاود نشري,negatif
had tilifoun machi parfait walakin machi chi haja kbira,neutre
had lproduit khayba ma3awdch,negatif
هاد التليفون ماشي khayb كيقضي الغرض وصافي,neutre
lkhidma d3ifa bzaaf,negatif
هاد المنتج على قد الحال فعلا,neutre
had pc makanich ghi chwiya,negatif
التوصيل ماشي ماخدامش شكرا بزاف,positif
had lmakla excellent o excellent,positif
t-shirt makanich walakin parfait,neutre
الحوايج موسخ بزاف بزاف ما كايستاهلش,negatif
السروال ماشي كايعجبني ولكن ما بيهش,neutre
had lmahal machi na9s recommande 100%,positif
هاد المحل طوب شويية عجبني بزاف,positif
hwayj ghzal nssa7 bih,positif
الماكينة ماشي نقي توبة نعاود نشري,negatif
khoudouh wntouma mhaniyin lkhidma khfif,positif
lhwayj satisfait o khedam mzyan,positif
المحل واعر كنصح بيه,positif
التوصيل بنين شويية,positif
الخدمة ماشي بطل ولكن كيقضي الغرض وصافي,neutre
هاد المنتج عيانة شوية,negatif
da3a dial lweqt had sbat ghalia bzaf,negatif
السلعة متوسط بزآف,neutre
pantalon mazyanch o makhedamach,negatif
ecouteurs t9il perte d'argent,negatif
الطوموبيل ما مزيانش ديما ماتضيعوش فلوسكم فيه,negatif
الماكينة عادي على قد الجيب,neutre
hadchi t9ila o fchel,negatif
had lproduit machi n9i ndemte 3lih,negatif
السيارة خايبة ولكن غزال بزاف,neutre
ندمت عليه السروال غالية,negatif
tilifoun top ghi chwiya khoudouh wntouma mhaniyin,positif
هاد المنتج بنينة ولكن ناقص,neutre
dacia parfait chwiya bzaf,positif
التوصيل ما كاينش بحالو كاع خودوه وانتوما هانيين,positif
hwayj ghali o ghalia,negatif
casque mzyan dima top bzaf,positif
had lmakla modir walakin magnifique,neutre
السيارة ما كاينش بحالو كاع,positif
هاد التطبيق خاسر و ما عجبنيش,negatif
التليفون بطل بزاف بزاف,positif
الحوايج مقبولة على قد الثمن,neutre
hadchi na9sa perte d'argent,negatif
كنصح بيه الكاسك خفيف,positif
lkhidma machi 3ayan lah i3tikom saha,positif
هاد السلعة على قد الحال شويية,neutre
هاد السلعة ماشي عجبني خسارة الفلوس,negatif
had sbat ghali vraiment,negatif
التوصيل نقي بزآف خودوه وانتوما هانيين,positif
pantalon 3adia 3adi machi chi haja,neutre
lhwayj modir dima ndemte 3lih,negatif
pc top o parfait,positif
خودوه وانتوما هانيين التوصيل سريع,positif
madiwch 3lih casque na9sa,negatif
had tomobil machi na9s recommande 100%,positif
had lproduit magnifique merci bzaf,positif
never buy this had tomobil fchel,negatif
رائع جدا السلعة طوب,positif
هاد التطبيق عادية بزآف,neutre
merci bzaf hwayj excellent,positif
المنتج موسخ توبة نعاود نشري,negatif
hadchi parfait bzf lah i3tikom saha,positif
toussil machi zwina walakin 3adi machi chi haja,neutre
المحل ناجح كنصح بيه,positif
pc na9s 3iyane bzaf,negatif
had tomobil mabghitch madiwch 3lih,negatif
had lproduit machi top walakin pour le prix ca va,neutre
التليفون غزالة كاع تستاهل كل خير,positif
هاد الماكلة مزيان و خدام مزيان,positif
الماكينة ما مزيانش بزااف توبة نعاود نشري,negatif
الصباط متوسطة غير شوية,neutre
hwayj machi ghalia bzaf chira2 mzyan,positif
التليفون ما زوينش و خاسرة,negatif
dacia nul da3a dial lweqt,negatif
الخدمة ضعيفة بزااف ما تشريوهش,negatif
never buy this had ssiara ghali,negatif
المحل ماشي زوين شويية,neutre
had tomobil moyenne bzf,neutre
lkhidma bnin bzaaf nssa7 bih,positif
البيسي حامض ولكن كايعجبني,neutre
pc magnifique ga3,positif
t-shirt machi 3ayan nssa7 bih,positif
هاد التليفون خسارة الفلوس ولكن غزالة,neutre
شراء مميز البيسي عجباتني,positif
السروال ماشي بنين ولكن ماشي شي حاجة كبيرة,neutre
hwayj machi mezian jamais de la vie,negatif
tilifoun ghzal walakin khaib,neutre
tilifoun mlih khoudouh wntouma mhaniyin,positif
had l'app zwina bzaff,positif
had lmahal t9ila bezzaf,negatif
السلعة زوينة الله يعطيك الصحة,positif
هاد التطبيق كناصح بيه بزآف,positif
had lmahal zwine lah i3tikom saha,positif
toussil mabghitch madiwch 3lih,negatif
الكاسك بطل ولكن ما مزيانش,neutre
ضياع الوقت والفلوس المحل غالي بزاف,negatif
البيسي حامض ولكن عجباتني,neutre
هاد التليفون ماشي ضعيف عجبني بزاف,positif
pc machi khedam mzyan walakin pour le prix ca va,neutre
الكاسك ناقص ما كايستاهلش,negatif
هاد المنتج عادي وصافي على قد الثمن,neutre
هاد السلعة ماشي زوين ولكن ماشي شي حاجة كبيرة,neutre
المنتج ماشي غزال بزاف ولكن ماشي شي حاجة كبيرة,neutre
srioual machi n9i khasara dyal lflouss,negatif
hwayj mazyanch chwya,negatif
hadchi khfif walakin khaser,neutre
had tomobil machi excellent madiwch 3lih,negatif
toussil 3ayan o zbel,negatif
t-shirt khfif walakin d3ifa,neutre
had l'app machi mzyan walakin fait le travail,neutre
هاد المنتج ناقص شوية ولكن خدام عادي وصافي,neutre
casque mousali chwiya,positif
هاد المحل حامض ولكن خفيف,neutre
service 3jbni nssa7 bih,positif
عجبني بزاف التليفون ما كاينش بحالو,positif
casque original vraiment,positif
رائع جدا الصباط عجباتني,positif
البيسي غالي و ناقص,negatif
البيسي طوب غير شريوه,positif
هاد الماكلة مقبولة على قد الثمن,neutre
pc khedam mzn tellement,positif
had l'app zwina 3jebni bzaf,positif
srioual makanich perte d'argent,negatif
had pc ordinaire chwiya bzaf,neutre
السلعة زوين و سريع,positif
lhwayj machi d3if ghir chriwh,positif
casque khaib never buy this,negatif
الطوموبيل حامضة ما تشريوهش,negatif
الحوايج واعر و مزيانة,positif
هاد التليفون ناجح بزآف شكرا بزاف,positif
الخدمة ماشي ثقيل كنصح بيه,positif
المحل خايبة ديما توبة نعاود نشري,negatif
had sbat khaib walakin sria3,neutre
lproduit machi sria3 khasara dyal lflouss,negatif
ما تشريوهش هاد التطبيق خسارة الفلوس,negatif
السروال كيقضي الغرض بزآف,neutre
الصباط خدام مزيان ولكن زبل,neutre
t-shirt 3jebni je recommande,positif
الماكينة مقبولة ماشي شي حاجة كبيرة,neutre
lproduit machi mousali jamais de la vie,negatif
had tomobil khedam mzn ghi chwiya,positif
t-shirt waer ga3ma,positif
had lmakla 3jebni bzf recommande 100%,positif
الطوموبيل بنين غير شوية تستاهل كل خير,positif
البيسي ما زوينش فعلا خسارة الفلوس,negatif
ma3awdch service makhedamch,negatif
srioual khaser o mazwinch,negatif
البيسي ماشي مزيانة ولكن كيقضي الغرض وصافي,neutre
السروال ماخداماش ما كايستاهلش,negatif
هاد المنتج موسخ ضياع الوقت والفلوس,negatif
had pc kaytbloqua o mazyanch,negatif
المحل ضعيفة غير شوية ماتضيعوش فلوسكم فيه,negatif
had lmahal machi zwine bzaf madiwch 3lih,negatif
السيارة نقي غير شوية,positif
ضياع الوقت والفلوس التوصيل ثقيل,negatif
البيسي عجباتني و عجباتني,positif
هاد الماكلة رائع و بطل,positif
hadchi zwin khoudouh wntouma mhaniyin,positif
هاد المحل ماشي خدام مزيان ما تشريوهش,negatif
tilifoun zween walakin zbel,neutre
ecouteurs 3ayana bzaaf,negatif
had tomobil excellent walakin zbel,neutre
ghir chriwh pc mzyana,positif
البيسي سريع ولكن ثقيلة,neutre
tilifoun n9i 3jebni bzaf,positif
matkhasrouch flousscom had tilifoun khaib,negatif
هاد المحل ماشي مزيانة ولكن ماشي شي حاجة كبيرة,neutre
هاد الماكلة ما عجبنيش ولكن ما كاينش بحالو,neutre
هاد السلعة ماشي نقي توبة نعاود نشري,negatif
الحوايج بنين بزاف بزاف,positif
had lproduit machi 3jebni walakin pour le prix ca va,neutre
الماكينة كناصح بيه ولكن ما مزيانش,neutre
التليفون خفيف شويية الله يعطيك الصحة,positif
service machi waer walakin fait le job,neutre
pantalon makanich jamais de la vie,negatif
had tomobil ordinaire pour le prix ca va,neutre
pc mezyan o n9i,positif
tipo mazwinch bzaf perte d'argent,negatif
had tomobil machi parfait walakin pour le prix m9boul,neutre
had lproduit machi parfait ma3awdch,negatif
الخدمة زوينة تستاهل كل خير,positif
had lmakla 3la 9d lhal chouiya,neutre
هاد الماكلة ضعيف شويية ضياع الوقت والفلوس,negatif
lproduit zwine bzaff,positif
had sbat machi ghali chira2 mzyan,positif
السلعة ماشي سريع ولكن كيقضي الغرض وصافي,neutre
had pc khaser vraiment ndemte 3lih,negatif
hwayj ghali walakin mlih,neutre
dacia ma3jbnich o mazwinch,negatif
lhwayj khfif nssa7 bih,positif
الكاسك خفيف عجبني بزاف,positif
هاد المحل خفيف و نقي,positif
المنتج رائع و عجبني,positif
عجبني بزاف الطوموبيل واعر,positif
التوصيل فشل و ماخداماش,negatif
had lmakla machi 3jbatni ndemte 3lih,negatif
livraison original o original,positif
هاد المحل خايبة ولكن واعرة,neutre
البيسي غالي بزاف غير شوية,negatif
had sbat 3jbatni o sria3,positif
toussil mezian khoudouh wntouma mhaniyin,positif
perte d'argent lproduit d3ifa,negatif
السيارة ما زوينش,negatif
الصباط كناصح بيه و واعرة,positif
هاد التليفون ماشي ماخداماش تستاهل كل خير,positif
السروال بنينة ولكن غالية,neutre
البيسي ناقص توبة نعاود نشري,negatif
had tomobil machi chi haja machi chi haja kbira,neutre
المحل ما مزيانش ولكن خفيف,neutre
هاد المنتج موسخة ولكن بنين,neutre
هاد الماكلة رائع كاع الله يعطيك الصحة,positif
t-shirt pas exceptionnel machi chi haja kbira,neutre
الصباط سريع خودوه وانتوما هانيين,positif
pantalon machi khayb pour le prix ca va,neutre
madiwch 3lih had lmahal makanich,negatif
had ssiara normal pour le prix ca va,neutre
هاد الماكلة ماشي كايعجبني ماتضيعوش فلوسكم فيه,negatif
dacia d3if o d3if,negatif
lproduit machi chi haja bzaaf,neutre
tipo nul chwya ma3awdch,negatif
السلعة نورمال بزاف بزاف,neutre
الطوموبيل نقي و رائع,positif
had sbat bnin bzaf je recommande,positif
غير شريوه الخدمة عجبني,positif
had pc nul o kaytbloqua,negatif
ما تشريوهش السيارة ماخداماش,negatif
had tilifoun 3adia pour le prix m9boul,neutre
هاد الماكلة واعر شكرا بزاف,positif
livraison waer tellement,positif
had l'app machi khatir 3adi machi chi haja,neutre
الصباط سريع و نقي,positif
الحوايج طوب الله يعطيك الصحة,positif
هاد الماكلة ضعيف بزاف بزاف ما تشريوهش,negatif
toussil makanich ga3,negatif
الحوايج غزالة فعلا رائع جدا,positif
هاد السلعة مقبولة بزاف بزاف,neutre
السيارة عادي وصافي كيقضي الغرض وصافي,neutre
khasara dyal lflouss had tilifoun decu,negatif
had lmahal mousskha o modir,negatif
hwayj khasr chwiya,negatif
pc machi horrible top bzaf,positif
hwayj zwine nssa7 bih,positif
هاد التليفون ماشي غزالة خسارة الفلوس,negatif
jamais de la vie had l'app degoutant,negatif
السيارة بطل ولكن ندمت عليه,neutre
srioual 3adi fait le travail,neutre
المحل رائع ولكن عيانة,neutre
tilifoun khaser dima jamais de la vie,negatif
hwayj machi parfait khasara dyal lflouss,negatif
had tomobil ghzal o khfif,positif
3jebni bzaf lproduit zween,positif
livraison mousskha walakin bnin,neutre
had lproduit acceptable pour le prix ca va,neutre
service n9i walakin ma3jbnich,neutre
toussil d3if walakin mlih,neutre
had l'article machi modir chira2 mzyan,positif
livraison ghali bzaf bzaaf,negatif
الطوموبيل مزيان بزآف شراء مميز,positif
3jebni bzaf had l'article bnin,positif
السروال طوب رائع جدا,positif
livraison decu vraiment matkhasrouch flousscom,negatif
الحوايج ناقص شوية ولكن خدام على قد الثمن,neutre
الكاسك كناصح بيه و بطل,positif
السروال كايعجبني شكرا بزاف,positif
had l'app zween walakin d3ifa,neutre
المنتج واعرة ولكن ما مزيانش,neutre
توبة نعاود نشري الحوايج ثقيل,negatif
هاد المنتج خفيف و خدام مزيان,positif
السروال ضعيفة و موسخ,negatif
t-shirt na9sa tellement perte d'argent,negatif
ecouteurs machi zwine walakin pour le prix ca va,neutre
شراء مميز هاد المحل ممتاز,positif
toussil d3ifa khasara dyal lflouss,negatif
lproduit khaser ga3 da3a dial lweqt,negatif
had tilifoun machi parfait khasara dyal lflouss,negatif
المحل ممتاز تستاهل كل خير,positif
هاد التطبيق عجبني ولكن ناقصة,neutre
هاد التطبيق خايبة ندمت عليه,negatif
هاد المنتج ماشي khayb بزآف,neutre
had lmahal machi makanich 3jebni bzaf,positif
had tilifoun machi khatir ga3,neutre
had l'app original o mzyan,positif
had tilifoun machi 3jbatni jamais de la vie,negatif
التليفون مزيان تستاهل كل خير,positif
livraison ghalia bzaf walakin mousali,neutre
had lproduit machi mousali da3a dial lweqt,negatif
pantalon zwina ga3ma khoudouh wntouma mhaniyin,positif
had l'article excellent walakin makhedamach,neutre
had lmahal waer o top,positif
السيارة ماشي ضعيفة كنصح بيه,positif
هاد التليفون ندمت عليه بزاف ندمت عليه,negatif
pc machi zween walakin 3adi machi chi haja,neutre
هاد المنتج ضعيفة و غالية,negatif
hadchi machi khayb machi chi haja kbira,neutre
هاد المنتج مقبول ماشي شي حاجة كبيرة,neutre
casque zwine bzaf recommande 100%,positif
الصباط ماشي موسخ غير شريوه,positif
dacia mousali walakin ma3jbnich,neutre
toussil zwina je recommande,positif
pantalon horrible vraiment perte d'argent,negatif
التوصيل ماشي غزال بزاف ما كايستاهلش,negatif
had ssiara decu da3a dial lweqt,negatif
pc nul walakin 3jbni,neutre
tilifoun 3jebni chwiya bzaf,positif
srioual zbel 3iyane bzaf,negatif
هاد التليفون ماشي غزال خسارة الفلوس,negatif
الكاسك فشل بزآف ندمت عليه,negatif
هاد التطبيق غالي بزاف ولكن خفيف,neutre
الصباط حامضة كاع ضياع الوقت والفلوس,negatif
الماكينة ماخدامش ديما,negatif
المحل ماشي خفيف خسارة الفلوس,negatif
had lmakla original o 3jebni,positif
هاد المحل زبل كاعma توبة نعاود نشري,negatif
tipo pas exceptionnel pour le prix ca va,neutre
خسارة الفلوس التوصيل ثقيل,negatif
srioual 3ayan bzaff ndemte 3lih,negatif
srioual kaytskhn tellement da3a dial lweqt,negatif
الحوايج حامضة توبة نعاود نشري,negatif
had tomobil machi khedam mzn khasara dyal lflouss,negatif
pantalon machi khatir bzf,neutre
هاد المنتج ممتاز خودوه وانتوما هانيين,positif
recommande 100% had lmahal mousali,positif
الحوايج حامضة ما كايستاهلش,negatif
lkhidma top walakin d3ifa,neutre
service khedam mzn o zwine,positif
الكاسك متوسط ديما,neutre
التوصيل ماشي ممتاز ولكن عادي وصافي,neutre
هاد المنتج ماشي غزال بزاف توبة نعاود نشري,negatif
hadchi mlih walakin na9s,neutre
had sbat mabghitch tellement da3a dial lweqt,negatif
التوصيل زوين,positif
hwayj machi khedam mzn perte d'argent,negatif
الماكينة عادي غير شوية,neutre
hadchi d3ifa bzaaf,negatif
كنصح بيه الصباط ناجح,positif
التوصيل متوسطة ما بيهش,neutre
السيارة ماشي ثقيل الله يعطيك الصحة,positif
had lproduit 3jbni o mousali,positif
perte d'argent hadchi khasra,negatif
شراء مميز السلعة مزيان,positif
التوصيل كيقضي الغرض على قد الجيب,neutre
had tomobil mazyanch tellement never buy this,negatif
had lmakla machi khaib lah i3tikom saha,positif
had l'article mzyana bezzaf,positif
البيسي رائع خودوه وانتوما هانيين,positif
السروال خدام مزيان و غزال بزاف,positif
dacia 3jbni walakin mazwinch,neutre
رائع جدا التليفون واعرة,positif
livraison normal 3adi machi chi haja,neutre
lhwayj zween walakin khayba,neutre
dacia 3jbatni o bnin,positif
had sbat 3jbni walakin kaytskhn,neutre
شكرا بزاف هاد الماكلة بنين,positif
ecouteurs machi khayb fait le travail,neutre
السروال غزال بزاف بزاف بزاف كنصح بيه,positif
had sbat machi mabghitch ghir chriwh,positif
t-shirt zwina chwiya bzaf 3jebni bzaf,positif
الماكينة عيانة و موسخة,negatif
المحل ماشي زوينة ولكن ما بيهش,neutre
الصباط كايتبلوكا و ما زوينش,negatif
هاد المحل نقي ولكن ما زوينش,neutre
service d3if o horrible,negatif
التليفون متوسط عادي وصافي,neutre
شراء مميز الحوايج عجبني,positif
had lproduit makaynach bhalha o zwina,positif
هاد المحل غالي بزاف ولكن بطل,neutre
pc nul o zbel,negatif
dacia moyenne fait le job,neutre
pantalon t9ila walakin mezian,neutre
livraison mousskha o makanich,negatif
livraison machi mzyana walakin pour le prix m9boul,neutre
service satisfait walakin t9ila,neutre
had ssiara t9il never buy this,negatif
التليفون عجبني و طوب,positif
السلعة خدام مزيان ولكن غالية,neutre
الصباط ناقص شوية ولكن خدام ما بيهش,neutre
pc machi khedam mzn matkhasrouch flousscom,negatif
هاد التليفون ماخدامش ولكن خفيف,neutre
had lproduit machi horrible 3jebni bzaf,positif
had lmakla mezyan walakin fchel,neutre
merci bzaf had tilifoun top dial top,positif
ghir chriwh pc original,positif
السلعة غالية شويية توبة نعاود نشري,negatif
التليفون ما عجبنيش و غالي,negatif
هاد السلعة مقبول عادي وصافي,neutre
السلعة حامضة ضياع الوقت والفلوس,negatif
هاد المحل ماشي واعر عادي وصافي,neutre
هاد المنتج ماشي حامض كنصح بيه,positif
ecouteurs d3if ga3,negatif
hwayj machi kaytbloqua merci bzaf,positif
التوصيل ما كاينش بحالو الله يعطيك الصحة,positif
السروال زوين ولكن ثقيل,neutre
t-shirt zween chouiya,positif
البيسي خاسرة ضياع الوقت والفلوس,negatif
الحوايج ماشي سريع ولكن ما بيهش,neutre
التوصيل ممتاز ديما,positif
t-shirt nul chouiya never buy this,negatif
البيسي ماشي khayb ماشي شي حاجة كبيرة,neutre
الحوايج عيان شويية توبة نعاود نشري,negatif
الماكينة بنين غير شوية رائع جدا,positif
هاد السلعة ماشي كايعجبني ولكن عادي وصافي,neutre
التوصيل نقي ولكن خايب,neutre
never buy this had l'app ghali,negatif
السروال غالي بزاف بزاف,negatif
lkhidma d3ifa matkhasrouch flousscom,negatif
had ssiara wa3er chwya ghir chriwh,positif
dacia correct 3adi machi chi haja,neutre
dacia ghali bzaf perte d'argent,negatif
السروال ماشي موسخة غير شريوه,positif
هاد المنتج حامض توبة نعاود نشري,negatif
الكاسك كيقضي الغرض بزآف,neutre
رائع جدا التليفون غزال,positif
had lmahal bof bzaff,neutre
الحوايج متوسط ديما,neutre
service wa3er dima ghir chriwh,positif
الحوايج ماشي ماخدامش شراء مميز,positif
ecouteurs mezian ga3ma 3jebni bzaf,positif
الصباط ناقص و كايتبلوكا,negatif
livraison n9i walakin mazwinch,neutre
السروال ماخدامش بزاف بزاف خسارة الفلوس,negatif
السيارة ما عجبنيش و عيان,negatif
tilifoun mlih bezzaf je recommande,positif
hwayj khedam mzn ga3,positif
الخدمة غالية شويية توبة نعاود نشري,negatif
lkhidma normal chouiya,neutre
الحوايج رائع غير شوية شراء مميز,positif
هاد المنتج ناقص شوية ولكن خدام ماشي شي حاجة كبيرة,neutre
السروال طوب تستاهل كل خير,positif
had tilifoun machi magnifique jamais de la vie,negatif
هاد المنتج عجباتني شراء مميز,positif
pc machi makaynach bhalha walakin machi chi haja kbira,neutre
toussil zween walakin mazyanch,neutre
had ssiara mlih ghi chwiya nssa7 bih,positif
lkhidma excellent o mezyan,positif
pantalon machi mezian walakin pour le prix m9boul,neutre
rabi ikhalikom had ssiara zween,positif
السروال موسخة خسارة الفلوس,negatif
livraison mezian o waer,positif
غير شريوه هاد الماكلة خفيف,positif
lhwayj machi modir top bzaf,positif
الطوموبيل خايبة و عيان,negatif
had sbat mezian bzaaf merci bzaf,positif
هاد المحل مزيانة ديما الله يعطيك الصحة,positif
هاد المنتج بنينة و كايعجبني,positif
السروال ما مزيانش ولكن بنين,neutre
lhwayj khfif je recommande,positif
المنتج ماشي زبل غير شريوه,positif
pantalon moussekh madiwch 3lih,negatif
had lmahal khfif chwya,positif
هاد الماكلة خايب ندمت عليه,negatif
casque ghzal nssa7 bih,positif
التوصيل بنينة و ما كاينش بحالو,positif
هاد التطبيق ماشي ناجح ما تشريوهش,negatif
هاد السلعة بنين و غزال بزاف,positif
pc magnifique o magnifique,positif
had l'article moyen dima,neutre
dacia machi mzyan jamais de la vie,negatif
tipo 3jbni o top,positif
service top lah i3tikom saha,positif
had lmahal makhedamch da3a dial lweqt,negatif
الحوايج ما عجبنيش ولكن رائع,neutre
tilifoun zbel jamais de la vie,negatif
الكاسك بنينة و كايعجبني,positif
الكاسك ماشي كناصح بيه ماتضيعوش فلوسكم فيه,negatif
هاد الماكلة ما كاينش بحالو ولكن خسارة الفلوس,neutre
lkhidma na9s o decu,negatif
شكرا بزاف المحل عجبني,positif
had pc machi khedam mzn walakin pour le prix ca va,neutre
tilifoun ghzal walakin ghali bzaf,neutre
ghir chriwh dacia top,positif
هاد الماكلة خدام مزيان ولكن ما زوينش,neutre
السلعة ناجح و غزال,positif
هاد السلعة عادي على قد الجيب,neutre
هاد التطبيق ماشي سريع ما كايستاهلش,negatif
هاد الماكلة زوينة تستاهل كل خير,positif
السيارة مزيانة ولكن ما زوينش,neutre
hwayj khasra ghi chwiya,negatif
غير شريوه السروال سريع,positif
هاد الماكلة ناقصة,negatif
هاد التطبيق عجباتني ولكن عيانة,neutre
السروال خايب ولكن غزال,neutre
dacia mtwsat 3adi machi chi haja,neutre
had tomobil magnifique lah i3tikom saha,positif
livraison moyen fait le job,neutre
المنتج ناقصة بزااف ما تشريوهش,negatif
غير شريوه هاد المحل غزال بزاف,positif
الله يعطيك الصحة هاد المنتج ناجح,positif
had l'app machi waer madiwch 3lih,negatif
had sbat na9s walakin mlih,neutre
dacia decu walakin 3jbni,neutre
lproduit degoutant ndemte 3lih,negatif
had sbat mazyanch vraiment,negatif
hadchi ghali bzaf chwiya,negatif
الخدمة ماشي مزيان ما تشريوهش,negatif
المحل سريع غير شوية,positif
المحل بنينة و واعر,positif
هاد التليفون ماشي كناصح بيه ماتضيعوش فلوسكم فيه,negatif
الصباط ما كاينش بحالو الله يعطيك الصحة,positif
السروال ثقيلة ولكن عجبني,neutre
casque machi satisfait walakin fait le job,neutre
had lmakla machi mlih ma3awdch,negatif
الكاسك مقبول ما بيهش,neutre
had l'app ghalia ga3ma,negatif
lhwayj mzyana o excellent,positif
had lproduit machi zwina jamais de la vie,negatif
السيارة ماشي كناصح بيه خسارة الفلوس,negatif
التليفون موسخة ديما,negatif
had sbat machi 3jbatni ma3awdch,negatif
السيارة نقي ولكن ثقيلة,neutre
had lmahal makhedamach 3iyane bzaf,negatif
t-shirt magnifique bzaff ghir chriwh,positif
had pc sans plus ga3ma,neutre
هاد التطبيق ماخداماش فعلا,negatif
pc 3ayana chwiya bzaf,negatif
السروال ماشي كناصح بيه ما كايستاهلش,negatif
هاد الماكلة خايب بزآف ما تشريوهش,negatif
التليفون عيانة بزاف بزاف ماتضيعوش فلوسكم فيه,negatif
هاد التطبيق ماشي زوين كيقضي الغرض وصافي,neutre
lkhidma zbel ma3awdch,negatif
هاد المحل زبل بزآف,negatif
السروال ماشي بطل ولكن على قد الجيب,neutre
service machi mlih walakin fait le job,neutre
hwayj ghali bzaf o d3ifa,negatif
هاد السلعة مزيان و عجبني,positif
had ssiara khasra,negatif
had lmahal machi original walakin pour le prix m9boul,neutre
pc 3la 9d lhal fait le job,neutre
had l'article machi khayb chouiya,neutre
had lmahal moussekh ga3 khasara dyal lflouss,negatif
هاد التليفون غزال ولكن خسارة الفلوس,neutre
toussil machi mzyana walakin fait le travail,neutre
pc 3jbatni bezzaf,positif
had lproduit khedam mzyan o makaynach bhalha,positif
had lmahal zwine bzaf walakin ma3jbnich,neutre
pantalon na9s bezzaf,negatif
ندمت عليه الكاسك خايبة,negatif
livraison machi zwina walakin fait le travail,neutre
had sbat khaib o fchel,negatif
pc khasra o makanich,negatif
pantalon zwina chira2 mzyan,positif
nssa7 bih service n9i,positif
had lmakla decu chwiya 3iyane bzaf,negatif
casque khasr walakin zwin,neutre
الماكينة ماشي خفيف ضياع الوقت والفلوس,negatif
المحل ماشي زوين كاع,neutre
perte d'argent hwayj t9il,negatif
السيارة ماشي زوين ولكن على قد الجيب,neutre
tipo modir ma3awdch,negatif
dacia 3ayan dima,negatif
هاد المحل عادي بزاف بزاف,neutre
lhwayj satisfait dima 3jebni bzaf,positif
الخدمة خايبة شويية ما كايستاهلش,negatif
الصباط ثقيل بزاف ما تشريوهش,negatif
هاد المحل زوين الله يعطيك الصحة,positif
ghir chriwh dacia 3jbni,positif
da3a dial lweqt srioual makhedamach,negatif
had tilifoun machi mezian never buy this,negatif
الخدمة عادي كاع,neutre
da3a dial lweqt hwayj ghalia,negatif
had tomobil mabghitch chwya,negatif
الكاسك مزيان كنصح بيه,positif
الماكينة خفيف شوية شراء مميز,positif
السروال غزال و غزال,positif
هاد التطبيق ماشي ثقيل كنصح بيه,positif
livraison t9il ma3awdch,negatif
pantalon ghali bzaf walakin ghzal,neutre
الطوموبيل غزالة شكرا بزاف,positif
هاد التليفون ماشي واعرة ولكن ماشي شي حاجة كبيرة,neutre
الحوايج مزيانة و رائع,positif
الطوموبيل ماشي زوين ما كايستاهلش,negatif
ecouteurs mazwinch jamais de la vie,negatif
السيارة ماشي ناجح ما كايستاهلش,negatif
السلعة عادي وصافي بزااف,neutre
had lmakla khedam mzn o satisfait,positif
الطوموبيل غالي بزاف ضياع الوقت والفلوس,negatif
had ssiara machi 3jbatni 3iyane bzaf,negatif
المنتج طوب غير شريوه,positif
هاد المحل ماشي كناصح بيه ما كايستاهلش,negatif
السلعة بطل كاع رائع جدا,positif
tipo normal ga3ma,neutre
toussil khaib o mazwinch,negatif
الحوايج نقي و ممتاز,positif
هاد التليفون ماشي شي حاجة بزآف,neutre
lhwayj mzyana o sria3,positif
khoudouh wntouma mhaniyin dacia 3jebni,positif
toussil 3jbatni walakin mousskha,neutre
lkhidma zwina vraiment merci bzaf,positif
ماتضيعوش فلوسكم فيه المنتج موسخة,negatif
هاد المحل كايتبلوكا كاع,negatif
had lmakla ghalia bzaf walakin zwina,neutre
lkhidma machi chi haja chwya,neutre
khoudouh wntouma mhaniyin had sbat mousali,positif
srioual khedam mzn tellement rabi ikhalikom,positif
casque acceptable bzf,neutre
الصباط نورمال,neutre
had l'app mtwsat vraiment,neutre
pc machi sria3 walakin machi chi haja kbira,neutre
غير شريوه التوصيل واعر,positif
pc excellent o magnifique,positif
المنتج غالية بزاف ماتضيعوش فلوسكم فيه,negatif
هاد المحل ماشي بنين ما تشريوهش,negatif
التليفون ماشي مزيانة ولكن ما بيهش,neutre
tipo top walakin mazwinch,neutre
التليفون موسخة و حامضة,negatif
المحل موسخة,negatif
الصباط ناجح غير شوية عجبني بزاف,positif
هاد المنتج ماشي غزالة ولكن كيقضي الغرض وصافي,neutre
هاد الماكلة غزال ولكن زبل,neutre
هاد التليفون خدام مزيان ولكن حامض,neutre
tipo ghzal o khedam mzn,positif
toussil machi mzyana madiwch 3lih,negatif
الماكينة واعر ولكن ضعيفة,neutre
هاد المنتج غالي بزاف بزاف بزاف,negatif
hwayj machi wa3er walakin machi chi haja kbira,neutre
المحل غزالة شوية,positif
lproduit machi 3jebni walakin machi chi haja kbira,neutre
هاد التليفون ماشي زوين ولكن عادي وصافي,neutre
هاد السلعة كايتبلوكا ولكن بنين,neutre
التوصيل عادي وصافي شويية,neutre
هاد المنتج ماشي بنينة ما تشريوهش,negatif
hwayj horrible o ghali bzaf,negatif
service ordinaire pour le prix ca va,neutre
السروال حامض و عيان,negatif
هاد المنتج زوين تستاهل كل خير,positif
service ghali o makhedamach,negatif
السروال غالي بزاف توبة نعاود نشري,negatif
التوصيل كناصح بيه ولكن خاسرة,neutre
الصباط خاسر و خايب,negatif
tilifoun kay9di lghard fait le job,neutre
هاد المنتج ماشي خاسرة كنصح بيه,positif
شكرا بزاف السلعة غزالة,positif
had lproduit machi na9s merci bzaf,positif
had lmahal mazwinch chwiya madiwch 3lih,negatif
الطوموبيل ماشي زوين ما تشريوهش,negatif
هاد التطبيق رائع كاع,positif
lproduit fchel vraiment khasara dyal lflouss,negatif
هاد التليفون مزيان غير شريوه,positif
تستاهل كل خير التليفون عجبني,positif
السيارة فشل,negatif
lproduit khedam mzyan walakin mazwinch,neutre
شراء مميز هاد التطبيق بطل,positif
lah i3tikom saha had sbat zwina,positif
had lproduit machi khaser nssa7 bih,positif
السيارة خفيف شوية غير شريوه,positif
service mezian walakin khayba,neutre
هاد المحل ماشي بطل ولكن كيقضي الغرض وصافي,neutre
الطوموبيل زبل كاعma ضياع الوقت والفلوس,negatif
had l'article khedam mzn chwya,positif
had lmakla ordinaire chwya,neutre
srioual ghalia walakin mousali,neutre
ضياع الوقت والفلوس السروال ضعيفة,negatif
lah i3tikom saha had ssiara mezian,positif
tipo mousali chwya,positif
service d3if walakin zwin,neutre
السيارة ماشي مزيانة ماتضيعوش فلوسكم فيه,negatif
البيسي ما عجبنيش كاعma خسارة الفلوس,negatif
dacia moyen machi chi haja kbira,neutre
الكاسك نقي شويية خودوه وانتوما هانيين,positif
الخدمة ماشي خفيف ولكن عادي وصافي,neutre
tipo zwina dima,positif
التوصيل ما زوينش كاع ماتضيعوش فلوسكم فيه,negatif
المنتج غزال شكرا بزاف,positif
الله يعطيك الصحة الطوموبيل بطل,positif
الصباط مزيان ولكن عيان,neutre
الخدمة ماشي مزيان خسارة الفلوس,negatif
je recommande had sbat bnin,positif
lproduit moyen chwiya bzaf,neutre
pc ghali bzaf o t9ila,negatif
had tilifoun mzyana rabi ikhalikom,positif
3iyane bzaf service ma3jbnich,negatif
t-shirt machi makaynach bhalha walakin machi chi haja kbira,neutre
الصباط زبل كاع,negatif
toussil khedam mzyan bzaf,positif
هاد المحل ناقص شوية ولكن خدام على قد الجيب,neutre
had ssiara machi magnifique madiwch 3lih,negatif
توبة نعاود نشري السلعة ضعيف,negatif
had pc machi khasra ghir chriwh,positif
هاد الماكلة ندمت عليه خسارة الفلوس,negatif
الطوموبيل ناقص ماتضيعوش فلوسكم فيه,negatif
البيسي ما مزيانش فعلا ندمت عليه,negatif
t-shirt machi bnin walakin pour le prix m9boul,neutre
livraison 3adia bzaaf,neutre
هاد التليفون ناقصة بزااف,negatif
casque machi khfif walakin fait le job,neutre
الماكينة زبل توبة نعاود نشري,negatif
المحل نورمال عادي وصافي,neutre
هاد المحل ماشي واعر ماشي شي حاجة كبيرة,neutre
السلعة ماشي كايعجبني ما كايستاهلش,negatif
lkhidma moyen 3adi machi chi haja,neutre
had tomobil zwina walakin d3if,neutre
الطوموبيل كايعجبني و غزال,positif
هاد التليفون غالية خسارة الفلوس,negatif
jamais de la vie had pc ghali bzaf,negatif
had sbat bnin walakin kaytskhn,neutre
hwayj ma3jbnich tellement ma3awdch,negatif
had ssiara machi parfait perte d'argent,negatif
الحوايج ضعيفة ولكن عجبني,neutre
هاد التطبيق ناقص شوية ولكن خدام ما بيهش,neutre
ecouteurs wa3er walakin na9s,neutre
البيسي فشل ولكن ناجح,neutre
هاد المحل سريع ولكن خسارة الفلوس,neutre
lkhidma 3ayan ndemte 3lih,negatif
تستاهل كل خير هاد الماكلة طوب,positif
srioual sria3 walakin khaib,neutre
had pc ma3jbnich tellement,negatif
had l'app makaynach bhalha tellement ghir chriwh,positif
الحوايج غالي توبة نعاود نشري,negatif
had sbat khedam mzn vraiment,positif
شكرا بزاف هاد المحل كناصح بيه,positif
هاد المنتج مقبولة عادي وصافي,neutre
الماكينة ماشي ناقصة رائع جدا,positif
الكاسك حامضة بزاف توبة نعاود نشري,negatif
هاد الماكلة بطل بزاف تستاهل كل خير,positif
السروال نقي فعلا,positif
السروال ماشي khayb بزاف,neutre
السلعة ماشي خدام مزيان ولكن على قد الثمن,neutre
الطوموبيل فشل ولكن طوب,neutre
هاد المنتج كايعجبني بزآف,positif
المنتج سريع ديما تستاهل كل خير,positif
ecouteurs na9sa bzaff never buy this,negatif
pantalon khasr ghi chwiya,negatif
had l'article machi 3ayana rabi ikhalikom,positif
رائع جدا الحوايج خدام مزيان,positif
service nul madiwch 3lih,negatif
tipo 3adia tellement,neutre
srioual zwina chwiya bzaf,positif
had sbat machi mabghitch merci bzaf,positif
هاد المنتج نقي شوية,positif
ecouteurs top dial top ghi chwiya recommande 100%,positif
التليفون ممتاز ولكن ثقيل,neutre
tipo kaytbloqua o fchel,negatif
livraison zwin o zwina,positif
هاد الماكلة زوين ولكن ماخدامش,neutre
الطوموبيل خايبة و زبل,negatif
هاد المحل بطل ولكن ما عجبنيش,neutre
شراء مميز الطوموبيل خفيف,positif
3jebni bzaf had pc top,positif
هاد الماكلة ماشي خسارة الفلوس الله يعطيك الصحة,positif
شراء مميز السيارة مزيانة,positif
dacia excellent chouiya khoudouh wntouma mhaniyin,positif
had tomobil 3adia dima,neutre
هاد الماكلة زوين و خدام مزيان,positif
المحل كناصح بيه ولكن ناقصة,neutre
tipo horrible bzaaf,negatif
التوصيل عيانة و عيانة,negatif
lkhidma machi d3if rabi ikhalikom,positif
had ssiara khfif nssa7 bih,positif
هاد التطبيق مزيان و ما كاينش بحالو,positif
lkhidma machi decu rabi ikhalikom,positif
service zwin walakin zbel,neutre
tipo top ga3 chira2 mzyan,positif
الخدمة خاسرة بزآف,negatif
tilifoun satisfait chwya je recommande,positif
hadchi mazyanch walakin zwin,neutre
هاد المحل ماشي khayb بزاف,neutre
المحل عادية بزاف بزاف,neutre
livraison machi zwine fait le travail,neutre
هاد الماكلة ندمت عليه و ما زوينش,negatif
الحوايج كايتبلوكا ما كايستاهلش,negatif
ما كايستاهلش الحوايج خاسر,negatif
had ssiara ma3jbnich walakin zween,neutre
ندمت عليه الحوايج ثقيل,negatif
غير شريوه هاد التطبيق نقي,positif
هاد المنتج ماشي ناقص تستاهل كل خير,positif
tilifoun top o excellent,positif
dacia acceptable pour le prix ca va,neutre
الحوايج عادية بزااف,neutre
merci bzaf ecouteurs mzyan,positif
ضياع الوقت والفلوس الصباط غالي بزاف,negatif
livraison machi excellent never buy this,negatif
pc machi zween walakin fait le travail,neutre
casque makanich madiwch 3lih,negatif
الماكينة موسخ شوية ما تشريوهش,negatif
matkhasrouch flousscom had tilifoun nul,negatif
هاد التطبيق حامضة غير شوية,negatif
السيارة ماشي ما كاينش بحالو ندمت عليه,negatif
الحوايج ماشي ثقيل شراء مميز,positif
tilifoun machi mzyan walakin 3adi machi chi haja,neutre
الحوايج حامض بزاف بزاف خسارة الفلوس,negatif
الكاسك ما مزيانش فعلا خسارة الفلوس,negatif
السروال ما زوينش بزآف,negatif
had lproduit khedam mzn,positif
had sbat correct chouiya,neutre
هاد المنتج ماشي khayb ماشي شي حاجة كبيرة,neutre
casque makhedamach chwiya bzaf da3a dial lweqt,negatif
ghir chriwh had l'app zwine,positif
livraison machi nul merci bzaf,positif
lkhidma machi zwine da3a dial lweqt,negatif
had l'article bnin walakin na9s,neutre
ماتضيعوش فلوسكم فيه هاد السلعة فشل,negatif
livraison parfait ga3,positif
had lmahal mezyan rabi ikhalikom,positif
pantalon 3jbatni o makaynach bhalha,positif
hwayj modir khasara dyal lflouss,negatif
had lmahal ghalia bzaf walakin top,neutre
هاد التليفون عجبني و ناجح,positif
التليفون ماشي غزالة ولكن على قد الجيب,neutre
lkhidma t9il bzaf,negatif
هاد التليفون ماشي غزالة ولكن ما بيهش,neutre
pc machi wa3er walakin pour le prix ca va,neutre
هاد الماكلة بطل شراء مميز,positif
التوصيل ماشي زوين كيقضي الغرض وصافي,neutre
had lproduit ghzal walakin ghali bzaf,neutre
السلعة عجبني ديما,positif
srioual 3jebni walakin t9il,neutre
توبة نعاود نشري السروال ناقص,negatif
had pc ghalia bzaf o mousskha,negatif
الله يعطيك الصحة السروال زوين,positif
had l'app fi lmotawassit 3adi machi chi haja,neutre
t-shirt 3ayana never buy this,negatif
jamais de la vie tilifoun na9sa,negatif
السلعة ماشي بطل ندمت عليه,negatif
ecouteurs ghzal o khedam mzyan,positif
المنتج واعر و زوينة,positif
التوصيل ماشي بنينة ولكن على قد الثمن,neutre
الصباط ماشي خايب شكرا بزاف,positif
t-shirt 3la 9d lhal chwiya bzaf,neutre
السيارة واعرة كاعma غير شريوه,positif
hwayj khasr bezzaf,negatif
هاد المحل كناصح بيه شراء مميز,positif
هاد المحل ماشي مزيانة ولكن على قد الثمن,neutre
had lproduit parfait lah i3tikom saha,positif
الكاسك ماشي khayb على قد الجيب,neutre
lhwayj makaynach bhalha walakin ghali,neutre
الخدمة ماشي حامضة شكرا بزاف,positif
service t9il o khayba,negatif
البيسي خاسرة بزآف,negatif
التليفون عيان ماتضيعوش فلوسكم فيه,negatif
هاد المحل ماشي كايتبلوكا كنصح بيه,positif
ndemte 3lih lkhidma mabghitch,negatif
t-shirt top walakin 3ayan,neutre
السلعة ثقيلة ما تشريوهش,negatif
عجبني بزاف الطوموبيل عجبني,positif
pc machi bnin 3iyane bzaf,negatif
هاد المحل خفيف خودوه وانتوما هانيين,positif
هاد السلعة زوينة بزااف رائع جدا,positif
had ssiara mezian o top dial top,positif
had lproduit khfif chwiya,positif
dacia machi parfait walakin 3adi machi chi haja,neutre
recommande 100% had tomobil excellent,positif
هاد التطبيق بطل ولكن غالي بزاف,neutre
t-shirt machi mazyanch nssa7 bih,positif
هاد السلعة فشل ما كايستاهلش,negatif
المنتج على قد الحال عادي وصافي,neutre
التليفون ضعيف ولكن غزال,neutre
الصباط ماشي ناجح ولكن كيقضي الغرض وصافي,neutre
hadchi correct bzaff,neutre
الخدمة ماشي واعرة ماتضيعوش فلوسكم فيه,negatif
التليفون ناقص خسارة الفلوس,negatif
البيسي موسخ شويية ضياع الوقت والفلوس,negatif
السروال ماشي شي حاجة غير شوية,neutre
الحوايج بنينة ولكن عيان,neutre
pantalon machi zwine walakin fait le job,neutre
lproduit machi makhedamch lah i3tikom saha,positif
الماكينة نقي شوية,positif
ندمت عليه التوصيل حامض,negatif
ecouteurs makanich jamais de la vie,negatif
المنتج غالية غير شوية,negatif
had sbat makanich o kaytbloqua,negatif
الكاسك خسارة الفلوس ولكن مزيانة,neutre
الخدمة ماشي حامضة رائع جدا,positif
had tilifoun 3jbni tellement chira2 mzyan,positif
السلعة ضعيفة فعلا,negatif
هاد السلعة ثقيل و عيانة,negatif
التليفون ماشي واعرة ولكن على قد الجيب,neutre
هاد السلعة رائع و مزيانة,positif
البيسي ماشي واعر ولكن على قد الجيب,neutre
lhwayj zwine chira2 mzyan,positif
الماكينة متوسط عادي وصافي,neutre
service kaytbloqua bzaff ndemte 3lih,negatif
had lmakla machi mlih walakin fait le travail,neutre
الخدمة كناصح بيه و بنين,positif
had tilifoun correct pour le prix m9boul,neutre
casque khasr walakin parfait,neutre
هاد الماكلة ماشي رائع خسارة الفلوس,negatif
hwayj machi satisfait walakin machi chi haja kbira,neutre
البيسي واعرة ولكن ثقيل,neutre
service makanich tellement,negatif
rabi ikhalikom had l'article zween,positif
الماكينة ماشي ماخدامش الله يعطيك الصحة,positif
هاد التليفون خاسرة و فشل,negatif
lkhidma mzyan lah i3tikom saha,positif
srioual khaib 3iyane bzaf,negatif
هاد السلعة ناقصة ولكن طوب,neutre
lproduit bof ga3ma,neutre
hwayj moyenne dima,neutre
السيارة ما مزيانش ندمت عليه,negatif
pantalon magnifique bezzaf ghir chriwh,positif
t-shirt machi mzyan walakin fait le travail,neutre
had lproduit machi t9il nssa7 bih,positif
هاد التليفون ناقص ديما,negatif
الحوايج موسخ بزاف بزاف,negatif
هاد المحل ماشي خفيف ما كايستاهلش,negatif
الماكينة ما كاينش بحالو و غزالة,positif
هاد التليفون غالي و خايب,negatif
dacia ghali o t9il,negatif
had tomobil mtwsat tellement,neutre
المنتج زوين بزاف,positif
had tomobil magnifique chwya chira2 mzyan,positif
الكاسك زوينة فعلا,positif
الطوموبيل ممتاز شوية,positif
had ssiara mabghitch bzf,negatif
الماكينة ممتاز ولكن ماخداماش,neutre
ضياع الوقت والفلوس هاد المحل خاسرة,negatif
هاد المحل ندمت عليه شويية,negatif
هاد المحل ما عجبنيش ماتضيعوش فلوسكم فيه,negatif
had lproduit na9sa matkhasrouch flousscom,negatif
had sbat d3ifa o degoutant,negatif
الطوموبيل ماشي بنينة ما تشريوهش,negatif
المنتج غزالة ولكن حامضة,neutre
التوصيل ما عجبنيش ما تشريوهش,negatif
التليفون سريع شوية خودوه وانتوما هانيين,positif
lproduit magnifique rabi ikhalikom,positif
هاد التطبيق ماشي غزال خسارة الفلوس,negatif
هاد الماكلة مزيان خودوه وانتوما هانيين,positif
toussil moyen fait le travail,neutre
هاد المحل ماشي كايعجبني ماتضيعوش فلوسكم فيه,negatif
الصباط بنين ولكن زبل,neutre
المنتج ندمت عليه ولكن غزال,neutre
هاد السلعة ندمت عليه ديما,negatif
pantalon machi parfait walakin fait le job,neutre
الماكينة عجبني غير شوية,positif
هاد السلعة حامضة و ضعيف,negatif
الصباط عادي بزاف بزاف,neutre
المحل ثقيلة شوية ندمت عليه,negatif
had lmakla mazyanch ma3awdch,negatif
livraison kaytbloqua walakin n9i,neutre
hadchi pas exceptionnel tellement,neutre
t-shirt machi wa3er walakin 3adi machi chi haja,neutre
srioual khaib bzf,negatif
البيسي ماشي واعر بزاف,neutre
هاد السلعة ناقص شوية,negatif
هاد المحل ناقص و موسخ,negatif
هاد التليفون بنين ولكن غالي بزاف,neutre
الطوموبيل ماشي عجبني ما كايستاهلش,negatif
هاد المحل ماشي مزيان توبة نعاود نشري,negatif
pc kaytbloqua walakin mousali,neutre
lhwayj makaynach bhalha chwiya bzaf 3jebni bzaf,positif
السيارة ماشي غزال ولكن على قد الجيب,neutre
t-shirt machi top dial top never buy this,negatif
هاد المنتج ماشي خاسر كنصح بيه,positif
had sbat na9s khasara dyal lflouss,negatif
السروال غالية ولكن واعرة,neutre
livraison na9s ndemte 3lih,negatif
السلعة ماشي شي حاجة كاعma,neutre
had l'article parfait o n9i,positif
التوصيل ماشي واعرة ندمت عليه,negatif
السروال ماشي سريع ولكن كيقضي الغرض وصافي,neutre
السيارة حامضة ندمت عليه,negatif
الماكينة مزيانة غير شوية,positif
هاد الماكلة بنينة الله يعطيك الصحة,positif
السيارة كايتبلوكا ندمت عليه,negatif
tipo machi chi haja bezzaf,neutre
هاد التليفون ماخدامش ولكن مزيان,neutre
srioual waer walakin makanich,neutre
هاد التليفون ما عجبنيش ولكن مزيانة,neutre
had tilifoun fi lmotawassit,neutre
المنتج ماشي ضعيفة رائع جدا,positif
المنتج ندمت عليه ندمت عليه,negatif
الماكينة ضعيفة ما كايستاهلش,negatif
السلعة غزال عجبني بزاف,positif
غير شريوه المحل خدام مزيان,positif
الماكينة غزال بزاف ولكن ماخداماش,neutre
had sbat machi wa3er walakin fait le travail,neutre
البيسي ماخداماش ندمت عليه,negatif
هاد التطبيق ناجح ولكن عيانة,neutre
je recommande toussil khfif,positif
had l'app mousali bzf,positif
lhwayj machi original walakin 3adi machi chi haja,neutre
pantalon original walakin mabghitch,neutre
هاد الماكلة حامضة بزااف,negatif
khoudouh wntouma mhaniyin pc khedam mzn,positif
khasara dyal lflouss had l'app horrible,negatif
الطوموبيل مزيانة ولكن ناقصة,neutre
الطوموبيل مقبول شويية,neutre
hadchi machi khayb,neutre
had sbat machi makaynach bhalha madiwch 3lih,negatif
had l'app machi original never buy this,negatif
التليفون ماخدامش ضياع الوقت والفلوس,negatif
hadchi machi mezian walakin pour le prix ca va,neutre
had lmakla correct chouiya,neutre
هاد التطبيق مزيانة و بنين,positif
ma3awdch lhwayj mousskha,negatif
الخدمة ماشي خسارة الفلوس كنصح بيه,positif
had lproduit mousali chwiya rabi ikhalikom,positif
هاد المنتج ما زوينش ديما ندمت عليه,negatif
had l'app sria3 o zwina,positif
غير شريوه هاد التطبيق طوب,positif
التوصيل ماشي شي حاجة ماشي شي حاجة كبيرة,neutre
tipo machi top dial top walakin machi chi haja kbira,neutre
الماكينة ماشي كايعجبني ندمت عليه,negatif
had pc khedam mzyan o mezyan,positif
المحل موسخ و ما عجبنيش,negatif
lproduit machi khaib khoudouh wntouma mhaniyin,positif
الكاسك ضعيف ندمت عليه,negatif
هاد التطبيق ماشي خاسرة رائع جدا,positif
lkhidma zwin o n9i,positif
casque machi zwine bzaff,neutre
الصباط خفيف شراء مميز,positif
had l'app 3jebni walakin khaib,neutre
had tomobil machi chi haja chwiya,neutre
had l'app 3jbni tellement rabi ikhalikom,positif
pantalon ordinaire chouiya,neutre
التوصيل واعر شكرا بزاف,positif
كنصح بيه هاد السلعة عجبني,positif
t-shirt zbel walakin waer,neutre
المنتج ماشي كناصح بيه ولكن عادي وصافي,neutre
had lproduit degoutant matkhasrouch flousscom,negatif
شكرا بزاف هاد الماكلة عجباتني,positif
الخدمة كايعجبني ولكن غالي,neutre
had l'article machi zwin walakin pour le prix ca va,neutre
هاد المنتج ناجح رائع جدا,positif
الصباط خسارة الفلوس ولكن واعرة,neutre
lkhidma machi chi haja vraiment,neutre
casque ghalia walakin mezyan,neutre
السيارة رائع ولكن ماخداماش,neutre
البيسي غزال بزاف فعلا الله يعطيك الصحة,positif
هاد المحل ماشي ما كاينش بحالو ضياع الوقت والفلوس,negatif
كنصح بيه الحوايج غزال,positif
الماكينة ماشي بطل ولكن ما بيهش,neutre
had l'article machi makaynach bhalha walakin machi chi haja kbira,neutre
pantalon machi 3jbni walakin machi chi haja kbira,neutre
had lmahal machi mzyan walakin fait le job,neutre
had lmakla makhedamach walakin 3jbatni,neutre
tilifoun sria3 nssa7 bih,positif
المنتج واعر شوية شراء مميز,positif
had l'article machi ghzal ma3awdch,negatif
had pc mtwsat fait le travail,neutre
المحل زبل ولكن غزال بزاف,neutre
السروال ماشي سريع ما كايستاهلش,negatif
had l'app excellent bzf lah i3tikom saha,positif
هاد المحل متوسطة بزااف,neutre
غير شريوه هاد التطبيق غزال بزاف,positif
had tomobil khaib o khasra,negatif
lkhidma machi mazwinch lah i3tikom saha,positif
hadchi wa3er bzaaf 3jebni bzaf,positif
الخدمة ماشي بنينة ما كايستاهلش,negatif
perte d'argent livraison degoutant,negatif
livraison bnin bzaf,positif
هاد الماكلة فشل ما كايستاهلش,negatif
تستاهل كل خير الخدمة مزيانة,positif
الخدمة موسخة ولكن كناصح بيه,neutre
هاد التطبيق زوينة خودوه وانتوما هانيين,positif
lhwayj khedam mzyan walakin 3ayan,neutre
had l'article na9s chwiya walakin khedam ghi chwiya,neutre
lkhidma zwine walakin 3ayana,neutre
pc bof fait le job,neutre
pc ghzal bzaf,positif
هاد التطبيق غزال ولكن موسخة,neutre
هاد السلعة فشل ندمت عليه,negatif
الحوايج كايتبلوكا ماتضيعوش فلوسكم فيه,negatif
التوصيل حامض بزاف خسارة الفلوس,negatif
المنتج عيان شوية ما تشريوهش,negatif
هاد التطبيق ما عجبنيش ولكن سريع,neutre
السيارة كايتبلوكا و غالي,negatif
الصباط غالي ولكن عجبني,neutre
الماكينة ماشي شي حاجة كيقضي الغرض وصافي,neutre
tipo excellent ga3ma,positif
lkhidma mzyana walakin ghalia bzaf,neutre
lproduit machi mzyan khasara dyal lflouss,negatif
lproduit mezian vraiment lah i3tikom saha,positif
هاد السلعة ثقيل ولكن خفيف,neutre
had pc degoutant never buy this,negatif
الخدمة ماشي ممتاز ولكن ما بيهش,neutre
da3a dial lweqt tilifoun kaytbloqua,negatif
هاد التطبيق غالي بزاف بزاف ماتضيعوش فلوسكم فيه,negatif
الخدمة ماخداماش خسارة الفلوس,negatif
هاد التليفون خسارة الفلوس كاعma,negatif
هاد التطبيق واعر كاعma شراء مميز,positif
srioual mezyan walakin khaib,neutre
هاد التليفون زبل شويية خسارة الفلوس,negatif
هاد المنتج سريع خودوه وانتوما هانيين,positif
had l'app 3jebni recommande 100%,positif
الكاسك ناقصة ولكن خفيف,neutre
had lmakla ghalia bzaf perte d'argent,negatif
had l'article original chwiya khoudouh wntouma mhaniyin,positif
had tilifoun correct pour le prix ca va,neutre
recommande 100% had tomobil mzyana,positif
المنتج مقبول كاع,neutre
البيسي عجبني و زوين,positif
da3a dial lweqt had pc fchel,negatif
هاد المحل متوسط,neutre
ضياع الوقت والفلوس الطوموبيل خاسر,negatif
tipo horrible walakin mzyan,neutre
casque kaytbloqua madiwch 3lih,negatif
ghir chriwh had l'article 3jbatni,positif
t-shirt degoutant tellement,negatif
ecouteurs kaytskhn walakin khedam mzn,neutre
tilifoun na9s ndemte 3lih,negatif
dacia sria3 walakin makhedamch,neutre
الكاسك فشل ولكن خدام مزيان,neutre
هاد التليفون سريع و واعرة,positif
had lmahal machi n9i 3iyane bzaf,negatif
dacia ghali o mousskha,negatif
had sbat khasr o moussekh,negatif
الصباط خدام مزيان عجبني بزاف,positif
lkhidma machi khayb machi chi haja kbira,neutre
ecouteurs satisfait ghi chwiya recommande 100%,positif
هاد السلعة كناصح بيه بزااف غير شريوه,positif
ماتضيعوش فلوسكم فيه التليفون غالي بزاف,negatif
casque zbel walakin zwine,neutre
pc mezyan o 3jbni,positif
pantalon mousskha walakin mzyana,neutre
البيسي غزال خودوه وانتوما هانيين,positif
had pc ghali 3iyane bzaf,negatif
الخدمة غالية شوية توبة نعاود نشري,negatif
lproduit machi magnifique ndemte 3lih,negatif
had tilifoun machi sria3 walakin pour le prix ca va,neutre
rabi ikhalikom had lmakla bnin,positif
had l'app na9sa 3iyane bzaf,negatif
التليفون بنينة ولكن غالي,neutre
هاد التطبيق زبل و خسارة الفلوس,negatif
livraison mazwinch o 3ayan,negatif
3jebni bzaf tilifoun parfait,positif
service machi d3if ghir chriwh,positif
toussil zwina dima merci bzaf,positif
srioual machi makhedamach recommande 100%,positif
tilifoun kaytbloqua walakin mlih,neutre
had sbat modir walakin zwine,neutre
casque ghalia bzaf ga3,negatif
التوصيل خدام مزيان ولكن غالي,neutre
had lproduit top o mzyan,positif
livraison 3ayana jamais de la vie,negatif
البيسي عادي ماشي شي حاجة كبيرة,neutre
hwayj 3jbatni walakin mazwinch,neutre
البيسي ماشي واعر كيقضي الغرض وصافي,neutre
had tilifoun khasr walakin top dial top,neutre
had pc zwina ghir chriwh,positif
الصباط كايعجبني ولكن موسخة,neutre
toussil machi kaytbloqua ghir chriwh,positif
had ssiara 3adi pour le prix ca va,neutre
tipo satisfait walakin khayba,neutre
ما كايستاهلش الصباط ثقيلة,negatif
هاد التطبيق خاسرة ولكن سريع,neutre
had tilifoun machi zwine bzaf ndemte 3lih,negatif
livraison machi satisfait walakin pour le prix m9boul,neutre
had lmakla original o satisfait,positif
السلعة ماشي ممتاز ولكن كيقضي الغرض وصافي,neutre
je recommande hadchi zwin,positif
casque mousali ga3ma rabi ikhalikom,positif
الماكينة مزيانة و خدام مزيان,positif
had lmakla nul perte d'argent,negatif
je recommande lkhidma satisfait,positif
had pc kaytskhn perte d'argent,negatif
srioual machi mlih never buy this,negatif
هاد المحل ماشي بنينة ضياع الوقت والفلوس,negatif
hwayj nul walakin bnin,neutre
الحوايج ما مزيانش و خسارة الفلوس,negatif
الطوموبيل ماشي ما كاينش بحالو ولكن ماشي شي حاجة كبيرة,neutre
had pc khasra walakin zwina,neutre
hwayj top 3jebni bzaf,positif
lkhidma mabghitch da3a dial lweqt,negatif
srioual machi zwine bzaf walakin 3adi machi chi haja,neutre
الطوموبيل خايب و موسخة,negatif
هاد المحل ما كاينش بحالو و بنين,positif
هاد السلعة ما زوينش ديما,negatif
service khaib chwya 3iyane bzaf,negatif
had l'article sans plus bezzaf,neutre
had l'article machi n9i walakin 3adi machi chi haja,neutre
الخدمة زوين غير شوية شراء مميز,positif
الطوموبيل رائع غير شوية,positif
livraison mezyan walakin makhedamach,neutre
هاد السلعة غالي ولكن نقي,neutre
الماكينة خفيف ولكن ناقصة,neutre
had sbat machi chi haja 3adi machi chi haja,neutre
khasara dyal lflouss toussil khasra,negatif
الكاسك طوب كاع,positif
casque normal machi chi haja kbira,neutre
الصباط ما كاينش بحالو شراء مميز,positif
had sbat top chwiya,positif
had sbat sria3 walakin na9sa,neutre
الخدمة ماخدامش و ما زوينش,negatif
المنتج على قد الحال على قد الجيب,neutre
البيسي عيان بزاف بزاف,negatif
toussil mezian chwya khoudouh wntouma mhaniyin,positif
had lmakla t9ila chwya jamais de la vie,negatif
t-shirt makaynach bhalha walakin makhedamch,neutre
matkhasrouch flousscom lkhidma horrible,negatif
الحوايج ماشي ندمت عليه شكرا بزاف,positif
هاد المحل ماشي فشل شراء مميز,positif
livraison mezian walakin makhedamach,neutre
السروال غزالة ولكن موسخ,neutre
had sbat machi khedam mzn walakin fait le job,neutre
dacia correct pour le prix m9boul,neutre
had lproduit mezyan walakin mazwinch,neutre
هاد التطبيق غزالة الله يعطيك الصحة,positif
had pc nul chwiya,negatif
had lproduit mezyan bzaaf,positif
خودوه وانتوما هانيين الطوموبيل مزيانة,positif
had l'article machi khayb ga3,neutre
lproduit decu o makhedamach,negatif
البيسي ماشي غزال بزاف ولكن على قد الثمن,neutre
هاد السلعة كناصح بيه كاع شراء مميز,positif
خودوه وانتوما هانيين الطوموبيل عجبني,positif
t-shirt 3adia 3adi machi chi haja,neutre
ecouteurs d3ifa bzaff ndemte 3lih,negatif
هاد التطبيق ماشي بنينة توبة نعاود نشري,negatif
التليفون واعرة و مزيان,positif
هاد التليفون خدام مزيان رائع جدا,positif
lproduit zbel ma3awdch,negatif
هاد الماكلة سريع ولكن ماخدامش,neutre
hadchi mzyan ghi chwiya,positif
had pc machi 3jebni madiwch 3lih,negatif
lhwayj top top bzaf,positif
matkhasrouch flousscom had sbat t9ila,negatif
had l'app machi khedam mzn walakin fait le job,neutre
lproduit khedam mzyan rabi ikhalikom,positif
هاد التطبيق ماشي ثقيل غير شريوه,positif
ضياع الوقت والفلوس هاد المحل خاسر,negatif
السلعة خايب كاعma,negatif
المنتج زبل ولكن مزيان,neutre
هاد المنتج بنين الله يعطيك الصحة,positif
lkhidma t9il walakin parfait,neutre
had tilifoun machi zween ndemte 3lih,negatif
السلعة ماشي غزالة ما تشريوهش,negatif
الحوايج بطل ولكن خاسر,neutre
هاد التطبيق كايتبلوكا و عيانة,negatif
3iyane bzaf had lproduit makhedamach,negatif
الصباط ماشي واعرة ولكن على قد الثمن,neutre
casque 3jebni walakin nul,neutre
الخدمة ماشي كناصح بيه ولكن ما بيهش,neutre
هاد السلعة ناقص كاع ندمت عليه,negatif
السيارة خاسر ولكن مزيانة,neutre
هاد التطبيق ماخدامش بزااف,negatif
had l'article 3jebni ghir chriwh,positif
had sbat waer bzaaf rabi ikhalikom,positif
livraison waer top bzaf,positif
هاد المنتج ماشي سريع ولكن ماشي شي حاجة كبيرة,neutre
المحل كايتبلوكا بزااف,negatif
التوصيل زبل بزآف,negatif
الكاسك بنينة و زوينة,positif
هاد المحل موسخ خسارة الفلوس,negatif
ecouteurs machi zwine ma3awdch,negatif
had sbat sria3 top bzaf,positif
الماكينة رائع شويية الله يعطيك الصحة,positif
هاد التطبيق ماشي عجبني خسارة الفلوس,negatif
had ssiara d3ifa bzaff matkhasrouch flousscom,negatif
الطوموبيل خسارة الفلوس فعلا,negatif
service makanich vraiment khasara dyal lflouss,negatif
الطوموبيل خفيف و مزيان,positif
السروال حامضة و ناقصة,negatif
هاد التطبيق ما عجبنيش شويية ما تشريوهش,negatif
had lproduit na9s matkhasrouch flousscom,negatif
service kaytbloqua chwiya bzaf madiwch 3lih,negatif
had tilifoun machi khatir chwya,neutre
الطوموبيل ما مزيانش و غالي,negatif
المحل خفيف ديما,positif
التليفون سريع كاعma,positif
توبة نعاود نشري هاد التليفون ماخدامش,negatif
الماكينة عيان و ناقص,negatif
hwayj machi ma3jbnich rabi ikhalikom,positif
هاد المحل ثقيل كاعma ماتضيعوش فلوسكم فيه,negatif
had ssiara d3ifa o horrible,negatif
الخدمة ماشي كناصح بيه ولكن ماشي شي حاجة كبيرة,neutre
perte d'argent hadchi d3if,negatif
dacia mlih o mlih,positif
المنتج ماشي واعر بزاف,neutre
الحوايج ممتاز بزاف بزاف,positif
السروال زبل و عيانة,negatif
t-shirt zwin bzf,positif
had lmahal mousali tellement merci bzaf,positif
hadchi ghali bzaf,negatif
ندمت عليه الكاسك ثقيلة,negatif
التوصيل زوين رائع جدا,positif
السلعة ناقص شوية ولكن خدام على قد الثمن,neutre
السيارة ناقصة ولكن ممتاز,neutre
هاد المنتج ماشي نقي ضياع الوقت والفلوس,negatif
البيسي خسارة الفلوس ضياع الوقت والفلوس,negatif
هاد الماكلة مقبول ديما,neutre
had tilifoun machi mezian walakin pour le prix ca va,neutre
livraison mazwinch chwiya bzaf,negatif
هاد المنتج عجباتني شويية,positif
البيسي خسارة الفلوس كاع,negatif
tipo 3jbatni merci bzaf,positif
lkhidma correct chwiya,neutre
المنتج ماشي مزيانة ماتضيعوش فلوسكم فيه,negatif
الحوايج غالي ضياع الوقت والفلوس,negatif
هاد التليفون ناقص شوية ولكن خدام على قد الجيب,neutre
هاد التطبيق ماشي غزالة ضياع الوقت والفلوس,negatif
pc sans plus 3adi machi chi haja,neutre
had lmahal machi mabghitch top bzaf,positif
tilifoun kaytskhn walakin ghzal,neutre
الخدمة ضعيفة ولكن عجباتني,neutre
had ssiara machi zwin walakin fait le job,neutre
الكاسك كايتبلوكا بزاف بزاف ماتضيعوش فلوسكم فيه,negatif
srioual machi na9sa top bzaf,positif
المنتج ماخدامش ماتضيعوش فلوسكم فيه,negatif
ecouteurs original walakin modir,neutre
tipo machi khatir bzaf,neutre
هاد المنتج خفيف شراء مميز,positif
السلعة ضعيفة و خايبة,negatif
srioual mezian walakin horrible,neutre
tilifoun mezyan chira2 mzyan,positif
الصباط مقبول غير شوية,neutre
الماكينة غالي بزاف شويية ندمت عليه,negatif
هاد الماكلة موسخ و ثقيل,negatif
lproduit zbel walakin ghzal,neutre
dacia machi zwin madiwch 3lih,negatif
tipo modir o mousskha,negatif
had lmakla zbel bzaff,negatif
recommande 100% hadchi mezian,positif
had l'article mzyan chira2 mzyan,positif
التوصيل ماشي ما مزيانش غير شريوه,positif
السلعة بنين و زوينة,positif
lproduit khasra o ghali bzaf,negatif
هاد التليفون واعر و زوين,positif
هاد الماكلة زبل توبة نعاود نشري,negatif
pantalon d3ifa chwiya bzaf khasara dyal lflouss,negatif
الحوايج ضعيف بزآف ماتضيعوش فلوسكم فيه,negatif
had tomobil ghali bzaf walakin top,neutre
tipo moyen,neutre
هاد التليفون ناجح تستاهل كل خير,positif
هاد التطبيق خدام مزيان و زوينة,positif
pc waer o khfif,positif
شكرا بزاف هاد التطبيق عجباتني,positif
الماكينة بنين بزاف بزاف كنصح بيه,positif
tipo degoutant ghi chwiya ma3awdch,negatif
السلعة خاسر غير شوية,negatif
المحل ماشي كناصح بيه ولكن ما بيهش,neutre
الحوايج طوب شويية الله يعطيك الصحة,positif
had l'app 3ayan walakin mousali,neutre
hadchi correct,neutre
had l'app machi khaib ghir chriwh,positif
had tomobil ghalia bzaf bzaf,negatif
ecouteurs original o khedam mzyan,positif
service machi d3ifa khoudouh wntouma mhaniyin,positif
هاد المنتج عجبني ولكن ماخداماش,neutre
الكاسك رائع ولكن موسخة,neutre
service machi mzyan walakin fait le travail,neutre
هاد السلعة موسخة ندمت عليه,negatif
السيارة خفيف الله يعطيك الصحة,positif
lhwayj machi na9s 3jebni bzaf,positif
البيسي ماخداماش كاع ما كايستاهلش,negatif
المحل زوين ولكن ثقيل,neutre
had pc excellent walakin kaytskhn,neutre
هاد التطبيق غالية و موسخ,negatif
المحل ضعيفة بزاف,negatif
livraison machi khedam mzn ndemte 3lih,negatif
had pc mousskha o modir,negatif
السلعة زبل بزاف,negatif
had lmakla 3ayana o mabghitch,negatif
السلعة كايعجبني بزاف بزاف شكرا بزاف,positif
casque sria3 bzaff ghir chriwh,positif
المنتج ماشي غالية خودوه وانتوما هانيين,positif
had ssiara machi khasra chira2 mzyan,positif
الخدمة ماشي خدام مزيان خسارة الفلوس,negatif
الماكينة مقبول كيقضي الغرض وصافي,neutre
هاد المحل ماشي زوين على قد الثمن,neutre
الكاسك مزيانة تستاهل كل خير,positif
هاد الماكلة طوب و سريع,positif
هاد السلعة ناقصة ولكن زوينة,neutre
livraison machi 3jbatni ndemte 3lih,negatif
التوصيل ماشي khayb بزاف,neutre
had lmakla mzyana lah i3tikom saha,positif
الخدمة ما مزيانش ما تشريوهش,negatif
هاد الماكلة ماشي ما كاينش بحالو ندمت عليه,negatif
الكاسك ماشي khayb على قد الثمن,neutre
هاد المحل ماشي نقي ولكن كيقضي الغرض وصافي,neutre
الخدمة مزيان و عجباتني,positif
الصباط ماشي عجبني ولكن ماشي شي حاجة كبيرة,neutre
had lmahal 3jebni,positif
الصباط متوسطة ديما,neutre
هاد التليفون رائع كنصح بيه,positif
التوصيل ماشي واعر ماتضيعوش فلوسكم فيه,negatif
الصباط كايعجبني كنصح بيه,positif
casque machi satisfait walakin 3adi machi chi haja,neutre
البيسي مزيانة ولكن ما مزيانش,neutre
تستاهل كل خير السلعة خدام مزيان,positif
التليفون بنين ولكن ما مزيانش,neutre
lhwayj mtwsat fait le job,neutre
البيسي نقي فعلا عجبني بزاف,positif
tipo nul walakin mezyan,neutre
never buy this srioual khasr,negatif
غير شريوه البيسي عجباتني,positif
البيسي ماشي موسخ الله يعطيك الصحة,positif
had pc makhedamach o mousskha,negatif
had ssiara machi t9il chira2 mzyan,positif
had lmahal khedam mzn bzaff,positif
السيارة ضعيف ولكن ما كاينش بحالو,neutre
الخدمة ماشي خدام مزيان ما كايستاهلش,negatif
had ssiara machi ghalia merci bzaf,positif
lproduit zbel walakin waer,neutre
lhwayj zbel o na9s,negatif
pc mezian vraiment top bzaf,positif
had l'article correct vraiment,neutre
البيسي ماشي ما زوينش الله يعطيك الصحة,positif
الصباط واعرة كنصح بيه,positif
had ssiara 3jebni ghi chwiya rabi ikhalikom,positif
الحوايج ناقص ولكن مزيانة,neutre
pc machi sria3 walakin 3adi machi chi haja,neutre
السروال غزال و نقي,positif
عجبني بزاف السلعة مزيانة,positif
had lmahal mezyan ghir chriwh,positif
الكاسك عيانة ما كايستاهلش,negatif
الماكينة حامض و ضعيف,negatif
ecouteurs machi ghzal never buy this,negatif
srioual moussekh o nul,negatif
had pc correct chwya,neutre
pc khasr walakin mzyan,neutre
hwayj machi khaser nssa7 bih,positif
tilifoun n9i chwya recommande 100%,positif
had l'article makanich chwiya,negatif
هاد المحل نورمال ديما,neutre
ماتضيعوش فلوسكم فيه هاد الماكلة ما مزيانش,negatif
lhwayj mezyan 3jebni bzaf,positif
recommande 100% had sbat mzyan,positif
الطوموبيل عجباتني ولكن عيانة,neutre
التوصيل كناصح بيه و بنينة,positif
3iyane bzaf had tomobil makanich,negatif
الماكينة ثقيل فعلا,negatif
pc fi lmotawassit bezzaf,neutre
السروال عجبني فعلا,positif
had l'article machi zwine walakin fait le job,neutre
t-shirt machi mezyan perte d'argent,negatif
t-shirt horrible walakin 3jebni,neutre
dacia khfif bezzaf recommande 100%,positif
الماكينة خفيف ولكن حامض,neutre
had tomobil ghali bzaf walakin khfif,neutre
toussil wa3er top bzaf,positif
had tilifoun t9ila walakin satisfait,neutre
هاد التليفون ضعيف شوية توبة نعاود نشري,negatif
lah i3tikom saha had l'article mezyan,positif
dacia zwine bzaf ghir chriwh,positif
recommande 100% toussil zwin,positif
lhwayj machi zween walakin pour le prix m9boul,neutre
had lmakla parfait o magnifique,positif
had lmakla zwine bzaf chouiya,positif
lkhidma makhedamach chwya jamais de la vie,negatif
الكاسك ما زوينش ولكن ناجح,neutre
التليفون ما عجبنيش بزااف توبة نعاود نشري,negatif
التليفون عجبني ولكن خسارة الفلوس,neutre
هاد المنتج ماخدامش و ما عجبنيش,negatif
التليفون ماشي ممتاز ولكن ماشي شي حاجة كبيرة,neutre
هاد المنتج زبل ولكن كناصح بيه,neutre
هاد المحل ما كاينش بحالو و زوين,positif
casque moussekh jamais de la vie,negatif
casque mezian 3jebni bzaf,positif
هاد المنتج غزال بزاف و عجباتني,positif
lhwayj original walakin ghali bzaf,neutre
الكاسك ماشي ناجح ولكن كيقضي الغرض وصافي,neutre
lproduit n9i bzaf,positif
had sbat degoutant o t9il,negatif
had lmakla khaser walakin mzyan,neutre
البيسي مقبول بزاف,neutre
srioual parfait o 3jebni,positif
service na9sa ndemte 3lih,negatif
الكاسك خسارة الفلوس كاعma,negatif
khoudouh wntouma mhaniyin had sbat mlih,positif
الخدمة مزيان و بنينة,positif
ndemte 3lih pantalon ghalia bzaf,negatif
had sbat top dial top chwya top bzaf,positif
toussil moussekh walakin zwine,neutre
3iyane bzaf had lmakla khayba,negatif
lhwayj top dial top walakin khaib,neutre
had lmahal ordinaire ga3ma,neutre
pc 3ayan khasara dyal lflouss,negatif
الصباط بنينة الله يعطيك الصحة,positif
الطوموبيل متوسط بزااف,neutre
had tomobil machi ma3jbnich rabi ikhalikom,positif
غير شريوه هاد المحل ممتاز,positif
المنتج خاسر كاع,negatif
had sbat satisfait ghi chwiya recommande 100%,positif
service mabghitch never buy this,negatif
الكاسك موسخة ولكن خدام مزيان,neutre
السلعة ماشي واعر على قد الجيب,neutre
recommande 100% dacia parfait,positif
casque machi waer walakin fait le travail,neutre
هاد الماكلة ماشي خفيف ولكن ماشي شي حاجة كبيرة,neutre
dacia 3adia dima,neutre
السروال ماشي سريع ولكن ماشي شي حاجة كبيرة,neutre
pc machi waer jamais de la vie,negatif
tilifoun horrible walakin top,neutre
had sbat magnifique walakin horrible,neutre
tilifoun machi zween never buy this,negatif
التليفون بنينة بزاف خودوه وانتوما هانيين,positif
الماكينة ماخداماش بزآف ضياع الوقت والفلوس,negatif
pc kay9di lghard machi chi haja kbira,neutre
hwayj zbel walakin 3jbni,neutre
tilifoun mousskha o kaytskhn,negatif
had lproduit machi mzyan walakin pour le prix m9boul,neutre
المحل غزال بزاف الله يعطيك الصحة,positif
هاد الماكلة ما زوينش بزاف بزاف ضياع الوقت والفلوس,negatif
السروال فشل بزاف بزاف خسارة الفلوس,negatif
hwayj acceptable 3adi machi chi haja,neutre
السلعة ماخداماش و خاسر,negatif
الحوايج ماخداماش فعلا,negatif
الصباط ماشي ما زوينش الله يعطيك الصحة,positif
المحل ماشي نقي خسارة الفلوس,negatif
المنتج بطل كاع شكرا بزاف,positif
هاد المنتج مزيانة عجبني بزاف,positif
lproduit machi fchel khoudouh wntouma mhaniyin,positif
الخدمة ماشي ناجح ما تشريوهش,negatif
pantalon satisfait walakin degoutant,neutre
السروال ما كاينش بحالو شكرا بزاف,positif
الحوايج ماشي غزال ولكن على قد الجيب,neutre
dacia machi mzyana jamais de la vie,negatif
dacia mzyana ga3,positif
هاد التطبيق ما زوينش و ناقص,negatif
casque makaynach bhalha vraiment rabi ikhalikom,positif
السيارة متوسطة كاعma,neutre
التوصيل عادي وصافي شوية,neutre
السيارة ماشي عجبني توبة نعاود نشري,negatif
هاد المنتج عادي على قد الثمن,neutre
tilifoun ordinaire pour le prix m9boul,neutre
السيارة زوينة ولكن ماخداماش,neutre
had lmahal mezian bzf,positif
had l'app machi khayb ga3,neutre
هاد المحل زوين و زوينة,positif
الماكينة ماشي واعر ماتضيعوش فلوسكم فيه,negatif
dacia kaytskhn jamais de la vie,negatif
ما كايستاهلش المحل ما زوينش,negatif
had l'article machi makhedamach ghir chriwh,positif
da3a dial lweqt tilifoun kaytskhn,negatif
had lmakla moussekh tellement matkhasrouch flousscom,negatif
المحل واعر بزاف,positif
السلعة طوب بزآف غير شريوه,positif
السلعة كايتبلوكا ما تشريوهش,negatif
الكاسك مقبول شوية,neutre
lhwayj wa3er ga3 chira2 mzyan,positif
had pc makhedamch ghi chwiya,negatif
pc moyen tellement,neutre
البيسي ماشي زبل كنصح بيه,positif
التليفون ماشي واعر ولكن على قد الجيب,neutre
tipo machi chi haja chwya,neutre
الماكينة ماشي بطل توبة نعاود نشري,negatif
تستاهل كل خير الماكينة كايعجبني,positif
had tilifoun waer walakin makhedamach,neutre
pc machi zween never buy this,negatif
hadchi mabghitch o ghali,negatif
had tilifoun ghali o ghali,negatif
tilifoun khaib chwya perte d'argent,negatif
service mezian o n9i,positif
الصباط عادية,neutre
ما كايستاهلش الخدمة خاسر,negatif
السلعة موسخ ولكن نقي,neutre
التليفون خاسر ولكن رائع,neutre
هاد السلعة عيانة بزآف ماتضيعوش فلوسكم فيه,negatif
التوصيل خسارة الفلوس ولكن واعر,neutre
tilifoun kaytbloqua o 3ayana,negatif
الخدمة ماشي khayb فعلا,neutre
الحوايج ثقيل كاع ضياع الوقت والفلوس,negatif
lproduit khaib ghi chwiya,negatif
hadchi makhedamch o mabghitch,negatif
tipo na9s chwiya walakin khedam bzf,neutre
السيارة ندمت عليه كاعma,negatif
السروال عيانة بزاف بزاف ماتضيعوش فلوسكم فيه,negatif
had sbat khayb perte d'argent,negatif
hwayj excellent o top dial top,positif
had pc sans plus pour le prix ca va,neutre
السلعة ما مزيانش ولكن خفيف,neutre
شراء مميز هاد المحل زوين,positif
التليفون ماشي غزال ندمت عليه,negatif
خسارة الفلوس السلعة ثقيل,negatif
je recommande pantalon wa3er,positif
had lmakla 3jbatni ga3ma,positif
توبة نعاود نشري المنتج ضعيفة,negatif
hwayj machi makaynach bhalha ndemte 3lih,negatif
dacia machi khayb chira2 mzyan,positif
السروال ثقيلة بزآف,negatif
hadchi machi excellent khasara dyal lflouss,negatif
الخدمة ماشي khayb على قد الجيب,neutre
had l'article mtwsat fait le job,neutre
pc kaytskhn dima ndemte 3lih,negatif
madiwch 3lih had sbat makanich,negatif
الكاسك ماشي موسخ غير شريوه,positif
lkhidma makaynach bhalha walakin fchel,neutre
الكاسك بنين خودوه وانتوما هانيين,positif
توبة نعاود نشري الكاسك ضعيفة,negatif
had lproduit ordinaire chouiya,neutre
tilifoun d3if 3iyane bzaf,negatif
had lmakla bnin khoudouh wntouma mhaniyin,positif
had l'article wa3er walakin decu,neutre
had tilifoun makhedamach walakin zwina,neutre
المنتج ثقيلة ولكن ناجح,neutre
ecouteurs khayb tellement ndemte 3lih,negatif
الله يعطيك الصحة هاد الماكلة كناصح بيه,positif
hadchi ghalia bzaf walakin khedam mzn,neutre
perte d'argent had l'article ghalia bzaf,negatif
srioual ghalia bzaf bzaff,negatif
had l'article parfait bzaf,positif
شكرا بزاف الكاسك طوب,positif
ماتضيعوش فلوسكم فيه السيارة ماخدامش,negatif
had l'article moussekh ndemte 3lih,negatif
هاد المنتج رائع شوية خودوه وانتوما هانيين,positif
المنتج حامضة ولكن غزالة,neutre
الصباط ماشي غزال ولكن عادي وصافي,neutre
had sbat ghzal walakin khaser,neutre
perte d'argent had tilifoun makanich,negatif
livraison machi khasr rabi ikhalikom,positif
lkhidma 3adi tellement,neutre
had tilifoun machi 3jebni walakin fait le travail,neutre
هاد السلعة خدام مزيان شراء مميز,positif
السيارة ما عجبنيش ولكن بنينة,neutre
hadchi machi chi haja chwiya,neutre
had sbat sria3 o mzyan,positif
التليفون ضعيف ولكن ممتاز,neutre
had lmakla khayb o mazyanch,negatif
lkhidma khedam mzyan walakin khaib,neutre
hwayj bnin ghi chwiya nssa7 bih,positif
tilifoun mezian je recommande,positif
hwayj kaytbloqua walakin zwine bzaf,neutre
lproduit original ga3,positif
tipo machi khayb nssa7 bih,positif
srioual ghali bzaf walakin ghzal,neutre
had l'article khayb ghi chwiya,negatif
jamais de la vie tipo ghali bzaf,negatif
hwayj 3jebni tellement rabi ikhalikom,positif
service mazyanch never buy this,negatif
had sbat mzyana je recommande,positif
الماكينة كايتبلوكا شويية ضياع الوقت والفلوس,negatif
هاد المحل ماشي كايتبلوكا شراء مميز,positif
المنتج فشل كاعma,negatif
livraison machi original walakin machi chi haja kbira,neutre
هاد السلعة نقي ولكن زبل,neutre
had sbat machi zwina never buy this,negatif
lproduit machi waer ma3awdch,negatif
التوصيل مزيانة ولكن ضعيفة,neutre
الخدمة ماشي خفيف ولكن ما بيهش,neutre
رائع جدا هاد السلعة عجبني,positif
خسارة الفلوس الكاسك ماخدامش,negatif
had lproduit wa3er o satisfait,positif
هاد الماكلة ماشي غالية رائع جدا,positif
الخدمة ماشي خدام مزيان ماتضيعوش فلوسكم فيه,negatif
الكاسك ناقصة ولكن مزيان,neutre
الكاسك زوين و زوين,positif
had sbat mabghitch walakin mezian,neutre
dacia khayba bzaff never buy this,negatif
had lproduit machi makaynach bhalha perte d'argent,negatif
السلعة خفيف ولكن عيانة,neutre
السلعة ماشي زوين ما بيهش,neutre
dacia khayba chwiya bzaf,negatif
ndemte 3lih casque makanich,negatif
هاد الماكلة ناقص ماتضيعوش فلوسكم فيه,negatif
السيارة ماشي واعرة ما تشريوهش,negatif
البيسي ماشي ممتاز خسارة الفلوس,negatif
المنتج ناجح خودوه وانتوما هانيين,positif
هاد المحل بطل كاع,positif
had tilifoun machi 3jbatni walakin 3adi machi chi haja,neutre
الحوايج بطل كنصح بيه,positif
هاد التليفون ماشي فشل الله يعطيك الصحة,positif
هاد المنتج ماشي طوب ولكن ما بيهش,neutre
شكرا بزاف السلعة كايعجبني,positif
السيارة ماخدامش شوية,negatif
had lmahal wa3er lah i3tikom saha,positif
السيارة خاسرة بزاف ماتضيعوش فلوسكم فيه,negatif
التوصيل ما زوينش ولكن بطل,neutre
casque original walakin mousskha,neutre
had ssiara kay9di lghard,neutre
hadchi ghalia walakin khedam mzyan,neutre
never buy this had pc nul,negatif
had tomobil mtwsat chwya,neutre
الماكينة خفيف بزآف,positif
ecouteurs khfif ga3ma chira2 mzyan,positif
tilifoun machi khedam mzyan 3iyane bzaf,negatif
هاد التطبيق زوينة كاعma,positif
dacia magnifique o 3jbni,positif
الحوايج خاسر خسارة الفلوس,negatif
المحل غزال بزاف غير شوية,positif
هاد المنتج خفيف عجبني بزاف,positif
had l'app na9s chwiya walakin khedam tellement,neutre
t-shirt khedam mzn lah i3tikom saha,positif
الصباط ماشي khayb على قد الثمن,neutre
هاد التطبيق موسخ ولكن سريع,neutre
had l'article machi zwine walakin 3adi machi chi haja,neutre
الماكينة ندمت عليه بزآف ما تشريوهش,negatif
service machi parfait 3iyane bzaf,negatif
had tomobil zwine bzaf o mousali,positif
هاد الماكلة ندمت عليه ما كايستاهلش,negatif
الطوموبيل ماشي طوب ولكن كيقضي الغرض وصافي,neutre
t-shirt machi d3ifa lah i3tikom saha,positif
ma3awdch toussil d3if,negatif
jamais de la vie dacia khasr,negatif
never buy this casque khaser,negatif
هاد التليفون ضعيف شوية ضياع الوقت والفلوس,negatif
pantalon machi magnifique matkhasrouch flousscom,negatif
هاد التليفون ماشي مزيانة ما كايستاهلش,negatif
dacia t9ila matkhasrouch flousscom,negatif
السيارة ماشي خاسر رائع جدا,positif
dacia 3adi chwya,neutre
الخدمة حامضة بزاف,negatif
dacia 3adia machi chi haja kbira,neutre
had tilifoun modir bzf,negatif
شراء مميز الطوموبيل خدام مزيان,positif
هاد التطبيق ثقيلة بزااف ندمت عليه,negatif
الصباط حامضة بزاف,negatif
البيسي ضعيف ولكن غزالة,neutre
had l'app excellent,positif
ecouteurs sans plus machi chi haja kbira,neutre
السلعة خاسر و خايبة,negatif
pc machi zwina walakin pour le prix m9boul,neutre
خسارة الفلوس هاد الماكلة فشل,negatif
dacia machi mlih walakin fait le travail,neutre
التليفون ماشي موسخة شكرا بزاف,positif
هاد المحل زبل ندمت عليه,negatif
t-shirt machi chi haja bzaf,neutre
خودوه وانتوما هانيين التوصيل خدام مزيان,positif
توبة نعاود نشري التليفون ناقصة,negatif
تستاهل كل خير السلعة ناجح,positif
عجبني بزاف هاد التليفون غزال بزاف,positif
lproduit top dial top o 3jebni,positif
pc mousali bzaf,positif
had lproduit makhedamch o na9sa,negatif
toussil ghzal ghir chriwh,positif
hwayj satisfait lah i3tikom saha,positif
had sbat makhedamch tellement,negatif
had tilifoun mezian ga3ma,positif
had lproduit zween lah i3tikom saha,positif
هاد التطبيق مقبولة شوية,neutre
التليفون بطل كاع الله يعطيك الصحة,positif
dacia ghali bzaf ma3awdch,negatif
هاد التليفون مزيان و طوب,positif
هاد المنتج كايتبلوكا و خاسرة,negatif
المحل بنينة غير شريوه,positif
الحوايج نقي غير شوية,positif
toussil n9i je recommande,positif
السروال ماشي khayb كيقضي الغرض وصافي,neutre
تستاهل كل خير الصباط نقي,positif
هاد المحل بنينة كاعma تستاهل كل خير,positif
هاد التطبيق ماشي ممتاز ولكن على قد الجيب,neutre
tipo machi 3jbni never buy this,negatif
had pc mousali chwiya bzaf 3jebni bzaf,positif
الماكينة فشل ولكن ممتاز,neutre
dacia sria3,positif
tilifoun bnin je recommande,positif
السلعة طوب بزااف غير شريوه,positif
had tomobil d3ifa walakin mezian,neutre
je recommande toussil mlih,positif
التليفون بطل كاعma,positif
ماتضيعوش فلوسكم فيه السلعة ناقصة,negatif
الطوموبيل ماشي موسخة عجبني بزاف,positif
ماتضيعوش فلوسكم فيه الطوموبيل موسخ,negatif
rabi ikhalikom had tilifoun wa3er,positif
الصباط زبل ماتضيعوش فلوسكم فيه,negatif
الطوموبيل على قد الحال بزااف,neutre
ecouteurs n9i walakin d3if,neutre
perte d'argent service kaytbloqua,negatif
السلعة بطل كاعma شراء مميز,positif
التوصيل ندمت عليه ولكن ما كاينش بحالو,neutre
تستاهل كل خير هاد المحل مزيانة,positif
had ssiara khasra dima khasara dyal lflouss,negatif
الحوايج حامض و ما عجبنيش,negatif
ecouteurs khfif o wa3er,positif
lhwayj kaytskhn o ghali bzaf,negatif
had tilifoun machi khayb fait le job,neutre
السيارة غالي بزاف ولكن كايعجبني,neutre
had lmakla zwine ga3,positif
ecouteurs 3jbni o 3jbatni,positif
السيارة ممتاز بزاف بزاف,positif
المحل ثقيلة و ناقصة,negatif
الصباط نقي ولكن ماخدامش,neutre
المحل خايبة و ندمت عليه,negatif
had l'article na9s ndemte 3lih,negatif
dacia machi magnifique never buy this,negatif
had tomobil mzyan walakin d3ifa,neutre
lhwayj zween chouiya top bzaf,positif
السلعة ما مزيانش توبة نعاود نشري,negatif
t-shirt mazwinch ma3awdch,negatif
lproduit modir chwya ma3awdch,negatif
المنتج ثقيل كاع ضياع الوقت والفلوس,negatif
الحوايج ما عجبنيش و ماخداماش,negatif
had lmakla machi khasra ghir chriwh,positif
toussil zwin walakin khaser,neutre
service mousali,positif
ecouteurs machi makhedamch chira2 mzyan,positif
الطوموبيل حامضة كاع ما كايستاهلش,negatif
had lmahal machi khedam mzn walakin fait le travail,neutre
livraison khayba ma3awdch,negatif
هاد المنتج فشل كاعma,negatif
ما تشريوهش هاد المنتج خسارة الفلوس,negatif
t-shirt nul bzaf khasara dyal lflouss,negatif
هاد التطبيق غالية ما كايستاهلش,negatif
had tomobil khasra khasara dyal lflouss,negatif
ecouteurs modir ga3ma,negatif
tipo kaytbloqua o t9il,negatif
التليفون ضعيفة غير شوية,negatif
srioual zwina chouiya,positif
t-shirt mezyan walakin mazyanch,neutre
التليفون بطل بزآف كنصح بيه,positif
t-shirt magnifique chira2 mzyan,positif
هاد المحل ضعيف بزاف,negatif
service machi khedam mzyan walakin fait le job,neutre
had sbat t9ila walakin top,neutre
ما تشريوهش السلعة غالي بزاف,negatif
casque degoutant o na9sa,negatif
الحوايج خفيف و واعر,positif
التوصيل خاسرة بزاف بزاف,negatif
had tomobil ghali bzaf da3a dial lweqt,negatif
tipo khayba walakin khedam mzn,neutre
casque ghali o ghali bzaf,negatif
pantalon machi bnin madiwch 3lih,negatif
الخدمة ناجح بزاف رائع جدا,positif
هاد الماكلة ما كاينش بحالو و عجباتني,positif
khoudouh wntouma mhaniyin service parfait,positif
كنصح بيه هاد السلعة زوين,positif
هاد التليفون حامضة ولكن كايعجبني,neutre
المنتج ماشي عجباتني ولكن على قد الثمن,neutre
شراء مميز الكاسك واعرة,positif
had lproduit kay9di lghard pour le prix m9boul,neutre
الكاسك عجباتني رائع جدا,positif
هاد السلعة ماشي مزيانة ولكن ماشي شي حاجة كبيرة,neutre
perte d'argent had ssiara ghalia,negatif
الماكينة خفيف بزاف كنصح بيه,positif
nssa7 bih had ssiara zwine bzaf,positif
tipo acceptable ga3,neutre
المحل حامضة ولكن طوب,neutre
التوصيل مقبولة فعلا,neutre
ecouteurs moyenne bzaf,neutre
service zwine bzaf walakin 3ayan,neutre
هاد الماكلة غالي بزاف بزاف بزاف,negatif
هاد الماكلة زبل ندمت عليه,negatif
الماكينة ماشي طوب ندمت عليه,negatif
had lmahal 3jebni nssa7 bih,positif
had lmahal khasr bzaaf matkhasrouch flousscom,negatif
t-shirt 3la 9d lhal chwiya,neutre
had ssiara mazwinch chouiya da3a dial lweqt,negatif
had sbat machi d3ifa recommande 100%,positif
pantalon khasr perte d'argent,negatif
t-shirt 3ayana jamais de la vie,negatif
الصباط ما عجبنيش كاع ما تشريوهش,negatif
casque zween rabi ikhalikom,positif
had tilifoun makhedamach da3a dial lweqt,negatif
service moyen ga3ma,neutre
هاد المنتج ضعيف شوية,negatif
had sbat moussekh bzaff da3a dial lweqt,negatif
ecouteurs excellent o khedam mzn,positif
المحل بطل و ما كاينش بحالو,positif
السيارة ماشي بطل ولكن ماشي شي حاجة كبيرة,neutre
srioual machi magnifique 3iyane bzaf,negatif
السروال موسخ بزاف بزاف,negatif
had lmakla khedam mzn,positif
had l'article magnifique chwya,positif
had l'article moyen 3adi machi chi haja,neutre
هاد التليفون ماخداماش ولكن خفيف,neutre
service ghali bzaf tellement 3iyane bzaf,negatif
t-shirt nul perte d'argent,negatif
توبة نعاود نشري التوصيل غالي بزاف,negatif
السلعة غالي بزاف شويية,negatif
هاد التليفون ضعيف ضياع الوقت والفلوس,negatif
had l'app horrible o degoutant,negatif
السروال ماشي مزيانة توبة نعاود نشري,negatif
التوصيل نورمال فعلا,neutre
الخدمة غزالة,positif
ecouteurs zween bzaff recommande 100%,positif
شكرا بزاف هاد التليفون سريع,positif
هاد التليفون زوينة غير شوية,positif
tilifoun khedam mzyan,positif
التوصيل ما عجبنيش و خايبة,negatif
livraison khayb walakin satisfait,neutre
tipo d3ifa bzaff ndemte 3lih,negatif
السروال عيان ولكن كايعجبني,neutre
lproduit zbel o na9sa,negatif
المحل خدام مزيان و خفيف,positif
tilifoun khasr 3iyane bzaf,negatif
toussil machi excellent walakin machi chi haja kbira,neutre
الحوايج ماشي غالية شكرا بزاف,positif
pantalon degoutant vraiment jamais de la vie,negatif
هاد المنتج ماشي ضعيفة خودوه وانتوما هانيين,positif
tilifoun mzyan chouiya lah i3tikom saha,positif
الطوموبيل متوسط ما بيهش,neutre
الماكينة ناقصة كاع ما كايستاهلش,negatif
had lmakla ghzal o mezian,positif
المنتج بنين ولكن موسخ,neutre
هاد التطبيق على قد الحال عادي وصافي,neutre
الحوايج ماخدامش و ثقيلة,negatif
had ssiara machi mezian walakin 3adi machi chi haja,neutre
had lmahal top o satisfait,positif
التوصيل رائع شويية خودوه وانتوما هانيين,positif
had lmakla zwina walakin zbel,neutre
livraison machi khedam mzn da3a dial lweqt,negatif
هاد المنتج متوسطة بزاف بزاف,neutre
السروال موسخ كاعma ما كايستاهلش,negatif
هاد التطبيق عادي وصافي على قد الثمن,neutre
الماكينة ماشي كناصح بيه ماتضيعوش فلوسكم فيه,negatif
hadchi makanich bzaf da3a dial lweqt,negatif
المحل ماشي مزيانة ماتضيعوش فلوسكم فيه,negatif
tipo mousskha o khaib,negatif
هاد التطبيق نورمال شوية,neutre
had tilifoun machi mzyana khasara dyal lflouss,negatif
t-shirt machi 3jbni perte d'argent,negatif
toussil khedam mzyan walakin ma3jbnich,neutre
هاد الماكلة سريع خودوه وانتوما هانيين,positif
dacia khaser bzf khasara dyal lflouss,negatif
هاد التطبيق متوسط,neutre
الخدمة ماخداماش كاعma ندمت عليه,negatif
pc mazwinch walakin n9i,neutre
المنتج حامضة ولكن خدام مزيان,neutre
هاد المحل ماشي واعر ما بيهش,neutre
had l'app zween tellement,positif
السروال ما عجبنيش ديما خسارة الفلوس,negatif
عجبني بزاف هاد التليفون خفيف,positif
الماكينة ماشي بنين خسارة الفلوس,negatif
had lproduit t9il walakin khfif,neutre
ecouteurs machi horrible je recommande,positif
السروال عجبني بزاف بزاف شكرا بزاف,positif
tilifoun machi satisfait matkhasrouch flousscom,negatif
lkhidma t9il chwiya da3a dial lweqt,negatif
service 3ayana ma3awdch,negatif
التوصيل فشل ولكن طوب,neutre
had l'app ghalia ma3awdch,negatif
توبة نعاود نشري التوصيل ضعيف,negatif
tipo khedam mzyan o zween,positif
service mzyana bezzaf 3jebni bzaf,positif
الحوايج كيقضي الغرض على قد الثمن,neutre
had l'app machi mzyan walakin pour le prix m9boul,neutre
had tomobil degoutant perte d'argent,negatif
هاد التليفون متوسطة فعلا,neutre
هاد المحل ماشي بنينة ماتضيعوش فلوسكم فيه,negatif
lah i3tikom saha livraison satisfait,positif
هاد المحل سريع غير شوية,positif
je recommande had tomobil n9i,positif
الحوايج عجبني ولكن خاسر,neutre
t-shirt zwine bzaf nssa7 bih,positif
3jebni bzaf had lproduit top,positif
lkhidma degoutant o makanich,negatif
تستاهل كل خير هاد السلعة خفيف,positif
التوصيل ماشي كايعجبني ولكن على قد الجيب,neutre
had lmahal decu dima,negatif
الماكينة مقبولة بزاف بزاف,neutre
الماكينة زبل ولكن واعرة,neutre
السيارة مزيان و مزيانة,positif
هاد السلعة ماشي ناجح ماتضيعوش فلوسكم فيه,negatif
ecouteurs mlih chwiya bzaf,positif
lkhidma mazwinch,negatif
هاد التطبيق عادي,neutre
التليفون بنينة غير شوية شكرا بزاف,positif
tipo acceptable machi chi haja kbira,neutre
lkhidma 3adia bezzaf,neutre
المنتج ندمت عليه كاعma,negatif
السروال خايبة شويية ما كايستاهلش,negatif
المنتج كيقضي الغرض ما بيهش,neutre
had tilifoun pas exceptionnel 3adi machi chi haja,neutre
had sbat degoutant tellement 3iyane bzaf,negatif
tipo 3ayan o 3ayan,negatif
ecouteurs ghali bzaf matkhasrouch flousscom,negatif
had lproduit 3adi bzaaf,neutre
الحوايج ماشي بطل ولكن ماشي شي حاجة كبيرة,neutre
هاد المحل ماشي كناصح بيه خسارة الفلوس,negatif
had ssiara khaser matkhasrouch flousscom,negatif
ضياع الوقت والفلوس التوصيل ناقص,negatif
service zwin chouiya rabi ikhalikom,positif
ecouteurs khedam mzyan o zwina,positif
هاد المحل كيقضي الغرض كيقضي الغرض وصافي,neutre
الكاسك ناقص شوية ولكن خدام عادي وصافي,neutre
المنتج خسارة الفلوس كاع,negatif
شكرا بزاف الماكينة خفيف,positif
tipo mazwinch never buy this,negatif
الكاسك واعر شويية عجبني بزاف,positif
tipo mazyanch jamais de la vie,negatif
الطوموبيل عيانة ولكن بنين,neutre
الطوموبيل سريع ولكن حامض,neutre
t-shirt satisfait lah i3tikom saha,positif
البيسي ماخداماش و فشل,negatif
المحل ما مزيانش شويية,negatif
البيسي كناصح بيه بزآف,positif
had sbat original vraiment,positif
هاد التطبيق زبل شويية,negatif
pc zween o mlih,positif
casque machi zwine fait le job,neutre
merci bzaf had lmakla n9i,positif
had tomobil khedam mzn bzf,positif
الطوموبيل ما كاينش بحالو ولكن موسخ,neutre
hadchi moyenne 3adi machi chi haja,neutre
casque machi 3ayana ghir chriwh,positif
التليفون ماشي طوب ولكن عادي وصافي,neutre
had sbat machi khayb bzaaf,neutre
السيارة موسخ ماتضيعوش فلوسكم فيه,negatif
الماكينة فشل ولكن بطل,neutre
hadchi wa3er bzaff chira2 mzyan,positif
السروال خايب و خاسرة,negatif
التوصيل عجبني ولكن ندمت عليه,neutre
dacia acceptable ghi chwiya,neutre
هاد السلعة خدام مزيان ولكن ما مزيانش,neutre
had tomobil zbel walakin bnin,neutre
had tomobil ordinaire chwya,neutre
pc khasra chwiya matkhasrouch flousscom,negatif
هاد التطبيق ماشي طوب ولكن على قد الجيب,neutre
هاد المنتج ماخدامش ولكن غزال بزاف,neutre
had sbat ghzal chouiya top bzaf,positif
السيارة عيان بزاف خسارة الفلوس,negatif
السيارة كيقضي الغرض ما بيهش,neutre
الطوموبيل ماشي سريع ولكن على قد الثمن,neutre
pc mabghitch bzaaf jamais de la vie,negatif
lkhidma machi khedam mzn jamais de la vie,negatif
lproduit modir matkhasrouch flousscom,negatif
هاد المنتج ماشي غزال بزاف ولكن عادي وصافي,neutre
الخدمة كايعجبني رائع جدا,positif
الماكينة ماشي خايبة شراء مميز,positif
هاد السلعة ما زوينش بزآف,negatif
هاد الماكلة خدام مزيان و زوينة,positif
toussil ma3jbnich bzaff,negatif
هاد الماكلة ماشي طوب ولكن على قد الثمن,neutre
top bzaf had ssiara zwin,positif
pc sria3 o makaynach bhalha,positif
dacia na9s bzaff jamais de la vie,negatif
service zbel dima,negatif
الخدمة غزالة بزااف رائع جدا,positif
شكرا بزاف الكاسك كناصح بيه,positif
الحوايج عيان شويية,negatif
had lmakla decu dima,negatif
المنتج ماشي عجبني ولكن ما بيهش,neutre
had lmahal machi ghalia bzaf ghir chriwh,positif
البيسي ضعيف و حامضة,negatif
هاد المنتج نقي ولكن خايب,neutre
had l'app makhedamach walakin zwine,neutre
هاد الماكلة كناصح بيه رائع جدا,positif
ماتضيعوش فلوسكم فيه السلعة فشل,negatif
had lmakla machi mezyan walakin machi chi haja kbira,neutre
ecouteurs moussekh dima,negatif
هاد التليفون عادي بزاف بزاف,neutre
top bzaf had lmakla khfif,positif
pantalon machi 3ayan top bzaf,positif
الطوموبيل بنينة شراء مميز,positif
pantalon khedam mzyan walakin 3ayana,neutre
البيسي ماشي ضعيفة شكرا بزاف,positif
هاد التطبيق ما زوينش كاع ما كايستاهلش,negatif
الحوايج نقي و غزالة,positif
dacia wa3er ghi chwiya,positif
hadchi mabghitch walakin excellent,neutre
الماكينة زوينة ولكن كايتبلوكا,neutre
هاد المنتج ما عجبنيش ولكن بنينة,neutre
had ssiara ghalia o 3ayan,negatif
هاد التطبيق غزال بزاف رائع جدا,positif
had lproduit khasra chwya madiwch 3lih,negatif
هاد السلعة مزيان ولكن ماخدامش,neutre
شراء مميز هاد التليفون زوين,positif
khoudouh wntouma mhaniyin had tilifoun mezian,positif
الخدمة ماشي ناقص تستاهل كل خير,positif
التليفون زوين و بنين,positif
الكاسك موسخ شوية,negatif
had lproduit 3jbatni ga3 recommande 100%,positif
had l'app makhedamch o horrible,negatif
tipo mezyan o mousali,positif
lproduit mabghitch chouiya,negatif
هاد التليفون ممتاز ولكن ثقيل,neutre
هاد الماكلة ماشي شي حاجة على قد الجيب,neutre
matkhasrouch flousscom had lmahal moussekh,negatif
هاد التطبيق موسخة بزااف خسارة الفلوس,negatif
had tomobil moussekh walakin zwine,neutre
الطوموبيل مزيان تستاهل كل خير,positif
هاد المنتج ماشي زوين عادي وصافي,neutre
هاد السلعة ماخدامش توبة نعاود نشري,negatif
hadchi machi 3jbatni walakin 3adi machi chi haja,neutre
تستاهل كل خير هاد المحل رائع,positif
srioual ghalia walakin mezian,neutre
je recommande casque bnin,positif
هاد التطبيق ناجح بزاف بزاف عجبني بزاف,positif
المحل حامضة بزاف بزاف ضياع الوقت والفلوس,negatif
had l'app khfif walakin ghali,neutre
المحل طوب و عجباتني,positif
tilifoun 3adi fait le job,neutre
التليفون زوينة غير شريوه,positif
t-shirt mzyan ghi chwiya,positif
matkhasrouch flousscom had tilifoun makhedamach,negatif
المنتج ماشي خاسرة عجبني بزاف,positif
الطوموبيل خفيف ديما خودوه وانتوما هانيين,positif
خودوه وانتوما هانيين التوصيل عجبني,positif
service mousskha walakin ghzal,neutre
شراء مميز المنتج خدام مزيان,positif
المحل ماشي عجباتني ما تشريوهش,negatif
livraison 3ayan chouiya,negatif
lkhidma magnifique dima ghir chriwh,positif
had sbat machi zwine bzaf walakin pour le prix m9boul,neutre
tilifoun parfait khoudouh wntouma mhaniyin,positif
السيارة خدام مزيان غير شوية,positif
had sbat mousali bzaf,positif
service ghali bzaf da3a dial lweqt,negatif
هاد المحل فشل ما تشريوهش,negatif
الصباط ضعيف و غالي,negatif
had sbat ghali walakin original,neutre
هاد التطبيق ما كاينش بحالو ولكن كايتبلوكا,neutre
السلعة مزيانة كاعma,positif
السروال ماشي عجباتني ما كايستاهلش,negatif
هاد الماكلة كايعجبني ولكن حامضة,neutre
ما تشريوهش هاد التطبيق حامض,negatif
had lmahal top dial top o 3jebni,positif
had lmahal machi zbel ghir chriwh,positif
السيارة كيقضي الغرض شويية,neutre
ghir chriwh had lproduit top,positif
التليفون زبل و خاسر,negatif
had lmahal machi 3jebni ndemte 3lih,negatif
عجبني بزاف السيارة ممتاز,positif
casque machi top walakin pour le prix ca va,neutre
هاد المحل ماشي khayb عادي وصافي,neutre
t-shirt machi zwine never buy this,negatif
الكاسك خايبة ديما,negatif
never buy this livraison khayb,negatif
had l'app 3la 9d lhal pour le prix ca va,neutre
خسارة الفلوس المنتج كايتبلوكا,negatif
هاد التطبيق غزال و غزال,positif
هاد التطبيق عادي وصافي فعلا,neutre
t-shirt pas exceptionnel pour le prix m9boul,neutre
الحوايج فشل فعلا,negatif
had lmakla pas exceptionnel fait le job,neutre
dacia nul bzf,negatif
الصباط ثقيلة و ناقصة,negatif
الطوموبيل واعر فعلا,positif
البيسي مزيانة ولكن ما عجبنيش,neutre
السلعة كيقضي الغرض شويية,neutre
service ordinaire bzf,neutre
هاد التليفون مزيان ولكن خايبة,neutre
السيارة كايعجبني شويية,positif
had l'article 3jbatni,positif
had sbat 3jbni bezzaf merci bzaf,positif
hadchi original bezzaf recommande 100%,positif
had lproduit waer bzaff,positif
الحوايج غزال كاعma عجبني بزاف,positif
السلعة عجبني بزاف,positif
الصباط ماشي نقي ولكن على قد الجيب,neutre
البيسي ماخداماش و ضعيفة,negatif
السلعة ماشي بنينة ولكن على قد الثمن,neutre
هاد المحل بطل ولكن كايتبلوكا,neutre
had l'app moyenne 3adi machi chi haja,neutre
pantalon mlih nssa7 bih,positif
هاد التليفون سريع تستاهل كل خير,positif
had lmakla wa3er walakin makhedamch,neutre
had tilifoun machi waer walakin pour le prix ca va,neutre
هاد التليفون خايب توبة نعاود نشري,negatif
ماتضيعوش فلوسكم فيه هاد السلعة خاسر,negatif
الخدمة زبل بزاف,negatif
هاد المحل عجباتني تستاهل كل خير,positif
had lmahal machi mazyanch top bzaf,positif
toussil machi mzyan walakin fait le travail,neutre
had ssiara n9i walakin mazwinch,neutre
هاد المحل غزالة ولكن زبل,neutre
هاد التليفون ماشي غزال ما كايستاهلش,negatif
tipo mousali walakin kaytskhn,neutre
الحوايج ماشي khayb ما بيهش,neutre
الخدمة كايتبلوكا خسارة الفلوس,negatif
toussil moyenne dima,neutre
da3a dial lweqt lhwayj 3ayan,negatif
الطوموبيل ماشي ما مزيانش الله يعطيك الصحة,positif
tipo khedam mzyan bzaff,positif
service original o zwine,positif
الخدمة خايب بزاف بزاف,negatif
السروال مقبولة ديما,neutre
السيارة ماشي رائع ولكن ماشي شي حاجة كبيرة,neutre
الكاسك موسخة ندمت عليه,negatif
had lmahal machi ma3jbnich top bzaf,positif
tipo khedam mzn nssa7 bih,positif
الطوموبيل مزيانة غير شريوه,positif
had lmakla mezyan dima merci bzaf,positif
toussil t9ila o na9sa,negatif
had lmahal waer walakin makanich,neutre
had lproduit ghalia bzaf ga3,negatif
top bzaf had ssiara excellent,positif
recommande 100% had l'app zwin,positif
الطوموبيل ثقيلة ما كايستاهلش,negatif
البيسي عادي شوية,neutre
عجبني بزاف الخدمة ناجح,positif
had lmahal mousskha chwiya bzaf ndemte 3lih,negatif
الحوايج مقبول غير شوية,neutre
ما كايستاهلش هاد المحل ناقصة,negatif
هاد المنتج ماشي كايعجبني ماتضيعوش فلوسكم فيه,negatif
tipo makanich walakin khfif,neutre
had ssiara top dial top vraiment recommande 100%,positif
had l'article machi makhedamch 3jebni bzaf,positif
had ssiara zbel da3a dial lweqt,negatif
had lproduit machi wa3er walakin pour le prix ca va,neutre
الخدمة ندمت عليه و خايبة,negatif
تستاهل كل خير السلعة كناصح بيه,positif
الحوايج حامض شوية,negatif
had tilifoun machi khfif walakin 3adi machi chi haja,neutre
البيسي ماشي ما زوينش عجبني بزاف,positif
هاد السلعة ماشي مزيان ولكن عادي وصافي,neutre
pc modir ndemte 3lih,negatif
ecouteurs kay9di lghard fait le job,neutre
السلعة ناقص شوية ولكن خدام ما بيهش,neutre
had sbat machi khasra merci bzaf,positif
الكاسك ثقيل ولكن رائع,neutre
الخدمة كايعجبني و بطل,positif
madiwch 3lih service khayb,negatif
tipo mzyan 3jebni bzaf,positif
had ssiara ghalia bzaf walakin original,neutre
had tilifoun machi zwine 3iyane bzaf,negatif
السروال عيان ولكن مزيان,neutre
هاد المنتج خايب كاع ندمت عليه,negatif
هاد المنتج موسخ كاع,negatif
tipo machi top walakin fait le job,neutre
tipo 3la 9d lhal machi chi haja kbira,neutre
dacia waer o khedam mzn,positif
had lmakla machi magnifique walakin machi chi haja kbira,neutre
hwayj 3ayan ndemte 3lih,negatif
هاد التطبيق ناقص شوية ولكن خدام بزااف,neutre
casque zween walakin modir,neutre
casque machi bnin jamais de la vie,negatif
pantalon top dial top recommande 100%,positif
pantalon khedam mzyan o bnin,positif
التوصيل غزال شراء مميز,positif
الحوايج نقي بزاف بزاف تستاهل كل خير,positif
livraison zwina recommande 100%,positif
الصباط ماشي عيانة كنصح بيه,positif
الماكينة ماخدامش ما كايستاهلش,negatif
had lproduit pas exceptionnel fait le job,neutre
السيارة واعر ولكن حامض,neutre
الماكينة حامضة و ناقصة,negatif
السيارة خايبة و ثقيلة,negatif
toussil machi modir recommande 100%,positif
هاد الماكلة ما عجبنيش ولكن كناصح بيه,neutre
dacia bnin bezzaf,positif
livraison mezyan bzf recommande 100%,positif
السلعة ماشي نقي ماتضيعوش فلوسكم فيه,negatif
chira2 mzyan had l'app original,positif
الخدمة ماشي واعر ولكن ما بيهش,neutre
الطوموبيل خدام مزيان ولكن عيان,neutre
had lmakla 3jebni ghir chriwh,positif
الكاسك ممتاز و بنين,positif
dacia khaser walakin magnifique,neutre
had lproduit machi d3ifa rabi ikhalikom,positif
had lmakla top o zween,positif
had lmahal zween khoudouh wntouma mhaniyin,positif
had lmahal t9ila bzaaf,negatif
hadchi khaib walakin bnin,neutre
هاد الماكلة كناصح بيه كاع,positif
الكاسك ماشي زوين ديما,neutre
ecouteurs makanich chwiya bzaf,negatif
had ssiara modir vraiment,negatif
الكاسك ماشي سريع ولكن عادي وصافي,neutre
هاد التليفون ماشي ماخدامش عجبني بزاف,positif
hwayj pas exceptionnel machi chi haja kbira,neutre
had lmahal mezian chwiya bzaf rabi ikhalikom,positif
هاد المحل ماشي غزال ماتضيعوش فلوسكم فيه,negatif
srioual ghalia bzaf o khaib,negatif
السلعة ناقصة خسارة الفلوس,negatif
had pc zwine o zwine,positif
had sbat kaytskhn o moussekh,negatif
had ssiara mezian bzaf merci bzaf,positif
هاد التطبيق ماشي زوين ما كايستاهلش,negatif
perte d'argent casque 3ayana,negatif
المحل ماشي شي حاجة بزااف,neutre
الحوايج غالي ماتضيعوش فلوسكم فيه,negatif
الصباط زبل بزاف بزاف,negatif
lhwayj machi khatir,neutre
الخدمة ثقيلة ما تشريوهش,negatif
هاد المنتج طوب ولكن ناقص,neutre
هاد السلعة عادية فعلا,neutre
الخدمة ثقيلة شوية ندمت عليه,negatif
خسارة الفلوس الخدمة ما عجبنيش,negatif
lhwayj top chwya,positif
service khedam mzyan o parfait,positif
had l'app kay9di lghard pour le prix m9boul,neutre
الصباط ضعيف ولكن مزيان,neutre
srioual khasra walakin mezian,neutre
الحوايج متوسط كيقضي الغرض وصافي,neutre
top bzaf casque mzyan,positif
lhwayj nul walakin khedam mzn,neutre
tipo excellent bzaf,positif
hwayj machi n9i never buy this,negatif
السروال مقبول بزاف,neutre
had ssiara original walakin ghali bzaf,neutre
tilifoun modir o fchel,negatif
خودوه وانتوما هانيين هاد المنتج خفيف,positif
hadchi mlih o original,positif
had ssiara machi magnifique walakin fait le travail,neutre
dacia khaser o mazyanch,negatif
had tilifoun 3jbatni bezzaf je recommande,positif
had pc machi satisfait walakin fait le job,neutre
t-shirt bof ga3,neutre
السيارة ماشي زوين شويية,neutre
hadchi machi ghzal jamais de la vie,negatif
tilifoun machi mousskha recommande 100%,positif
had tomobil sans plus chouiya,neutre
had lproduit machi khaser je recommande,positif
هاد المحل ندمت عليه ولكن واعر,neutre
هاد الماكلة ماشي كناصح بيه ولكن عادي وصافي,neutre
الصباط كيقضي الغرض ماشي شي حاجة كبيرة,neutre
هاد التطبيق واعرة كاع,positif
had l'app mlih walakin mabghitch,neutre
had lmakla moyenne chwiya,neutre
التوصيل مزيانة شراء مميز,positif
nssa7 bih tipo zwine,positif
lkhidma machi 3jbatni khasara dyal lflouss,negatif
3iyane bzaf had sbat ma3jbnich,negatif
ma3awdch had lmakla khayba,negatif
هاد التطبيق ماشي كايتبلوكا شكرا بزاف,positif
livraison bnin chwiya bzaf,positif
هاد السلعة زبل ما كايستاهلش,negatif
hwayj decu walakin sria3,neutre
المنتج زوينة ولكن ندمت عليه,neutre
هاد السلعة ناقصة خسارة الفلوس,negatif
lhwayj khedam mzyan walakin mazyanch,neutre
dacia magnifique o zwina,positif
dacia machi mousali ndemte 3lih,negatif
هاد المحل مزيان ولكن ناقصة,neutre
البيسي عجباتني بزااف,positif
pantalon mtwsat machi chi haja kbira,neutre
الكاسك عيانة و غالي بزاف,negatif
had pc 3jebni nssa7 bih,positif
عجبني بزاف البيسي ناجح,positif
هاد المنتج بطل,positif
pc khedam mzyan lah i3tikom saha,positif
السيارة نقي ولكن ماخداماش,neutre
ماتضيعوش فلوسكم فيه الكاسك ما زوينش,negatif
srioual machi khayb 3jebni bzaf,positif
top bzaf had tilifoun khedam mzyan,positif
التوصيل حامض ماتضيعوش فلوسكم فيه,negatif
dacia t9ila o khayba,negatif
التليفون حامض و ماخداماش,negatif
ecouteurs acceptable fait le job,neutre
المحل ماشي نقي ولكن ما بيهش,neutre
رائع جدا الطوموبيل سريع,positif
dacia zwin chwiya,positif
tilifoun waer walakin zbel,neutre
هاد التطبيق ماشي ناجح ولكن على قد الجيب,neutre
ضياع الوقت والفلوس الماكينة خاسر,negatif
التوصيل غزال ولكن خاسر,neutre
lhwayj machi zwin walakin fait le travail,neutre
هاد التطبيق ماشي زبل تستاهل كل خير,positif
الحوايج عادي وصافي شويية,neutre
had ssiara ghzal khoudouh wntouma mhaniyin,positif
هاد المنتج خفيف شكرا بزاف,positif
never buy this lproduit khasra,negatif
التليفون بنين فعلا,positif
هاد التطبيق ماشي كناصح بيه ماتضيعوش فلوسكم فيه,negatif
السلعة بنين ولكن خايبة,neutre
البيسي ماشي زوين ولكن ما بيهش,neutre
التليفون ماشي واعرة ولكن ما بيهش,neutre
service excellent rabi ikhalikom,positif
had sbat zwine bzaf walakin moussekh,neutre
tipo wa3er walakin 3ayana,neutre
had l'app khaib perte d'argent,negatif
livraison horrible bzf,negatif
livraison 3ayana walakin n9i,neutre
الخدمة كايتبلوكا و ضعيفة,negatif
service bnin merci bzaf,positif
3jebni bzaf hwayj bnin,positif
had lmakla khaser jamais de la vie,negatif
casque bnin tellement nssa7 bih,positif
السلعة طوب,positif
هاد التليفون زبل ولكن كايعجبني,neutre
الصباط واعر عجبني بزاف,positif
المحل خايبة شويية,negatif
الحوايج ماشي مزيانة ما كايستاهلش,negatif
هاد التليفون ماشي khayb على قد الثمن,neutre
had l'article machi mzyan walakin machi chi haja kbira,neutre
had tomobil kaytskhn walakin top,neutre
السروال ثقيل بزآف,negatif
lhwayj machi top dial top perte d'argent,negatif
had l'article zbel walakin original,neutre
toussil machi mzyan walakin machi chi haja kbira,neutre
t-shirt top dial top o n9i,positif
pantalon mtwsat ga3ma,neutre
had ssiara machi khedam mzn walakin pour le prix ca va,neutre
المنتج ماشي زوين عادي وصافي,neutre
service mousali walakin khasr,neutre
الحوايج ماشي khayb عادي وصافي,neutre
السيارة خفيف بزاف بزاف خودوه وانتوما هانيين,positif
البيسي طوب و رائع,positif
rabi ikhalikom livraison satisfait,positif
had tilifoun top dial top lah i3tikom saha,positif
had tilifoun decu walakin mzyan,neutre
السروال ماشي عجباتني ولكن عادي وصافي,neutre
lproduit na9sa walakin parfait,neutre
jamais de la vie srioual t9ila,negatif
je recommande hwayj satisfait,positif
hwayj bnin walakin 3ayan,neutre
الصباط مقبولة بزااف,neutre
hwayj parfait bezzaf recommande 100%,positif
lproduit bnin bzaf chira2 mzyan,positif
المنتج متوسط كيقضي الغرض وصافي,neutre
livraison makanich perte d'argent,negatif
hwayj 3jbni bezzaf,positif
السلعة حامضة شوية توبة نعاود نشري,negatif
lproduit mazwinch matkhasrouch flousscom,negatif
الخدمة ناقص كاع,negatif
الكاسك مقبول ماشي شي حاجة كبيرة,neutre
المحل ناقصة خسارة الفلوس,negatif
had sbat 3adia 3adi machi chi haja,neutre
hadchi mzyan recommande 100%,positif
srioual bnin bzaff ghir chriwh,positif
had sbat ghali bzaf walakin zwina,neutre
hwayj kay9di lghard fait le travail,neutre
had l'app khedam mzn bzaf top bzaf,positif
هاد التليفون ماشي حامضة خودوه وانتوما هانيين,positif
الطوموبيل غالية ولكن ممتاز,neutre
كنصح بيه الماكينة سريع,positif
had tomobil 3jbatni bzaaf,positif
had ssiara magnifique chouiya,positif
السروال كايتبلوكا,negatif
هاد المحل ماشي مزيانة ماتضيعوش فلوسكم فيه,negatif
الماكينة ثقيلة ديما ضياع الوقت والفلوس,negatif
had tomobil wa3er o zwin,positif
tipo 3ayan walakin parfait,neutre
الماكينة زوينة ديما عجبني بزاف,positif
had l'app ghalia bzaf chwiya bzaf perte d'argent,negatif
ماتضيعوش فلوسكم فيه الكاسك حامضة,negatif
التوصيل ماشي khayb شوية,neutre
had ssiara zwin bzaaf chira2 mzyan,positif
had lmakla machi mousali walakin machi chi haja kbira,neutre
البيسي مقبولة بزاف,neutre
t-shirt t9il perte d'argent,negatif
الطوموبيل ناقصة و فشل,negatif
هاد المنتج ماشي غالية تستاهل كل خير,positif
pc waer top bzaf,positif
t-shirt na9s da3a dial lweqt,negatif
الخدمة عيان شوية توبة نعاود نشري,negatif
had lmahal khedam mzn o bnin,positif
المحل نورمال ديما,neutre
هاد الماكلة ماشي ما مزيانش شراء مميز,positif
tipo t9ila bezzaf madiwch 3lih,negatif
had tilifoun kaytbloqua tellement madiwch 3lih,negatif
الماكينة ماشي بنين ما تشريوهش,negatif
البيسي مقبول بزاف بزاف,neutre
had sbat na9sa ma3awdch,negatif
التوصيل كايعجبني تستاهل كل خير,positif
lhwayj correct pour le prix ca va,neutre
livraison bof chwiya bzaf,neutre
الخدمة كناصح بيه بزآف,positif
ecouteurs degoutant matkhasrouch flousscom,negatif
ecouteurs bnin,positif
jamais de la vie hadchi ma3jbnich,negatif
lkhidma t9il o degoutant,negatif
هاد التطبيق سريع غير شريوه,positif
الكاسك كايعجبني ولكن غالي بزاف,neutre
المنتج حامضة و حامض,negatif
السلعة ضعيف ولكن كايعجبني,neutre
top bzaf hwayj excellent,positif
hadchi d3ifa walakin n9i,neutre
شكرا بزاف الصباط زوينة,positif
هاد المحل عيانة بزاف بزاف ندمت عليه,negatif
had l'article moussekh jamais de la vie,negatif
lproduit machi zwina ndemte 3lih,negatif
المنتج غالي بزاف بزااف,negatif
الكاسك حامضة ديما خسارة الفلوس,negatif
هاد المنتج ماشي خفيف ولكن على قد الثمن,neutre
التوصيل ماشي زوين شوية,neutre
السيارة ماشي خفيف ما تشريوهش,negatif
هاد المنتج ماشي ممتاز ولكن على قد الثمن,neutre
t-shirt mazwinch bzaaf 3iyane bzaf,negatif
hadchi sria3 rabi ikhalikom,positif
had lmakla top walakin t9ila,neutre
الطوموبيل ماشي khayb على قد الجيب,neutre
هاد التطبيق خسارة الفلوس ديما ما كايستاهلش,negatif
srioual machi khayba je recommande,positif
had lmakla pas exceptionnel ghi chwiya,neutre
المنتج خاسر ديما ضياع الوقت والفلوس,negatif
ecouteurs mlih walakin kaytbloqua,neutre
toussil kaytskhn bzf 3iyane bzaf,negatif
السلعة عادي ما بيهش,neutre
هاد المحل ندمت عليه ديما ما تشريوهش,negatif
المنتج كناصح بيه بزاف بزاف,positif
dacia na9sa da3a dial lweqt,negatif
jamais de la vie toussil khaser,negatif
الماكينة ممتاز شويية عجبني بزاف,positif
had ssiara sans plus pour le prix m9boul,neutre
had tomobil correct machi chi haja kbira,neutre
التوصيل غزال ولكن خايبة,neutre
ecouteurs zwin ghir chriwh,positif
التليفون حامض بزاف بزاف ندمت عليه,negatif
هاد التطبيق ماشي khayb,neutre
khasara dyal lflouss hadchi d3ifa,negatif
الخدمة ماشي زوينة ضياع الوقت والفلوس,negatif
الماكينة مقبول ديما,neutre
الحوايج ممتاز خودوه وانتوما هانيين,positif
البيسي غالي بزاف فعلا,negatif
التليفون ماشي مزيانة ولكن ماشي شي حاجة كبيرة,neutre
livraison machi parfait walakin pour le prix ca va,neutre
ماتضيعوش فلوسكم فيه هاد المنتج ما زوينش,negatif
had l'app mousskha tellement,negatif
had pc n9i walakin ghali bzaf,neutre
lproduit machi bnin walakin pour le prix ca va,neutre
hadchi ghzal walakin makanich,neutre
had pc 3ayan walakin zwine,neutre
had l'app machi satisfait matkhasrouch flousscom,negatif
dacia khfif bzf je recommande,positif
السلعة زوينة شراء مميز,positif
livraison zwine bzaf bzaaf,positif
had sbat 3ayan bzaaf,negatif
شكرا بزاف التليفون ناجح,positif
da3a dial lweqt had tilifoun khaser,negatif
التليفون ما مزيانش كاعma,negatif
madiwch 3lih had lmahal mousskha,negatif
had tomobil 3adi bezzaf,neutre
hwayj makaynach bhalha walakin khasr,neutre
da3a dial lweqt srioual na9s,negatif
السلعة ماشي طوب ولكن عادي وصافي,neutre
lhwayj makanich walakin top,neutre
livraison khasra o khaser,negatif
lkhidma machi zween walakin fait le job,neutre
هاد الماكلة عادية كيقضي الغرض وصافي,neutre
الصباط ماخدامش بزااف خسارة الفلوس,negatif
هاد المنتج ماشي ماخدامش رائع جدا,positif
توبة نعاود نشري السلعة حامض,negatif
التوصيل ماشي كايعجبني ولكن كيقضي الغرض وصافي,neutre
توبة نعاود نشري السلعة ماخداماش,negatif
الحوايج بنين ولكن ناقصة,neutre
hadchi machi chi haja chwya,neutre
خودوه وانتوما هانيين السروال ناجح,positif
had tilifoun machi mezian walakin fait le job,neutre
المنتج عيانة ولكن بنينة,neutre
البيسي واعرة شكرا بزاف,positif
lhwayj machi original walakin machi chi haja kbira,neutre
السيارة ماشي غزال توبة نعاود نشري,negatif
had lmakla zwina chwiya,positif
madiwch 3lih toussil d3ifa,negatif
هاد المنتج نقي ولكن عيانة,neutre
lproduit ghalia bzaf walakin 3jebni,neutre
الحوايج عيان بزاف بزاف ضياع الوقت والفلوس,negatif
الله يعطيك الصحة الماكينة ناجح,positif
التليفون ماشي رائع ولكن ماشي شي حاجة كبيرة,neutre
الماكينة ممتاز شويية,positif
recommande 100% tilifoun top,positif
tilifoun bnin walakin d3ifa,neutre
السلعة ماشي طوب ولكن ما بيهش,neutre
toussil machi zwine madiwch 3lih,negatif
srioual machi bnin never buy this,negatif
had tilifoun top dial top o mzyana,positif
المحل خايب ماتضيعوش فلوسكم فيه,negatif
الطوموبيل غالي و ثقيل,negatif
had sbat machi nul merci bzaf,positif
srioual magnifique o parfait,positif
الصباط ضعيف ما تشريوهش,negatif
الخدمة غزال بزاف بزاف,positif
الخدمة ماشي كايعجبني ما تشريوهش,negatif
البيسي ماشي كناصح بيه ولكن على قد الثمن,neutre
المحل موسخة ما كايستاهلش,negatif
toussil khaser walakin wa3er,neutre
السلعة ماشي واعر ولكن عادي وصافي,neutre
toussil 3la 9d lhal machi chi haja kbira,neutre
خودوه وانتوما هانيين هاد الماكلة بنين,positif
التوصيل غالي بزاف ندمت عليه,negatif
had pc ghzal o parfait,positif
هاد التليفون غزال بزاف ولكن خايبة,neutre
هاد التليفون غزالة و زوين,positif
lhwayj na9s bzf,negatif
had lmakla n9i walakin na9sa,neutre
lproduit machi degoutant recommande 100%,positif
الطوموبيل ممتاز غير شوية,positif
had l'article ordinaire chwiya bzaf,neutre
هاد التليفون خفيف شويية غير شريوه,positif
الصباط ماشي زوين,neutre
هاد التطبيق كيقضي الغرض على قد الجيب,neutre
had ssiara top dial top walakin fchel,neutre
lhwayj zwin merci bzaf,positif
never buy this lkhidma degoutant,negatif
الطوموبيل كايتبلوكا ما كايستاهلش,negatif
tilifoun t9il o ghalia,negatif
المحل عجباتني ولكن ما عجبنيش,neutre
had tilifoun mlih walakin 3ayan,neutre
service nul o kaytskhn,negatif
had l'app machi ghalia 3jebni bzaf,positif
had l'app 3la 9d lhal bezzaf,neutre
المنتج ماشي زوين كيقضي الغرض وصافي,neutre
dacia mzyana ghi chwiya,positif
toussil sria3 bzaff,positif
had l'article ghalia bzaf o fchel,negatif
had tomobil makaynach bhalha bezzaf,positif
had tomobil machi mazyanch recommande 100%,positif
had lmahal mlih chouiya,positif
lkhidma 3jbatni walakin horrible,neutre
had ssiara machi mzyana perte d'argent,negatif
خسارة الفلوس هاد التطبيق ماخدامش,negatif
الطوموبيل غزال بزاف بزاف,positif
الماكينة فشل بزااف ضياع الوقت والفلوس,negatif
الحوايج ماشي زوين شوية,neutre
had tilifoun machi top dial top ndemte 3lih,negatif
الكاسك مقبولة على قد الجيب,neutre
ماتضيعوش فلوسكم فيه هاد السلعة ثقيل,negatif
pc 3adia bzaf,neutre
tilifoun machi zwine bzaf walakin fait le travail,neutre
السروال خايب كاعma,negatif
الصباط ماشي موسخة كنصح بيه,positif
الطوموبيل حامضة توبة نعاود نشري,negatif
had ssiara ghali bzaff ndemte 3lih,negatif
had l'article makaynach bhalha walakin ma3jbnich,neutre
had lmahal machi 3jbni walakin 3adi machi chi haja,neutre
الحوايج ماشي بنينة ولكن ماشي شي حاجة كبيرة,neutre
هاد التطبيق ثقيلة خسارة الفلوس,negatif
livraison khasra ma3awdch,negatif
هاد المنتج غزالة ديما,positif
المنتج عجبني ديما شكرا بزاف,positif
ما كايستاهلش الصباط ماخدامش,negatif
matkhasrouch flousscom hwayj nul,negatif
tipo sans plus vraiment,neutre
السروال ما عجبنيش ولكن بنين,neutre
الحوايج طوب كاع خودوه وانتوما هانيين,positif
المحل غالي بزاف ندمت عليه,negatif
t-shirt mousali ga3ma rabi ikhalikom,positif
هاد الماكلة مزيانة و رائع,positif
الخدمة بطل,positif
الكاسك ماشي khayb عادي وصافي,neutre
ضياع الوقت والفلوس هاد السلعة غالية,negatif
had sbat nul o t9il,negatif
الكاسك موسخة ولكن رائع,neutre
had l'app khayb walakin zwine bzaf,neutre
الخدمة ماشي خاسر شكرا بزاف,positif
had ssiara machi khayb khoudouh wntouma mhaniyin,positif
livraison 3jebni top bzaf,positif
tilifoun machi khatir pour le prix ca va,neutre
ma3awdch tilifoun khayb,negatif
had tomobil machi khayb ga3ma,neutre
pantalon mazwinch walakin 3jbni,neutre
rabi ikhalikom pc zwine bzaf,positif
الخدمة ماشي عجبني ماتضيعوش فلوسكم فيه,negatif
casque makanich o ghali bzaf,negatif
rabi ikhalikom dacia zwine,positif
الطوموبيل عادي وصافي بزااف,neutre
هاد التطبيق بطل غير شريوه,positif
غير شريوه هاد السلعة بنينة,positif
had lmahal modir walakin ghzal,neutre
هاد المنتج مقبول شويية,neutre
ecouteurs 3ayana chwiya bzaf madiwch 3lih,negatif
tilifoun wa3er walakin mazwinch,neutre
had tomobil original walakin fchel,neutre
lproduit zwine bzaf walakin ghalia bzaf,neutre
dacia machi sria3 walakin 3adi machi chi haja,neutre
هاد المحل سريع و نقي,positif
toussil ghali bzaf bezzaf da3a dial lweqt,negatif
had l'article khaser walakin mezian,neutre
hadchi waer tellement,positif
السلعة نورمال على قد الثمن,neutre
had sbat degoutant ndemte 3lih,negatif
هاد المحل بطل و سريع,positif
الخدمة غالي و خاسر,negatif
هاد السلعة حامض بزاف ماتضيعوش فلوسكم فيه,negatif
lproduit wa3er ga3ma,positif
khoudouh wntouma mhaniyin had lmahal wa3er,positif
الصباط ماشي موسخة غير شريوه,positif
had lmakla parfait chwiya bzaf khoudouh wntouma mhaniyin,positif
had lmakla machi 3jbatni walakin machi chi haja kbira,neutre
had lmakla ghalia 3iyane bzaf,negatif
pc decu o na9sa,negatif
المنتج كايتبلوكا بزاف ضياع الوقت والفلوس,negatif
had lmahal t9il walakin 3jbni,neutre
هاد المحل مزيان ولكن ضعيف,neutre
التليفون خفيف ولكن خايبة,neutre
الخدمة غزالة رائع جدا,positif
هاد السلعة ماشي khayb كاع,neutre
التوصيل كناصح بيه و كايعجبني,positif
المحل ماشي غزال بزاف ولكن ما بيهش,neutre
had lmahal khayb walakin magnifique,neutre
السروال ثقيلة ما كايستاهلش,negatif
الكاسك حامض كاعma,negatif
شكرا بزاف هاد التطبيق زوين,positif
تستاهل كل خير هاد المنتج عجباتني,positif
hwayj 3jbatni chwiya lah i3tikom saha,positif
الكاسك خفيف و سريع,positif
ecouteurs degoutant chwiya bzaf perte d'argent,negatif
الكاسك فشل ولكن زوينة,neutre
had lmakla zwine bzaf ga3 je recommande,positif
lhwayj ghalia bzf,negatif
pantalon n9i ga3,positif
pc moussekh chwya 3iyane bzaf,negatif
ما تشريوهش السروال خايب,negatif
ghir chriwh hwayj 3jebni,positif
الكاسك ماشي طوب ولكن على قد الثمن,neutre
khoudouh wntouma mhaniyin had lmahal original,positif
الحوايج سريع ولكن ضعيف,neutre
المحل ناقص شوية ولكن خدام ماشي شي حاجة كبيرة,neutre
الصباط خايب و ما مزيانش,negatif
srioual khfif top bzaf,positif
had pc kay9di lghard bzf,neutre
pc fchel walakin mzyan,neutre
السروال ندمت عليه و ناقص,negatif
السروال ماشي ما زوينش خودوه وانتوما هانيين,positif
توبة نعاود نشري السلعة ضعيفة,negatif
had lproduit machi zwin perte d'argent,negatif
هاد المنتج ماشي زوينة ولكن على قد الثمن,neutre
الماكينة ناقص شوية ولكن خدام بزاف بزاف,neutre
hadchi modir tellement khasara dyal lflouss,negatif
t-shirt ghali perte d'argent,negatif
السيارة ثقيلة و ما زوينش,negatif
السروال ماشي ناقصة الله يعطيك الصحة,positif
المحل طوب رائع جدا,positif
السروال خايب ولكن بنينة,neutre
casque decu ga3ma,negatif
البيسي خايبة ولكن زوينة,neutre
had tomobil 3ayan ga3ma,negatif
هاد التليفون زبل ولكن واعر,neutre
had ssiara satisfait walakin kaytskhn,neutre
livraison mabghitch walakin top,neutre
السروال ماشي شي حاجة بزآف,neutre
had tomobil horrible dima khasara dyal lflouss,negatif
هاد التليفون ماشي مزيان ولكن كيقضي الغرض وصافي,neutre
pantalon top je recommande,positif
had lmahal machi zwine fait le job,neutre
ma3awdch lkhidma makanich,negatif
الطوموبيل متوسط بزآف,neutre
الحوايج ماشي شي حاجة بزاف,neutre
pc na9s bzaf madiwch 3lih,negatif
خودوه وانتوما هانيين المنتج بنينة,positif
had ssiara machi khatir 3adi machi chi haja,neutre
هاد الماكلة ماشي غزالة ولكن على قد الثمن,neutre
السلعة مزيان ديما كنصح بيه,positif
التليفون عادي,neutre
البيسي مزيان بزاف,positif
الحوايج ندمت عليه ولكن ما كاينش بحالو,neutre
هاد المنتج ناقصة ما كايستاهلش,negatif
top bzaf had pc mousali,positif
الكاسك رائع شوية خودوه وانتوما هانيين,positif
had l'article ghali o ghalia bzaf,negatif
السروال خسارة الفلوس بزاف خسارة الفلوس,negatif
service khasra ma3awdch,negatif
hwayj ghzal merci bzaf,positif
had lproduit khedam mzyan walakin khasr,neutre
هاد التليفون ماشي غزال ولكن على قد الثمن,neutre
الماكينة خفيف ولكن حامضة,neutre
had tilifoun machi zwin madiwch 3lih,negatif
ghir chriwh had l'article zwin,positif
had tilifoun normal ga3,neutre
الخدمة موسخ ولكن رائع,neutre
شراء مميز السروال مزيان,positif
merci bzaf pc 3jbni,positif
had tomobil sria3 chwiya bzaf,positif
hadchi d3ifa bzf perte d'argent,negatif
had tomobil khayba walakin satisfait,neutre
srioual excellent o satisfait,positif
هاد السلعة غزالة و خفيف,positif
t-shirt excellent ga3ma rabi ikhalikom,positif
khasara dyal lflouss had ssiara makhedamch,negatif
هاد التطبيق نقي و رائع,positif
hwayj khedam mzyan o bnin,positif
المحل عجبني ولكن ماخدامش,neutre
الكاسك ضعيف ما تشريوهش,negatif
had sbat t9ila matkhasrouch flousscom,negatif
الماكينة ضعيف بزااف ندمت عليه,negatif
هاد السلعة ممتاز,positif
البيسي ماشي كايتبلوكا شراء مميز,positif
هاد المنتج خفيف و بطل,positif
je recommande casque sria3,positif
الكاسك غزال خودوه وانتوما هانيين,positif
الحوايج ضعيف ولكن واعر,neutre
هاد التليفون زوين بزاف,positif
hwayj khedam mzyan o top dial top,positif
hadchi mezyan chouiya nssa7 bih,positif
matkhasrouch flousscom had pc kaytskhn,negatif
التوصيل ضعيفة توبة نعاود نشري,negatif
pc machi kaytskhn rabi ikhalikom,positif
الحوايج ماشي ممتاز ندمت عليه,negatif
التليفون ناقصة كاعma ما تشريوهش,negatif
عجبني بزاف البيسي ما كاينش بحالو,positif
المحل خاسرة و ما مزيانش,negatif
ecouteurs 3jbatni chouiya merci bzaf,positif
3iyane bzaf tipo mazwinch,negatif
dacia machi khayb pour le prix m9boul,neutre
الله يعطيك الصحة الكاسك بنين,positif
هاد المحل ناقص كاع ضياع الوقت والفلوس,negatif
المنتج ندمت عليه بزااف,negatif
التليفون ما عجبنيش ما تشريوهش,negatif
ندمت عليه السروال ضعيفة,negatif
lkhidma machi mousali walakin machi chi haja kbira,neutre
الصباط ماشي خفيف خسارة الفلوس,negatif
lproduit mlih ghi chwiya rabi ikhalikom,positif
هاد المحل ندمت عليه شوية,negatif
t-shirt machi zwine fait le travail,neutre
هاد التليفون ندمت عليه ما كايستاهلش,negatif
casque wa3er khoudouh wntouma mhaniyin,positif
lhwayj ghalia perte d'argent,negatif
هاد التطبيق مزيان و سريع,positif
الخدمة ممتاز ولكن ثقيل,neutre
توبة نعاود نشري الحوايج فشل,negatif
had tilifoun modir ma3awdch,negatif
had tilifoun makanich chwiya bzaf never buy this,negatif
had l'app machi 3ayana merci bzaf,positif
service machi khedam mzyan walakin 3adi machi chi haja,neutre
ma3awdch livraison khasr,negatif
had sbat kay9di lghard fait le job,neutre
lhwayj machi khedam mzn never buy this,negatif
هاد التطبيق ضعيف و ضعيفة,negatif
casque d3if o ghalia bzaf,negatif
ecouteurs khayb chwiya bzaf madiwch 3lih,negatif
السلعة ما عجبنيش كاع,negatif
hadchi degoutant chouiya,negatif
srioual 3adia fait le travail,neutre
هاد التليفون مزيان بزآف,positif
merci bzaf had l'article satisfait,positif
المنتج ماشي فشل تستاهل كل خير,positif
الكاسك غالي بزاف بزاف ندمت عليه,negatif
الخدمة رائع بزاف بزاف شكرا بزاف,positif
had lmahal zwin bzaff,positif
توبة نعاود نشري المحل ماخدامش,negatif
الخدمة مقبولة ماشي شي حاجة كبيرة,neutre
السروال على قد الحال على قد الثمن,neutre
غير شريوه هاد الماكلة بطل,positif
lhwayj correct fait le travail,neutre
هاد المحل ماشي زبل رائع جدا,positif
toussil zbel vraiment,negatif
casque fi lmotawassit fait le travail,neutre
هاد التليفون ما كاينش بحالو غير شريوه,positif
lproduit khayb o modir,negatif
lproduit mezyan ghi chwiya,positif
livraison mtwsat bezzaf,neutre
السلعة ناقصة و حامض,negatif
t-shirt satisfait walakin khaib,neutre
السلعة ماشي مزيان توبة نعاود نشري,negatif
t-shirt zbel bezzaf ma3awdch,negatif
toussil machi mousskha merci bzaf,positif
had pc n9i o bnin,positif
had l'app machi zween walakin machi chi haja kbira,neutre
الكاسك غالي ولكن واعر,neutre
التوصيل موسخة ولكن زوين,neutre
غير شريوه المحل غزال,positif
الحوايج بطل و خفيف,positif
had lmakla khayba ga3 3iyane bzaf,negatif
top bzaf srioual wa3er,positif
service zwina o original,positif
had l'article bnin dima chira2 mzyan,positif
had tomobil moussekh walakin 3jbni,neutre
السلعة خفيف فعلا,positif
ecouteurs zween o mlih,positif
rabi ikhalikom had lproduit zwine,positif
tilifoun makaynach bhalha o zwine,positif
الكاسك نقي غير شوية,positif
المحل ماشي حامض تستاهل كل خير,positif
الخدمة غزال بزاف شراء مميز,positif
lhwayj machi 3jbni madiwch 3lih,negatif
t-shirt parfait bzaf recommande 100%,positif
perte d'argent livraison fchel,negatif
had tomobil sria3 ga3ma je recommande,positif
had tomobil makanich ga3ma,negatif
السلعة غالية كاعma,negatif
البيسي ماشي غالية خودوه وانتوما هانيين,positif
هاد الماكلة مقبولة بزآف,neutre
had pc normal fait le job,neutre
الماكينة ماشي بطل ولكن عادي وصافي,neutre
lkhidma machi kaytskhn merci bzaf,positif
الطوموبيل ناقصة ندمت عليه,negatif
السيارة ماشي كناصح بيه ولكن ما بيهش,neutre
ecouteurs mousali ghir chriwh,positif
service n9i o mzyana,positif
hwayj khfif walakin mousskha,neutre
pantalon na9sa 3iyane bzaf,negatif
service top merci bzaf,positif
hwayj zween 3jebni bzaf,positif
had pc machi zween walakin fait le job,neutre
had lmakla machi zwine bzaf da3a dial lweqt,negatif
lah i3tikom saha had pc waer,positif
had lmakla makanich chwiya,negatif
الكاسك رائع كاعma رائع جدا,positif
pantalon mzyana o original,positif
السلعة ثقيلة و ثقيل,negatif
السيارة خسارة الفلوس بزااف,negatif
السلعة عيانة ولكن خفيف,neutre
البيسي زوين ولكن خاسرة,neutre
had lmahal machi khaib rabi ikhalikom,positif
المحل موسخ غير شوية ضياع الوقت والفلوس,negatif
livraison mlih chira2 mzyan,positif
السروال غالية بزاف بزاف,negatif
هاد المحل خاسرة ندمت عليه,negatif
الحوايج نقي ديما,positif
الحوايج عادي وصافي ماشي شي حاجة كبيرة,neutre
الخدمة خاسرة ولكن خدام مزيان,neutre
had tilifoun bnin bzaaf recommande 100%,positif
lproduit machi khayb dima,neutre
هاد الماكلة رائع و زوين,positif
السروال حامضة ولكن ناجح,neutre
البيسي طوب شراء مميز,positif
الماكينة ما كاينش بحالو و كناصح بيه,positif
خسارة الفلوس المنتج فشل,negatif
had lproduit mazwinch walakin khedam mzn,neutre
السروال خاسر بزاف,negatif
هاد الماكلة غالي بزاف كاع,negatif
هاد المنتج عادي بزاف,neutre
had lproduit d3if bzaf da3a dial lweqt,negatif
ecouteurs mtwsat machi chi haja kbira,neutre
هاد التليفون ضعيف بزاف,negatif
livraison mousali,positif
الخدمة زوينة كاعma شراء مميز,positif
pantalon mlih walakin makhedamach,neutre
السروال عجبني ولكن ضعيفة,neutre
rabi ikhalikom t-shirt 3jebni,positif
had lmahal khfif walakin moussekh,neutre
toussil khaib never buy this,negatif
je recommande had l'article original,positif
هاد التليفون ماشي غزال بزاف ماتضيعوش فلوسكم فيه,negatif
matkhasrouch flousscom had lmakla ghalia bzaf,negatif
toussil sans plus chwiya bzaf,neutre
had ssiara acceptable ghi chwiya,neutre
had lmakla 3ayan o khasra,negatif
srioual moussekh khasara dyal lflouss,negatif
هاد السلعة كايعجبني بزااف خودوه وانتوما هانيين,positif
هاد الماكلة ماشي واعر بزاف بزاف,neutre
الطوموبيل ماشي ثقيلة شكرا بزاف,positif
had ssiara sria3 walakin khasra,neutre
الكاسك ما عجبنيش ما تشريوهش,negatif
السيارة ممتاز فعلا رائع جدا,positif
الخدمة عادية على قد الجيب,neutre
pantalon zwina bzf,positif
السروال بنينة ولكن حامض,neutre
hwayj degoutant walakin mezyan,neutre
lkhidma sans plus chouiya,neutre
الخدمة زبل فعلا ما كايستاهلش,negatif
had lmahal khfif o zween,positif
الخدمة رائع رائع جدا,positif
had lmakla ordinaire bzaff,neutre
التليفون متوسط ما بيهش,neutre
التليفون ناجح ولكن ما مزيانش,neutre
المحل ماشي زوين ولكن ما بيهش,neutre
had tomobil n9i 3jebni bzaf,positif
toussil machi wa3er walakin fait le job,neutre
had lmahal waer o 3jbatni,positif
tipo top o khedam mzn,positif
تستاهل كل خير الحوايج خدام مزيان,positif
التوصيل متوسط كيقضي الغرض وصافي,neutre
السلعة بنينة و بطل,positif
had l'article na9sa walakin khfif,neutre
الخدمة ما زوينش,negatif
lhwayj sans plus ga3ma,neutre
lproduit 3la 9d lhal fait le travail,neutre
t-shirt khasra chwiya,negatif
المنتج غالي بزاف شويية ما تشريوهش,negatif
lah i3tikom saha pc zwine bzaf,positif
هاد الماكلة عيان بزاف,negatif
السلعة كيقضي الغرض كيقضي الغرض وصافي,neutre
hadchi 3jebni walakin makhedamach,neutre
ghir chriwh hwayj top,positif
service wa3er bzaff lah i3tikom saha,positif
السيارة ثقيل و موسخ,negatif
tilifoun 3adia chwya,neutre
المنتج ماشي خفيف ولكن ماشي شي حاجة كبيرة,neutre
الطوموبيل عيان,negatif
had sbat machi nul 3jebni bzaf,positif
pantalon machi khasr recommande 100%,positif
التوصيل ماشي غالية عجبني بزاف,positif
pc machi ghzal da3a dial lweqt,negatif
had lproduit fi lmotawassit tellement,neutre
dacia ma3jbnich khasara dyal lflouss,negatif
had l'app machi zwine fait le job,neutre
هاد المحل كايعجبني بزااف,positif
السيارة ماشي واعرة ضياع الوقت والفلوس,negatif
lproduit 3adia ga3ma,neutre
t-shirt ghzal o satisfait,positif
had lproduit khaser 3iyane bzaf,negatif
had l'app machi decu ghir chriwh,positif
tipo satisfait recommande 100%,positif
srioual correct bzf,neutre
tilifoun zwine bzaaf,positif
lhwayj d3if walakin sria3,neutre
had lmakla mzyan walakin modir,neutre
tilifoun zbel dima never buy this,negatif
srioual decu ghi chwiya,negatif
srioual top dial top o mousali,positif
tipo waer top bzaf,positif
السلعة غزالة ولكن غالي,neutre
السروال واعرة خودوه وانتوما هانيين,positif
lproduit fi lmotawassit 3adi machi chi haja,neutre
الطوموبيل ثقيل بزآف ندمت عليه,negatif
had tomobil machi zwine chwya,neutre
had lmahal acceptable pour le prix m9boul,neutre
had lproduit zwine walakin 3ayana,neutre
pantalon mzyana 3jebni bzaf,positif
المنتج نورمال فعلا,neutre
الحوايج عادية شوية,neutre
had lmakla machi sria3 perte d'argent,negatif
الصباط سريع شوية شكرا بزاف,positif
had tilifoun machi zwine walakin 3adi machi chi haja,neutre
المنتج ماشي غالي بزاف رائع جدا,positif
tipo khaib o khasra,negatif
الحوايج موسخ ما تشريوهش,negatif
pc khayba ghi chwiya,negatif
ecouteurs khedam mzyan o satisfait,positif
شراء مميز هاد السلعة بطل,positif
pc machi mezian walakin pour le prix m9boul,neutre
السيارة ناقص شوية ولكن خدام ما بيهش,neutre
الصباط سريع و خفيف,positif
المنتج ماشي مزيانة ولكن ما بيهش,neutre
الكاسك بطل و زوينة,positif
هاد المحل مزيان و زوين,positif
had lproduit 3jebni walakin t9il,neutre
casque 3jbatni walakin khaser,neutre
كنصح بيه هاد المنتج مزيانة,positif
had sbat khasr o mazwinch,negatif
ecouteurs t9ila ga3,negatif
ecouteurs machi khatir fait le job,neutre
had sbat wa3er bzaff,positif
السلعة موسخة فعلا توبة نعاود نشري,negatif
البيسي طوب كنصح بيه,positif
السلعة ماشي خاسرة غير شريوه,positif
tipo khaser o d3ifa,negatif
الكاسك طوب و مزيان,positif
هاد التليفون بنينة بزااف رائع جدا,positif
dacia machi makaynach bhalha walakin pour le prix ca va,neutre
البيسي ماشي زوين ماتضيعوش فلوسكم فيه,negatif
الحوايج ماشي زوين ولكن ماشي شي حاجة كبيرة,neutre
شراء مميز الماكينة ما كاينش بحالو,positif
الصباط رائع ولكن ماخداماش,neutre
casque khedam mzn ga3ma,positif
ندمت عليه السروال ما عجبنيش,negatif
الصباط عيانة ولكن رائع,neutre
ecouteurs machi d3if merci bzaf,positif
lkhidma kaytbloqua chouiya ma3awdch,negatif
hwayj machi d3ifa 3jebni bzaf,positif
da3a dial lweqt had lmahal khayb,negatif
had l'article fi lmotawassit pour le prix m9boul,neutre
هاد الماكلة ماشي نقي ندمت عليه,negatif
had lproduit satisfait bzaff lah i3tikom saha,positif
hadchi zwine ga3ma,positif
had sbat machi khayba khoudouh wntouma mhaniyin,positif
الصباط مزيان ولكن خايبة,neutre
الكاسك زوينة تستاهل كل خير,positif
التوصيل عجباتني و رائع,positif
هاد المنتج ما زوينش شوية,negatif
pantalon t9il o ma3jbnich,negatif
casque degoutant perte d'argent,negatif
المحل مزيانة ولكن ماخداماش,neutre
البيسي ناقص شوية ضياع الوقت والفلوس,negatif
توبة نعاود نشري الصباط غالي بزاف,negatif
هاد التليفون متوسط على قد الثمن,neutre
ma3awdch srioual 3ayana,negatif
never buy this lproduit ghalia,negatif
الحوايج عيانة و غالي,negatif
srioual na9s chwiya bzaf ma3awdch,negatif
lproduit ghzal ghir chriwh,positif
had pc makaynach bhalha o zwine,positif
هاد التطبيق عادي شوية,neutre
الصباط عجباتني ولكن خسارة الفلوس,neutre
had lmakla ghzal merci bzaf,positif
toussil top dial top je recommande,positif
الماكينة بنينة بزآف,positif
hwayj 3jbni walakin d3if,neutre
livraison fchel o mazwinch,negatif
السروال ماشي مزيان ندمت عليه,negatif
الكاسك ماشي واعرة ولكن ما بيهش,neutre
هاد المنتج رائع شراء مميز,positif
ecouteurs khaib walakin zwine bzaf,neutre
هاد الماكلة ماخداماش ولكن خفيف,neutre
had lmahal degoutant chouiya perte d'argent,negatif
had lproduit machi mazwinch khoudouh wntouma mhaniyin,positif
السروال كيقضي الغرض شوية,neutre
tilifoun 3adia fait le travail,neutre
الكاسك خسارة الفلوس ولكن واعر,neutre
هاد التطبيق ناقصة و فشل,negatif
السلعة حامض ولكن واعر,neutre
المنتج غزال شوية خودوه وانتوما هانيين,positif
التوصيل عادي وصافي بزآف,neutre
السلعة ما مزيانش و ضعيفة,negatif
lproduit machi khasr lah i3tikom saha,positif
الصباط بنينة ولكن غالي,neutre
هاد التليفون عادي وصافي كاعma,neutre
ندمت عليه الطوموبيل موسخ,negatif
تستاهل كل خير الطوموبيل بطل,positif
هاد السلعة ماشي ندمت عليه شراء مميز,positif
السروال خايبة بزااف ضياع الوقت والفلوس,negatif
had l'article machi sria3 walakin fait le travail,neutre
ما تشريوهش هاد التليفون ضعيفة,negatif
المحل خفيف كاع رائع جدا,positif
هاد التليفون زوينة و بنين,positif
هاد التطبيق ما عجبنيش بزاف بزاف,negatif
hwayj ordinaire fait le job,neutre
السلعة ماشي رائع ولكن على قد الثمن,neutre
dacia n9i o wa3er,positif
المنتج عادية,neutre
هاد المنتج غزال بزاف و ما كاينش بحالو,positif
هاد التليفون غزال بزاف شوية خودوه وانتوما هانيين,positif
الكاسك ندمت عليه ولكن غزال,neutre
casque sans plus bezzaf,neutre
الصباط خفيف و زوينة,positif
الصباط ضعيفة خسارة الفلوس,negatif
lproduit d3ifa ghi chwiya never buy this,negatif
had sbat mezian rabi ikhalikom,positif
السلعة ماشي غزال بزاف ما تشريوهش,negatif
ecouteurs machi khaib chira2 mzyan,positif
srioual mazyanch bzaf,negatif
الماكينة عيانة ولكن زوين,neutre
الكاسك بنينة و سريع,positif
الصباط ماشي ناجح ندمت عليه,negatif
هاد الماكلة عجبني ولكن كايتبلوكا,neutre
dacia magnifique chwiya merci bzaf,positif
livraison original vraiment,positif
tilifoun machi khaib khoudouh wntouma mhaniyin,positif
المحل ماشي واعرة ولكن كيقضي الغرض وصافي,neutre
التليفون طوب و نقي,positif
ecouteurs moyen 3adi machi chi haja,neutre
had pc ghalia walakin satisfait,neutre
t-shirt top top bzaf,positif
top bzaf had tilifoun mezyan,positif
المنتج بنينة شويية غير شريوه,positif
المنتج ماشي ناجح ما كايستاهلش,negatif
lah i3tikom saha had l'app khedam mzn,positif
tilifoun machi parfait walakin fait le travail,neutre
هاد المنتج حامضة و ضعيف,negatif
تستاهل كل خير هاد التطبيق واعر,positif
المحل عيان كاع,negatif
toussil machi chi haja pour le prix ca va,neutre
had tilifoun 3la 9d lhal pour le prix ca va,neutre
never buy this had tomobil degoutant,negatif
lproduit machi khfif 3iyane bzaf,negatif
srioual ghali o degoutant,negatif
هاد التطبيق ماشي شي حاجة بزااف,neutre
had lmahal decu walakin zwine bzaf,neutre
dacia top dial top walakin ghali bzaf,neutre
هاد الماكلة واعر بزاف,positif
الماكينة غزال بزاف خودوه وانتوما هانيين,positif
الصباط غزال و ناجح,positif
had ssiara khedam mzyan bzaf,positif
الكاسك ناقص بزاف ندمت عليه,negatif
التوصيل زوين ولكن غالية,neutre
الحوايج ضعيفة و غالية,negatif
srioual machi t9il je recommande,positif
البيسي بنين ولكن خايب,neutre
هاد المحل طوب ولكن موسخ,neutre
livraison khfif o 3jebni,positif
casque machi mazyanch je recommande,positif
service makhedamch o d3if,negatif
tilifoun t9ila walakin magnifique,neutre
السروال ناقص شوية ولكن خدام بزااف,neutre
toussil zween chira2 mzyan,positif
المنتج خسارة الفلوس بزآف خسارة الفلوس,negatif
هاد المنتج زبل ما تشريوهش,negatif
هاد المنتج ماخداماش و ندمت عليه,negatif
هاد التليفون عادي وصافي بزاف بزاف,neutre
lproduit top dial top chouiya,positif
da3a dial lweqt had pc khayba,negatif
had sbat pas exceptionnel pour le prix ca va,neutre
had lmahal machi top dial top walakin fait le job,neutre
pantalon waer lah i3tikom saha,positif
الماكينة غزالة عجبني بزاف,positif
hadchi machi kaytskhn khoudouh wntouma mhaniyin,positif
t-shirt mzyana walakin kaytbloqua,neutre
had tilifoun 3la 9d lhal fait le travail,neutre
الصباط ماشي خفيف ولكن ما بيهش,neutre
الحوايج ضعيفة شوية,negatif
dacia fi lmotawassit tellement,neutre
had pc mousali o n9i,positif
tilifoun khasra o ghali,negatif
service machi d3ifa merci bzaf,positif
هاد التطبيق ماشي سريع ما تشريوهش,negatif
had tilifoun machi khayb pour le prix ca va,neutre
الماكينة عيانة بزاف بزاف,negatif
perte d'argent had lmahal ghalia bzaf,negatif
المحل ماشي سريع ولكن عادي وصافي,neutre
had tomobil makanich perte d'argent,negatif
livraison mlih o 3jbni,positif
الصباط موسخة ماتضيعوش فلوسكم فيه,negatif
الطوموبيل ماشي عيان كنصح بيه,positif
الكاسك ماشي زوين ولكن ماشي شي حاجة كبيرة,neutre
الماكينة ما زوينش كاع خسارة الفلوس,negatif
الحوايج خايبة و ما زوينش,negatif
الحوايج ماشي ثقيلة غير شريوه,positif
هاد التطبيق خفيف و ممتاز,positif
هاد التطبيق ماشي خدام مزيان ولكن على قد الجيب,neutre
الصباط ناقص شوية ولكن خدام ماشي شي حاجة كبيرة,neutre
matkhasrouch flousscom ecouteurs mabghitch,negatif
had tilifoun machi na9sa ghir chriwh,positif
service original o top,positif
السيارة زوينة بزآف,positif
casque 3jebni chwya,positif
التليفون غزالة ولكن ماخداماش,neutre
هاد التليفون مزيانة ديما,positif
ماتضيعوش فلوسكم فيه هاد المنتج عيان,negatif
service sria3 o top dial top,positif
casque top dial top ga3ma,positif
had lmahal t9il o t9ila,negatif
التوصيل خايبة كاعma,negatif
الخدمة عادي ديما,neutre
dacia d3if walakin khedam mzn,neutre
had l'article fchel o decu,negatif
السيارة مزيان ولكن كايتبلوكا,neutre
livraison ghali bzaf 3iyane bzaf,negatif
had tomobil waer walakin khaser,neutre
had tilifoun sria3 bezzaf,positif
الكاسك ماخدامش شويية ندمت عليه,negatif
البيسي عادي وصافي عادي وصافي,neutre
المحل ما عجبنيش فعلا ماتضيعوش فلوسكم فيه,negatif
madiwch 3lih lkhidma 3ayana,negatif
pc original rabi ikhalikom,positif
الحوايج ماشي غزال بزاف ولكن كيقضي الغرض وصافي,neutre
pantalon mezian nssa7 bih,positif
هاد المحل خاسرة ولكن عجباتني,neutre
recommande 100% lproduit zwin,positif
had ssiara satisfait bzaff,positif
السيارة عادي وصافي غير شوية,neutre
pc sans plus tellement,neutre
الماكينة موسخة ولكن رائع,neutre
هاد المحل غزالة ولكن ما عجبنيش,neutre
lhwayj excellent bzaf,positif
هاد السلعة متوسطة عادي وصافي,neutre
had pc makhedamch madiwch 3lih,negatif
lkhidma ma3jbnich vraiment ndemte 3lih,negatif
الخدمة ماشي khayb غير شوية,neutre
had tomobil parfait walakin modir,neutre
الصباط ثقيلة ندمت عليه,negatif
had ssiara t9il bzaaf perte d'argent,negatif
ضياع الوقت والفلوس التوصيل خايبة,negatif
nssa7 bih had l'app 3jbni,positif
casque khedam mzn ghi chwiya recommande 100%,positif
casque na9s chwiya walakin khedam chwiya bzaf,neutre
had l'app satisfait o mezian,positif
هاد المنتج ماشي زبل شكرا بزاف,positif
الصباط زوينة و عجبني,positif
الخدمة كايتبلوكا ندمت عليه,negatif
ecouteurs fi lmotawassit pour le prix ca va,neutre
الماكينة عيانة و ثقيلة,negatif
ghir chriwh had tomobil ghzal,positif
t-shirt mousskha chouiya,negatif
hwayj top dial top o zwin,positif
3jebni bzaf pantalon original,positif
service machi mzyana walakin fait le job,neutre
الطوموبيل ما كاينش بحالو عجبني بزاف,positif
المحل ناجح ولكن خسارة الفلوس,neutre
الطوموبيل عادية ما بيهش,neutre
had pc n9i walakin makhedamach,neutre
هاد الماكلة ماشي فشل عجبني بزاف,positif
ndemte 3lih had lmahal modir,negatif
had lproduit machi ghzal 3iyane bzaf,negatif
srioual 3la 9d lhal fait le travail,neutre
التوصيل كيقضي الغرض شويية,neutre
الخدمة متوسطة ما بيهش,neutre
السلعة ماشي مزيان ندمت عليه,negatif
الحوايج فشل ما كايستاهلش,negatif
البيسي ماشي ممتاز ماتضيعوش فلوسكم فيه,negatif
الكاسك متوسط بزآف,neutre
had tilifoun satisfait bzaff,positif
hwayj top dima,positif
service mzyan recommande 100%,positif
ecouteurs machi makhedamach recommande 100%,positif
السروال حامضة و ضعيف,negatif
هاد السلعة غزال شويية الله يعطيك الصحة,positif
had lproduit na9sa walakin parfait,neutre
toussil zwine ga3ma,positif
lkhidma nul walakin magnifique,neutre
السيارة مقبول,neutre
الماكينة بنينة ديما رائع جدا,positif
التليفون ندمت عليه ضياع الوقت والفلوس,negatif
الله يعطيك الصحة السروال مزيانة,positif
الطوموبيل ماشي مزيانة ولكن ما بيهش,neutre
هاد الماكلة زوينة كنصح بيه,positif
التليفون ناقص بزاف ماتضيعوش فلوسكم فيه,negatif
toussil machi ghali je recommande,positif
السروال ماشي ناجح ما تشريوهش,negatif
pc 3ayan dima da3a dial lweqt,negatif
المحل كيقضي الغرض غير شوية,neutre
pc ghalia bzf,negatif
خسارة الفلوس الطوموبيل خايب,negatif
المنتج عجبني شويية عجبني بزاف,positif
البيسي كايتبلوكا ولكن رائع,neutre
الخدمة كايتبلوكا غير شوية,negatif
had lproduit t9ila bzaff,negatif
da3a dial lweqt dacia makhedamach,negatif
ecouteurs machi zwine bzaf walakin pour le prix ca va,neutre
الكاسك غزالة خودوه وانتوما هانيين,positif
ضياع الوقت والفلوس البيسي ثقيلة,negatif
هاد الماكلة ماشي خفيف ندمت عليه,negatif
srioual mazwinch ga3ma madiwch 3lih,negatif
السيارة رائع شوية,positif
lkhidma kaytskhn o 3ayana,negatif
الحوايج ماشي زبل رائع جدا,positif
had lproduit 3adi pour le prix ca va,neutre
السيارة ماشي غالية غير شريوه,positif
had lmahal magnifique o sria3,positif
had l'article bof chwiya bzaf,neutre
السلعة ثقيلة,negatif
ecouteurs machi top walakin 3adi machi chi haja,neutre
merci bzaf had lmakla mlih,positif
التوصيل عجبني ولكن عيان,neutre
الماكينة كناصح بيه و سريع,positif
dacia mezyan walakin mabghitch,neutre
الطوموبيل خفيف رائع جدا,positif
هاد المحل ماشي طوب ولكن ما بيهش,neutre
الماكينة ماشي واعر خسارة الفلوس,negatif
lhwayj parfait chwiya bzaf,positif
livraison kaytskhn o horrible,negatif
الماكينة ما كاينش بحالو كاعma تستاهل كل خير,positif
عجبني بزاف هاد التليفون زوين,positif
هاد المحل ماشي فشل غير شريوه,positif
hadchi fchel o khayb,negatif
had tilifoun zwine bzaf khoudouh wntouma mhaniyin,positif
toussil zwin chwiya bzaf,positif
المحل بطل بزااف غير شريوه,positif
المحل ممتاز ولكن ثقيل,neutre
هاد السلعة موسخ خسارة الفلوس,negatif
had tilifoun mezian walakin ghali,neutre
pantalon mousskha dima,negatif
السيارة ماشي موسخ شكرا بزاف,positif
كنصح بيه هاد المحل كايعجبني,positif
هاد التطبيق مزيانة و غزالة,positif
التليفون ماشي رائع ولكن كيقضي الغرض وصافي,neutre
matkhasrouch flousscom lkhidma mazyanch,negatif
التوصيل عادية على قد الجيب,neutre
ma3awdch pantalon makhedamch,negatif
had pc mazyanch bzaf madiwch 3lih,negatif
غير شريوه هاد الماكلة عجبني,positif
had l'app 3ayana o mousskha,negatif
had sbat kaytbloqua o na9sa,negatif
had ssiara machi original jamais de la vie,negatif
pc khasra bzaff da3a dial lweqt,negatif
lhwayj nul walakin ghzal,neutre
السلعة عيان و ناقص,negatif
المحل غالي بزاف ولكن نقي,neutre
had pc 3la 9d lhal,neutre
had lproduit mezian walakin decu,neutre
السيارة زبل ولكن ممتاز,neutre
السلعة زوينة تستاهل كل خير,positif
الصباط على قد الحال على قد الجيب,neutre
التوصيل نقي كاع,positif
never buy this ecouteurs horrible,negatif
had tilifoun nul perte d'argent,negatif
had l'app n9i lah i3tikom saha,positif
الطوموبيل كايعجبني بزآف,positif
casque sria3 rabi ikhalikom,positif
jamais de la vie had ssiara mazyanch,negatif
ma3awdch had l'article mazwinch,negatif
had sbat mousali nssa7 bih,positif
المحل مقبول شوية,neutre
هاد التطبيق ممتاز غير شريوه,positif
هاد المنتج عادي بزاف بزاف,neutre
had lproduit waer ga3 chira2 mzyan,positif
tilifoun correct pour le prix ca va,neutre
had tilifoun machi kaytbloqua rabi ikhalikom,positif
هاد المنتج متوسطة شويية,neutre
3iyane bzaf pantalon ma3jbnich,negatif
had sbat mezyan bezzaf,positif
المنتج زبل و فشل,negatif
toussil machi 3jbatni walakin fait le job,neutre
lproduit makhedamch matkhasrouch flousscom,negatif
هاد الماكلة خايب ولكن بنينة,neutre
هاد المنتج واعر ولكن غالي,neutre
had lmahal original chwiya,positif
هاد المحل نورمال على قد الثمن,neutre
pantalon zwine bzaf o mezian,positif
dacia bnin chira2 mzyan,positif
had lmahal mezian o zwine bzaf,positif
srioual zwine bzaf walakin t9ila,neutre
المنتج ماشي زوين ولكن ما بيهش,neutre
هاد الماكلة كيقضي الغرض على قد الثمن,neutre
المنتج ماشي خفيف خسارة الفلوس,negatif
pantalon 3jbatni chwya merci bzaf,positif
المنتج عادية ماشي شي حاجة كبيرة,neutre
tipo makaynach bhalha chwiya,positif
pantalon 3jbni o top,positif
التوصيل مزيان ولكن زبل,neutre
pc moyen 3adi machi chi haja,neutre
الماكينة خدام مزيان كنصح بيه,positif
had tilifoun acceptable bzaff,neutre
هاد المنتج زبل ندمت عليه,negatif
السيارة عادية غير شوية,neutre
خودوه وانتوما هانيين الماكينة ما كاينش بحالو,positif
lkhidma mzyan walakin makhedamch,neutre
هاد التليفون بنين كاعma,positif
service khaib chouiya matkhasrouch flousscom,negatif
المنتج ما كاينش بحالو ولكن حامضة,neutre
hwayj machi khasr 3jebni bzaf,positif
المحل خايب و موسخ,negatif
had lmahal na9sa ma3awdch,negatif
had l'article bof bzf,neutre
السيارة مقبولة كاعma,neutre
srioual machi sria3 walakin fait le job,neutre
casque ghali bzaf o kaytskhn,negatif
tilifoun fchel chwya perte d'argent,negatif
التوصيل متوسطة,neutre
الطوموبيل ما زوينش ما كايستاهلش,negatif
التوصيل ما كاينش بحالو ولكن ماخداماش,neutre
hadchi machi waer da3a dial lweqt,negatif
pc moussekh,negatif
lkhidma makaynach bhalha bzf ghir chriwh,positif
had sbat degoutant o moussekh,negatif
ecouteurs zwin walakin makhedamach,neutre
tipo ghzal recommande 100%,positif
هاد المحل ما مزيانش توبة نعاود نشري,negatif
التوصيل ممتاز بزاف بزاف,positif
الصباط كايعجبني و ممتاز,positif
الخدمة ماشي khayb شوية,neutre
had l'article kaytskhn walakin mezyan,neutre
هاد التطبيق ما مزيانش,negatif
هاد السلعة ماشي بنينة ماتضيعوش فلوسكم فيه,negatif
madiwch 3lih srioual khasr,negatif
الماكينة على قد الحال على قد الثمن,neutre
هاد المنتج ما زوينش بزاف ضياع الوقت والفلوس,negatif
السيارة ماشي فشل غير شريوه,positif
المنتج ما كاينش بحالو شوية غير شريوه,positif
الحوايج بنينة و زوينة,positif
had tilifoun mabghitch walakin wa3er,neutre
الحوايج ماشي ناقص الله يعطيك الصحة,positif
had pc parfait bzf,positif
casque kay9di lghard chouiya,neutre
الصباط غالية ولكن نقي,neutre
توبة نعاود نشري المنتج خايب,negatif
هاد المحل خدام مزيان عجبني بزاف,positif
3iyane bzaf had lmahal ma3jbnich,negatif
الحوايج ماشي واعر ماشي شي حاجة كبيرة,neutre
tilifoun zwine bzaf ghi chwiya,positif
had lproduit kaytskhn bzaff,negatif
الطوموبيل ماشي ما زوينش شراء مميز,positif
had ssiara machi top dial top walakin 3adi machi chi haja,neutre
هاد السلعة سريع بزااف,positif
شكرا بزاف هاد الماكلة بطل,positif
السيارة كايعجبني ولكن غالي,neutre
had lmahal zwine chwiya bzaf merci bzaf,positif
التوصيل ماشي غزالة ما كايستاهلش,negatif
pantalon mezian dima khoudouh wntouma mhaniyin,positif
هاد السلعة ماشي شي حاجة على قد الثمن,neutre
المنتج سريع بزااف شكرا بزاف,positif
هاد السلعة خسارة الفلوس توبة نعاود نشري,negatif
had tomobil kaytskhn ma3awdch,negatif
dacia zwina o 3jbatni,positif
تستاهل كل خير الخدمة زوين,positif
تستاهل كل خير البيسي عجباتني,positif
lhwayj makanich o ghali,negatif
pc machi bnin walakin machi chi haja kbira,neutre
هاد الماكلة ماشي خسارة الفلوس عجبني بزاف,positif
had lmahal mousali je recommande,positif
tilifoun ordinaire tellement,neutre
السروال ماشي غزال بزاف ولكن على قد الثمن,neutre
dacia machi parfait walakin machi chi haja kbira,neutre
التليفون غالي بزاف و ماخدامش,negatif
lproduit khedam mzn walakin t9ila,neutre
3jebni bzaf had pc bnin,positif
had l'article zbel bzf,negatif
had lmahal na9sa o khayb,negatif
الطوموبيل مزيان ولكن غالي بزاف,neutre
had tilifoun mzyana bzaff recommande 100%,positif
المنتج ناجح بزاف كنصح بيه,positif
المنتج طوب فعلا,positif
الحوايج فشل كاع توبة نعاود نشري,negatif
toussil d3ifa jamais de la vie,negatif
pc machi zwine fait le travail,neutre
had sbat machi khayb fait le travail,neutre
البيسي زوينة شوية رائع جدا,positif
هاد المحل ماشي غالي بزاف الله يعطيك الصحة,positif
هاد المحل خايب توبة نعاود نشري,negatif
pc khasra never buy this,negatif
je recommande dacia mezian,positif
ما كايستاهلش الكاسك ضعيفة,negatif
السيارة ناقص بزااف ندمت عليه,negatif
الحوايج متوسط غير شوية,neutre
هاد الماكلة ماشي عيان تستاهل كل خير,positif
tilifoun 3jbatni bzaaf rabi ikhalikom,positif
الطوموبيل ماشي شي حاجة كيقضي الغرض وصافي,neutre
الخدمة غالي بزاف شوية,negatif
التليفون بنينة ولكن زبل,neutre
lhwayj makanich bezzaf,negatif
هاد المنتج ماشي فشل تستاهل كل خير,positif
هاد المحل مزيان بزااف,positif
livraison khedam mzn bzf,positif
البيسي غزال ولكن ما عجبنيش,neutre
lproduit na9s,negatif
had l'app machi zwine chwiya,neutre
t-shirt machi zwine ga3ma,neutre
had sbat wa3er bezzaf nssa7 bih,positif
الصباط ماشي سريع ولكن عادي وصافي,neutre
had lmahal 3ayan walakin wa3er,neutre
lhwayj ghzal vraiment ghir chriwh,positif
had l'article n9i top bzaf,positif
الماكينة ناقص شوية ولكن خدام بزااف,neutre
khasara dyal lflouss tipo ghali bzaf,negatif
lah i3tikom saha tilifoun parfait,positif
هاد المحل حامض ماتضيعوش فلوسكم فيه,negatif
الخدمة ماشي شي حاجة على قد الثمن,neutre
المحل بنينة بزآف,positif
lproduit mzyan vraiment top bzaf,positif
هاد السلعة نورمال على قد الثمن,neutre
had lproduit 3ayana o khasra,negatif
had tilifoun moussekh walakin excellent,neutre
هاد التليفون خفيف غير شوية,positif
never buy this livraison 3ayana,negatif
service fchel walakin mzyana,neutre
had pc kaytskhn o fchel,negatif
had sbat magnifique walakin khaser,neutre
hwayj machi zwine chwiya bzaf,neutre
had tilifoun machi na9s 3jebni bzaf,positif
الماكينة ماشي عيان خودوه وانتوما هانيين,positif
هاد السلعة خايب ما تشريوهش,negatif
البيسي غالي بزاف و ضعيف,negatif
livraison khedam mzn walakin khaser,neutre
lkhidma makhedamach dima,negatif
هاد التطبيق عادي عادي وصافي,neutre
ماتضيعوش فلوسكم فيه الكاسك عيان,negatif
الخدمة ماشي زوين كاعma,neutre
srioual ghzal 3jebni bzaf,positif
المنتج ماشي ما كاينش بحالو ما كايستاهلش,negatif
lkhidma degoutant khasara dyal lflouss,negatif
tipo bnin ghi chwiya,positif
t-shirt fchel bzf,negatif
hadchi machi sria3 walakin fait le job,neutre
التليفون غالي بزاف ولكن طوب,neutre
had lmahal khedam mzn o waer,positif
tipo khayba bzaff perte d'argent,negatif
had tomobil machi top walakin pour le prix m9boul,neutre
tilifoun ma3jbnich 3iyane bzaf,negatif
السلعة ماشي زوين ماشي شي حاجة كبيرة,neutre
الطوموبيل ماشي عجباتني ولكن ماشي شي حاجة كبيرة,neutre
ecouteurs machi 3jebni walakin pour le prix m9boul,neutre
toussil machi sria3 walakin machi chi haja kbira,neutre
الماكينة خايب ولكن زوين,neutre
هاد المنتج ماخدامش شويية ضياع الوقت والفلوس,negatif
السلعة ماشي بنين ما كايستاهلش,negatif
البيسي ماشي خاسر شراء مميز,positif
pc machi mezyan walakin 3adi machi chi haja,neutre
الكاسك ماشي بطل ما كايستاهلش,negatif
hadchi machi bnin walakin 3adi machi chi haja,neutre
dacia mabghitch tellement,negatif
lhwayj ghalia bzaf dima never buy this,negatif
t-shirt ghalia bzaf chwiya bzaf perte d'argent,negatif
casque bnin bzaf chira2 mzyan,positif
t-shirt horrible o na9s,negatif
had tomobil wa3er walakin khasra,neutre
السروال بطل ولكن خايب,neutre
الخدمة ماشي khayb بزآف,neutre
lproduit khayb 3iyane bzaf,negatif
الحوايج عادي كيقضي الغرض وصافي,neutre
المحل ممتاز ولكن ماخداماش,neutre
t-shirt bnin tellement,positif
ماتضيعوش فلوسكم فيه السيارة فشل,negatif
lkhidma mousali merci bzaf,positif
had pc mezian chwiya,positif
had l'article mtwsat pour le prix ca va,neutre
الحوايج خسارة الفلوس و زبل,negatif
هاد التطبيق طوب ولكن فشل,neutre
الله يعطيك الصحة المحل خفيف,positif
ma3awdch pantalon d3if,negatif
service excellent walakin ghali bzaf,neutre
التوصيل خايب و كايتبلوكا,negatif
السروال خاسرة بزاف بزاف ما كايستاهلش,negatif
had lproduit magnifique walakin nul,neutre
had lmahal fchel dima,negatif
خسارة الفلوس هاد السلعة خايبة,negatif
السروال ماشي بنينة ندمت عليه,negatif
الخدمة غالي بزاف بزاف ما تشريوهش,negatif
هاد التطبيق كايعجبني غير شوية الله يعطيك الصحة,positif
had pc acceptable 3adi machi chi haja,neutre
had lmahal 3la 9d lhal vraiment,neutre
casque sans plus machi chi haja kbira,neutre
srioual original o khedam mzyan,positif
السلعة طوب ولكن زبل,neutre
dacia moyenne chwiya,neutre
casque original recommande 100%,positif
السروال ماشي غزال بزاف ماتضيعوش فلوسكم فيه,negatif
الطوموبيل غالية ولكن خفيف,neutre
التليفون ماشي ماخداماش غير شريوه,positif
هاد المنتج عادية ما بيهش,neutre
المنتج زوين و واعرة,positif
الصباط ممتاز شويية شراء مميز,positif
السروال عجباتني ولكن ثقيل,neutre
كنصح بيه الكاسك رائع,positif
had ssiara khaser ma3awdch,negatif
المنتج مقبولة شويية,neutre
casque fchel walakin bnin,neutre
had lproduit original vraiment 3jebni bzaf,positif
الحوايج خايب فعلا,negatif
الماكينة مقبولة على قد الثمن,neutre
السيارة متوسط,neutre
lah i3tikom saha had l'article mousali,positif
الحوايج ممتاز الله يعطيك الصحة,positif
had tomobil makaynach bhalha chwya 3jebni bzaf,positif
هاد التليفون خفيف تستاهل كل خير,positif
الصباط عادي غير شوية,neutre
had sbat machi khfif never buy this,negatif
lproduit na9s o makanich,negatif
الحوايج زوينة ولكن ما عجبنيش,neutre
هاد التليفون مقبولة شوية,neutre
التليفون مقبول ما بيهش,neutre
had lmakla 3jebni ga3ma nssa7 bih,positif
had ssiara ma3jbnich 3iyane bzaf,negatif
top bzaf had lmakla khedam mzyan,positif
madiwch 3lih livraison khasr,negatif
hadchi top dial top o zwine,positif
الماكينة طوب كاع شراء مميز,positif
شكرا بزاف هاد التليفون واعر,positif
had l'article mezyan walakin ghalia,neutre
had lmahal machi zwine bzaf walakin fait le travail,neutre
recommande 100% had tilifoun 3jebni,positif
الطوموبيل متوسط ماشي شي حاجة كبيرة,neutre
had lproduit fi lmotawassit chwiya bzaf,neutre
السيارة ماشي حامضة عجبني بزاف,positif
الخدمة مزيان شويية تستاهل كل خير,positif
had lmahal kaytbloqua walakin zween,neutre
هاد المحل غالية و ما مزيانش,negatif
had l'article d3if walakin wa3er,neutre
service top dial top walakin d3ifa,neutre
had pc machi khayb bzaaf,neutre
had lproduit mtwsat chwiya,neutre
هاد السلعة عجباتني ولكن خاسرة,neutre
الحوايج على قد الحال غير شوية,neutre
lproduit khasr walakin zwine,neutre
هاد المحل ماشي عجباتني ولكن عادي وصافي,neutre
التليفون خفيف ولكن غالية,neutre
had lproduit zwina walakin makhedamach,neutre
المنتج زوينة ولكن خاسرة,neutre
الكاسك مزيان بزآف,positif
had pc machi satisfait madiwch 3lih,negatif
الله يعطيك الصحة المحل بنينة,positif
had tomobil fchel walakin khedam mzn,neutre
هاد المحل ماشي شي حاجة,neutre
الصباط زوينة ديما كنصح بيه,positif
البيسي ماشي طوب ولكن عادي وصافي,neutre
casque mzyan o parfait,positif
السروال ماشي ثقيل الله يعطيك الصحة,positif
lproduit khaib chouiya,negatif
tipo machi ghalia bzaf rabi ikhalikom,positif
had l'app 3jebni ghi chwiya,positif
livraison machi mlih walakin pour le prix ca va,neutre
had pc magnifique 3jebni bzaf,positif
had pc machi zween walakin machi chi haja kbira,neutre
السيارة مزيان فعلا,positif
had lmakla 3ayana dima jamais de la vie,negatif
had lmahal machi mlih walakin pour le prix ca va,neutre
هاد السلعة موسخ ولكن زوين,neutre
hadchi mousali walakin modir,neutre
هاد السلعة ماشي ما مزيانش رائع جدا,positif
had ssiara machi 3ayana recommande 100%,positif
تستاهل كل خير الماكينة غزال بزاف,positif
madiwch 3lih had pc t9il,negatif
هاد السلعة ماشي موسخة خودوه وانتوما هانيين,positif
hwayj 3adi fait le travail,neutre
t-shirt pas exceptionnel bzaf,neutre
السلعة عيانة و موسخة,negatif
had lmahal zween bzaaf recommande 100%,positif
had lmahal mazwinch ma3awdch,negatif
هاد التطبيق نورمال على قد الجيب,neutre
tilifoun parfait chira2 mzyan,positif
البيسي ماشي ما كاينش بحالو ولكن على قد الجيب,neutre
المحل عجبني و ما كاينش بحالو,positif
had lmakla machi khatir bzaf,neutre
هاد الماكلة ماشي ندمت عليه شراء مميز,positif
madiwch 3lih t-shirt modir,negatif
khoudouh wntouma mhaniyin had sbat n9i,positif
had ssiara khasra dima,negatif
السلعة رائع ولكن غالي,neutre
t-shirt mzyana walakin nul,neutre
المحل طوب و غزالة,positif
livraison mzyana chwiya khoudouh wntouma mhaniyin,positif
had lmakla nul walakin n9i,neutre
casque kay9di lghard ga3,neutre
المحل ماشي خفيف ما تشريوهش,negatif
الكاسك خدام مزيان ولكن ناقصة,neutre
had tomobil zwina ga3ma lah i3tikom saha,positif
nssa7 bih pc sria3,positif
السيارة ماشي واعر ماشي شي حاجة كبيرة,neutre
التليفون بطل ولكن حامض,neutre
السروال ماشي بنينة ولكن على قد الجيب,neutre
الماكينة بطل فعلا,positif
السيارة غزالة كنصح بيه,positif
الطوموبيل عادي ماشي شي حاجة كبيرة,neutre
التليفون خسارة الفلوس ولكن عجباتني,neutre
ecouteurs machi khatir pour le prix ca va,neutre
ندمت عليه هاد الماكلة حامضة,negatif
had tomobil top dial top bzaff top bzaf,positif
had lmahal machi khedam mzyan 3iyane bzaf,negatif
tipo machi mezyan ndemte 3lih,negatif
toussil machi n9i walakin pour le prix ca va,neutre
livraison machi nul lah i3tikom saha,positif
الخدمة على قد الحال شويية,neutre
الكاسك ماشي موسخ الله يعطيك الصحة,positif
had ssiara makhedamch walakin n9i,neutre
الطوموبيل غالية كاعma ماتضيعوش فلوسكم فيه,negatif
التوصيل ماشي بطل ولكن كيقضي الغرض وصافي,neutre
tipo zween chira2 mzyan,positif
toussil machi mezian matkhasrouch flousscom,negatif
had tomobil machi top ma3awdch,negatif
merci bzaf pc original,positif
rabi ikhalikom t-shirt zwine,positif
t-shirt mabghitch ghi chwiya,negatif
lhwayj t9ila dima,negatif
هاد المحل متوسطة بزاف,neutre
t-shirt top chwiya bzaf chira2 mzyan,positif
srioual zwina walakin ma3jbnich,neutre
lah i3tikom saha had pc mzyan,positif
had lmahal fi lmotawassit bzaaf,neutre
الماكينة غزالة و بنينة,positif
never buy this had lmakla makhedamach,negatif
had l'article machi chi haja 3adi machi chi haja,neutre
الكاسك متوسطة كاعma,neutre
had tilifoun machi na9s rabi ikhalikom,positif
nssa7 bih had tomobil top dial top,positif
الطوموبيل زبل توبة نعاود نشري,negatif
chira2 mzyan srioual wa3er,positif
شراء مميز البيسي ممتاز,positif
srioual makhedamch,negatif
الماكينة مقبولة كاعma,neutre
lkhidma makhedamch o fchel,negatif
المحل غالي و موسخة,negatif
السيارة ما زوينش ضياع الوقت والفلوس,negatif
التليفون ماشي ما كاينش بحالو ولكن عادي وصافي,neutre
ندمت عليه الحوايج ما عجبنيش,negatif
tipo makhedamch madiwch 3lih,negatif
casque waer chwya,positif
merci bzaf had sbat waer,positif
توبة نعاود نشري الصباط كايتبلوكا,negatif
had ssiara horrible walakin original,neutre
had lproduit t9ila walakin zwin,neutre
had pc zween walakin khasr,neutre
المحل ضعيفة ضياع الوقت والفلوس,negatif
السيارة ماشي طوب ولكن كيقضي الغرض وصافي,neutre
هاد التليفون ضعيفة كاعma,negatif
rabi ikhalikom pc mzyana,positif
ecouteurs machi mousskha je recommande,positif
tilifoun khfif walakin degoutant,neutre
perte d'argent tipo ghali,negatif
pantalon machi satisfait walakin fait le job,neutre
شكرا بزاف البيسي غزال,positif
هاد السلعة متوسط بزااف,neutre
البيسي حامضة غير شوية,negatif
السيارة كناصح بيه بزآف خودوه وانتوما هانيين,positif
nssa7 bih ecouteurs waer,positif
had sbat t9il ma3awdch,negatif
هاد السلعة ماشي خايب غير شريوه,positif
rabi ikhalikom lhwayj wa3er,positif
had sbat khaser da3a dial lweqt,negatif
هاد المنتج ماشي زوين على قد الثمن,neutre
3jebni bzaf toussil 3jbatni,positif
khasara dyal lflouss pc fchel,negatif
الصباط زبل شويية,negatif
recommande 100% had lmahal top,positif
had lmakla moyen pour le prix ca va,neutre
الكاسك ماشي فشل غير شريوه,positif
had lmakla makaynach bhalha ga3 lah i3tikom saha,positif
tilifoun machi 3jbatni walakin fait le travail,neutre
lkhidma machi top walakin pour le prix m9boul,neutre
هاد المحل ممتاز و غزالة,positif
had tilifoun machi original walakin fait le job,neutre
lkhidma top dial top bzaaf,positif
هاد الماكلة واعر ولكن موسخ,neutre
lhwayj machi chi haja pour le prix ca va,neutre
هاد الماكلة ماشي ما زوينش الله يعطيك الصحة,positif
الخدمة مقبول غير شوية,neutre
البيسي متوسط بزااف,neutre
service zbel walakin satisfait,neutre
الماكينة ماشي غالي بزاف تستاهل كل خير,positif
الصباط ماشي ممتاز خسارة الفلوس,negatif
had l'app na9sa walakin wa3er,neutre
هاد المنتج ناقصة و ناقصة,negatif
rabi ikhalikom service mezyan,positif
jamais de la vie livraison horrible,negatif
الله يعطيك الصحة هاد الماكلة خفيف,positif
ecouteurs nul jamais de la vie,negatif
شكرا بزاف السيارة طوب,positif
t-shirt d3if walakin khedam mzyan,neutre
tipo mousali dima,positif
ضياع الوقت والفلوس السيارة عيان,negatif
هاد الماكلة عادي وصافي فعلا,neutre
had lmahal machi khayb machi chi haja kbira,neutre
had l'app machi khaib top bzaf,positif
had lproduit khaib o ghalia bzaf,negatif
ماتضيعوش فلوسكم فيه السروال موسخ,negatif
pc na9s o khasra,negatif
tipo ghalia chwiya bzaf,negatif
ma3awdch had l'app horrible,negatif
المحل ماشي بنينة ولكن على قد الجيب,neutre
الكاسك خدام مزيان كاع,positif
3iyane bzaf lproduit ghali bzaf,negatif
had sbat normal chwya,neutre
عجبني بزاف السيارة غزال بزاف,positif
lhwayj machi zween madiwch 3lih,negatif
lkhidma mousskha walakin 3jbni,neutre
الطوموبيل متوسط شوية,neutre
had tomobil makhedamch bzaf,negatif
had l'article excellent ghi chwiya,positif
التليفون على قد الحال شويية,neutre
خودوه وانتوما هانيين هاد التليفون زوينة,positif
ضياع الوقت والفلوس الماكينة ثقيل,negatif
casque mezian je recommande,positif
الماكينة غالية توبة نعاود نشري,negatif
التليفون ماشي ثقيلة شراء مميز,positif
had lmakla top dima nssa7 bih,positif
التوصيل ماشي مزيانة ما تشريوهش,negatif
had l'article makaynach bhalha o khedam mzyan,positif
had sbat machi khatir fait le travail,neutre
السلعة ناقصة ولكن رائع,neutre
khoudouh wntouma mhaniyin had lproduit zwine bzaf,positif
had l'app kay9di lghard chwya,neutre
had l'article 3adi ghi chwiya,neutre
هاد التطبيق ماشي زوينة ندمت عليه,negatif
السروال عجبني ولكن خسارة الفلوس,neutre
rabi ikhalikom hadchi zwine bzaf,positif
هاد التليفون على قد الحال,neutre
lproduit khasr madiwch 3lih,negatif
hadchi mousali walakin d3ifa,neutre
الطوموبيل زبل ولكن نقي,neutre
t-shirt waer bzaff lah i3tikom saha,positif
هاد التطبيق زوين بزاف بزاف خودوه وانتوما هانيين,positif
ecouteurs kay9di lghard chwiya,neutre
هاد المنتج حامضة ماتضيعوش فلوسكم فيه,negatif
التليفون عادي وصافي على قد الثمن,neutre
never buy this tipo ghali bzaf,negatif
rabi ikhalikom lhwayj parfait,positif
had tilifoun khasra o zbel,negatif
ghir chriwh had tilifoun mezyan,positif
had l'app bnin o zwine bzaf,positif
da3a dial lweqt tilifoun mazyanch,negatif
هاد الماكلة ماشي حامض كنصح بيه,positif
الخدمة زبل ضياع الوقت والفلوس,negatif
البيسي ماشي غزال ولكن على قد الجيب,neutre
خسارة الفلوس التليفون غالي بزاف,negatif
السروال ثقيلة كاع,negatif
tilifoun kaytskhn bzf,negatif
khoudouh wntouma mhaniyin pc mezian,positif
الماكينة عجباتني ولكن ضعيف,neutre
merci bzaf had tomobil original,positif
الصباط عادية على قد الثمن,neutre
toussil machi bnin never buy this,negatif
الحوايج خاسر ما تشريوهش,negatif
pc normal pour le prix ca va,neutre
الطوموبيل مزيان ولكن ثقيلة,neutre
pc correct bzaaf,neutre
ecouteurs mousali walakin kaytbloqua,neutre
التليفون ماشي بنين ولكن على قد الثمن,neutre
السيارة غالية بزاف بزاف,negatif
المحل ما كاينش بحالو و واعرة,positif
khasara dyal lflouss t-shirt ma3jbnich,negatif
livraison fchel walakin khfif,neutre
هاد التليفون ماشي عجباتني ما تشريوهش,negatif
هاد المحل عجبني فعلا,positif
السروال عجباتني ولكن موسخة,neutre
had ssiara machi 3jbatni walakin fait le travail,neutre
الخدمة ماشي شي حاجة,neutre
lproduit ma3jbnich walakin 3jebni,neutre
الحوايج كايعجبني و كناصح بيه,positif
hadchi machi khatir ga3ma,neutre
had l'app na9s chwiya walakin khedam ghi chwiya,neutre
tilifoun zwine bzaf ghir chriwh,positif
هاد الماكلة على قد الحال ديما,neutre
lhwayj ordinaire 3adi machi chi haja,neutre
ecouteurs zbel walakin zwin,neutre
الصباط ناقصة ندمت عليه,negatif
lkhidma machi zwina walakin fait le job,neutre
شراء مميز السيارة كناصح بيه,positif
casque parfait nssa7 bih,positif
هاد السلعة غالية توبة نعاود نشري,negatif
هاد المنتج بنينة فعلا,positif
هاد المحل كايعجبني ولكن حامض,neutre
الخدمة كايتبلوكا غير شوية ما تشريوهش,negatif
dacia khayb walakin mzyana,neutre
tilifoun fchel o t9il,negatif
الماكينة كيقضي الغرض كاع,neutre
السيارة موسخة و ناقص,negatif
غير شريوه السيارة بنين,positif
srioual machi khayb machi chi haja kbira,neutre
السيارة موسخ و كايتبلوكا,negatif
الكاسك كيقضي الغرض بزاف بزاف,neutre
السيارة ماشي خدام مزيان خسارة الفلوس,negatif
السيارة على قد الحال على قد الجيب,neutre
tilifoun makanich walakin parfait,neutre
الصباط متوسط ما بيهش,neutre
lproduit khedam mzn rabi ikhalikom,positif
البيسي عيان و خسارة الفلوس,negatif
had sbat machi decu lah i3tikom saha,positif
هاد المنتج فشل غير شوية ضياع الوقت والفلوس,negatif
ندمت عليه السيارة غالي,negatif
هاد التليفون خدام مزيان كاعma,positif
nssa7 bih had lmahal parfait,positif
السيارة كيقضي الغرض على قد الجيب,neutre
هاد التطبيق غالية بزآف ضياع الوقت والفلوس,negatif
had l'article mabghitch walakin excellent,neutre
المنتج ما كاينش بحالو و كايعجبني,positif
السيارة غالي بزاف ما تشريوهش,negatif
livraison 3jbatni chwiya merci bzaf,positif
had lmakla machi ma3jbnich nssa7 bih,positif
هاد التطبيق مقبول ماشي شي حاجة كبيرة,neutre
casque mabghitch walakin satisfait,neutre
lhwayj ghalia jamais de la vie,negatif
خسارة الفلوس الماكينة خاسرة,negatif
had lmahal bnin o wa3er,positif
البيسي موسخ بزآف,negatif
had lmahal machi nul chira2 mzyan,positif
dacia kaytbloqua bzaff,negatif
hwayj khedam mzn walakin khasr,neutre
had lmakla khasr o khayba,negatif
lkhidma fi lmotawassit bzaff,neutre
هاد التطبيق ماشي كايعجبني توبة نعاود نشري,negatif
التليفون فشل و خسارة الفلوس,negatif
هاد المنتج خاسرة ولكن غزالة,neutre
rabi ikhalikom service mzyana,positif
رائع جدا الصباط ممتاز,positif
had sbat kaytbloqua o khasr,negatif
ecouteurs machi na9sa ghir chriwh,positif
الصباط ما كاينش بحالو ولكن ما مزيانش,neutre
التليفون بطل شكرا بزاف,positif
هاد المحل عادي كيقضي الغرض وصافي,neutre
السلعة عيانة,negatif
البيسي عادي وصافي ماشي شي حاجة كبيرة,neutre
هاد المحل بنينة ولكن ناقص,neutre
الخدمة ماشي شي حاجة كاعma,neutre
had sbat machi khatir chouiya,neutre
هاد التليفون زوين كاع كنصح بيه,positif
had lmakla kay9di lghard chwiya bzaf,neutre
dacia machi mzyana da3a dial lweqt,negatif
had ssiara na9sa walakin mzyan,neutre
casque machi excellent never buy this,negatif
الطوموبيل خدام مزيان ديما الله يعطيك الصحة,positif
شراء مميز الكاسك مزيانة,positif
had sbat khfif ghir chriwh,positif
had lmakla ghalia walakin bnin,neutre
had lmakla kaytbloqua o na9sa,negatif
had sbat machi zbel rabi ikhalikom,positif
had lmakla na9s 3iyane bzaf,negatif
الحوايج كناصح بيه ولكن ثقيل,neutre
t-shirt machi zween walakin pour le prix ca va,neutre
هاد التليفون عيان ما كايستاهلش,negatif
المنتج طوب و زوين,positif
هاد المنتج ماشي khayb بزاف بزاف,neutre
الطوموبيل ماشي khayb كاع,neutre
المحل ماشي ما مزيانش شكرا بزاف,positif
pc acceptable,neutre
had pc mzyan walakin 3ayana,neutre
had ssiara correct bzf,neutre
هاد التليفون ناقصة شوية ما كايستاهلش,negatif
had sbat zween chwiya bzaf,positif
التليفون ماشي زوين خسارة الفلوس,negatif
srioual 3la 9d lhal pour le prix m9boul,neutre
jamais de la vie had lmakla khayb,negatif
lhwayj zbel chwiya bzaf,negatif
t-shirt machi khedam mzyan madiwch 3lih,negatif
المنتج ماشي شي حاجة بزاف,neutre
المحل فشل ولكن سريع,neutre
الخدمة ما عجبنيش شويية ضياع الوقت والفلوس,negatif
هاد المنتج عادي وصافي بزاف بزاف,neutre
service decu o fchel,negatif
الصباط مقبولة,neutre
tilifoun mezian chwiya bzaf lah i3tikom saha,positif
hwayj kaytskhn bzaf,negatif
هاد المنتج كايعجبني و طوب,positif
السيارة مقبولة شوية,neutre
never buy this had lmakla moussekh,negatif
ماتضيعوش فلوسكم فيه الخدمة خايبة,negatif
هاد الماكلة رائع و زوينة,positif
البيسي ماشي واعر بزاف بزاف,neutre
الطوموبيل ما كاينش بحالو ولكن خسارة الفلوس,neutre
التوصيل ماخداماش كاعma,negatif
had pc na9s chwiya walakin khedam fait le travail,neutre
t-shirt machi makaynach bhalha 3iyane bzaf,negatif
had lproduit zwina 3jebni bzaf,positif
lproduit moyen fait le job,neutre
خودوه وانتوما هانيين المنتج بنين,positif
السلعة ماشي ناقص شكرا بزاف,positif
had tilifoun moyenne,neutre
المنتج بنين ديما رائع جدا,positif
had ssiara 3jbatni walakin makhedamch,neutre
الحوايج موسخ ندمت عليه,negatif
الحوايج سريع ديما,positif
هاد التطبيق طوب كاع الله يعطيك الصحة,positif
المنتج غالية بزاف ضياع الوقت والفلوس,negatif
شراء مميز الصباط طوب,positif
الطوموبيل متوسط ديما,neutre
pantalon ghzal walakin fchel,neutre
ecouteurs machi 3jbatni walakin 3adi machi chi haja,neutre
pantalon 3la 9d lhal 3adi machi chi haja,neutre
السروال عادي عادي وصافي,neutre
التليفون كيقضي الغرض كيقضي الغرض وصافي,neutre
الحوايج موسخة كاعma,negatif
livraison machi mezian da3a dial lweqt,negatif
هاد التليفون كناصح بيه شويية خودوه وانتوما هانيين,positif
المحل كيقضي الغرض ماشي شي حاجة كبيرة,neutre
had tilifoun machi khatir chwiya bzaf,neutre
المنتج مقبولة فعلا,neutre
خسارة الفلوس الحوايج ناقص,negatif
pc excellent walakin 3ayana,neutre
التليفون ماشي شي حاجة كاع,neutre
السروال حامض ولكن سريع,neutre
service 3adia bzaf,neutre
هاد السلعة ماشي شي حاجة كيقضي الغرض وصافي,neutre
هاد المنتج ماشي زوين كاعma,neutre
هاد المنتج ماشي مزيان ما تشريوهش,negatif
had ssiara n9i lah i3tikom saha,positif
هاد السلعة خايبة ولكن بنينة,neutre
toussil zbel chwya,negatif
toussil nul walakin zwine bzaf,neutre
livraison sria3 khoudouh wntouma mhaniyin,positif
had l'article makanich tellement,negatif
lproduit machi mlih jamais de la vie,negatif
ecouteurs fi lmotawassit 3adi machi chi haja,neutre
ma3awdch had l'app khayb,negatif
الطوموبيل عجبني و رائع,positif
هاد المحل ممتاز ولكن ناقصة,neutre
ecouteurs machi zwine 3adi machi chi haja,neutre
السروال نقي تستاهل كل خير,positif
t-shirt t9il vraiment matkhasrouch flousscom,negatif
pc machi parfait walakin fait le job,neutre
had l'app khasr chouiya 3iyane bzaf,negatif
الحوايج كايتبلوكا ولكن رائع,neutre
tipo mezyan lah i3tikom saha,positif
الماكينة ماخدامش بزاف بزاف,negatif
khasara dyal lflouss had tilifoun makanich,negatif
الحوايج ماشي ندمت عليه رائع جدا,positif
الكاسك ماشي ناقص غير شريوه,positif
had pc zwine bzaff ghir chriwh,positif
top bzaf hwayj parfait,positif
هاد المنتج ماخدامش شوية ضياع الوقت والفلوس,negatif
السروال خفيف ولكن ما عجبنيش,neutre
هاد المحل غزالة بزاف,positif
السروال ماشي ثقيلة كنصح بيه,positif
التليفون ماشي نقي ما كايستاهلش,negatif
3jebni bzaf dacia top,positif
هاد التطبيق ماشي بنين ما تشريوهش,negatif
had tilifoun moyen 3adi machi chi haja,neutre
tilifoun 3jebni o zwine,positif
الطوموبيل ماشي khayb كيقضي الغرض وصافي,neutre
dacia mousskha bzf,negatif
الصباط موسخة بزاف,negatif
السيارة ناقص شوية ولكن خدام فعلا,neutre
هاد التليفون ماشي رائع ولكن ماشي شي حاجة كبيرة,neutre
المحل بنينة ولكن ثقيلة,neutre
had lmakla nul madiwch 3lih,negatif
tipo moyen bzaf,neutre
lproduit khayba walakin ghzal,neutre
had lmahal mousali walakin t9ila,neutre
الصباط ماشي مزيانة ولكن ما بيهش,neutre
هاد التليفون خسارة الفلوس و ما مزيانش,negatif
المنتج ماشي زوين ندمت عليه,negatif
had lmakla machi zween walakin 3adi machi chi haja,neutre
tilifoun machi makaynach bhalha walakin pour le prix m9boul,neutre
هاد السلعة ما عجبنيش ضياع الوقت والفلوس,negatif
الصباط ماشي طوب ولكن على قد الجيب,neutre
hwayj ordinaire dima,neutre
هاد التطبيق طوب بزآف,positif
ecouteurs degoutant dima,negatif
المحل موسخة ولكن خفيف,neutre
الطوموبيل بنين ولكن ضعيفة,neutre
had lmakla machi khaib chira2 mzyan,positif
service parfait o mzyana,positif
هاد التليفون عيان توبة نعاود نشري,negatif
غير شريوه السلعة ممتاز,positif
hadchi khedam mzn walakin moussekh,neutre
hadchi mezyan 3jebni bzaf,positif
الخدمة ماشي ما زوينش الله يعطيك الصحة,positif
الصباط ماشي شي حاجة بزآف,neutre
المنتج عجبني تستاهل كل خير,positif
chira2 mzyan dacia makaynach bhalha,positif
هاد التطبيق بطل بزآف,positif
الماكينة ما عجبنيش ندمت عليه,negatif
hwayj zbel walakin mzyan,neutre
الكاسك غالي بزاف شويية,negatif
toussil zwine bzaf o khedam mzyan,positif
الكاسك خاسرة شوية,negatif
البيسي خايب ولكن خفيف,neutre
merci bzaf lkhidma khedam mzyan,positif
الكاسك ماشي بنينة توبة نعاود نشري,negatif
التوصيل ممتاز ولكن ناقصة,neutre
hadchi machi zwine 3adi machi chi haja,neutre
هاد المحل خفيف فعلا شكرا بزاف,positif
هاد التليفون ناقص و حامض,negatif
service khaser o zbel,negatif
التليفون واعرة و واعر,positif
pc n9i vraiment,positif
tilifoun moyen ghi chwiya,neutre
lkhidma machi zwin ma3awdch,negatif
pantalon zwine bzaf walakin kaytbloqua,neutre
السيارة سريع ولكن زبل,neutre
nssa7 bih dacia parfait,positif
الماكينة عيان ولكن خدام مزيان,neutre
المحل ماخداماش ولكن سريع,neutre
livraison d3ifa chwya,negatif
السيارة ما زوينش توبة نعاود نشري,negatif
هاد الماكلة موسخ ولكن واعرة,neutre
السروال ماشي رائع توبة نعاود نشري,negatif
رائع جدا التوصيل بطل,positif
srioual n9i rabi ikhalikom,positif
الحوايج غالي ديما,negatif
الماكينة ضعيفة ضياع الوقت والفلوس,negatif
tilifoun sans plus fait le travail,neutre
had lproduit top dial top o n9i,positif
الصباط عجباتني و غزالة,positif
الكاسك ناقص شوية ولكن خدام شويية,neutre
السلعة مزيان شويية الله يعطيك الصحة,positif
had ssiara machi top walakin fait le travail,neutre
hadchi 3jbni chwiya bzaf,positif
الكاسك على قد الحال بزآف,neutre
البيسي واعر ولكن ما زوينش,neutre
المحل سريع ولكن خسارة الفلوس,neutre
had lmakla mzyana walakin mabghitch,neutre
هاد التليفون ماشي ندمت عليه عجبني بزاف,positif
المحل ماشي زوين على قد الثمن,neutre
tipo mazwinch ndemte 3lih,negatif
البيسي ندمت عليه بزاف,negatif
t-shirt machi chi haja vraiment,neutre
الكاسك ماخداماش بزاف بزاف ما تشريوهش,negatif
had tilifoun excellent walakin 3ayana,neutre
nssa7 bih tilifoun 3jbatni,positif
had pc makhedamach dima,negatif
recommande 100% lproduit top,positif
الصباط ثقيل ندمت عليه,negatif
هاد السلعة ماشي غزال ولكن على قد الجيب,neutre
هاد المحل ماشي غالي بزاف عجبني بزاف,positif
هاد الماكلة ما عجبنيش ولكن نقي,neutre
هاد التطبيق حامضة و خسارة الفلوس,negatif
هاد التليفون رائع رائع جدا,positif
الطوموبيل حامضة ضياع الوقت والفلوس,negatif
had lproduit kaytbloqua bzaf,negatif
ندمت عليه السيارة ضعيف,negatif
المنتج زوينة بزاف بزاف,positif
الماكينة ماشي khayb بزااف,neutre
pantalon ghzal walakin makhedamach,neutre
had lmahal bnin o khedam mzn,positif
هاد التليفون غالية فعلا ضياع الوقت والفلوس,negatif
المنتج ماشي واعرة ما تشريوهش,negatif
casque machi zwine 3iyane bzaf,negatif
lproduit khedam mzyan bezzaf,positif
had l'article correct bzf,neutre
التليفون نورمال فعلا,neutre
service ghali bzaf walakin zwine,neutre
كنصح بيه التوصيل مزيان,positif
casque sria3 bzf merci bzaf,positif
الطوموبيل خاسرة و حامضة,negatif
top bzaf had l'article mezian,positif
had lmakla mezyan walakin decu,neutre
dacia normal bzaf,neutre
الله يعطيك الصحة المحل نقي,positif
هاد التليفون ماشي khayb ماشي شي حاجة كبيرة,neutre
pc zwin chwiya merci bzaf,positif
البيسي كيقضي الغرض بزاف بزاف,neutre
هاد المنتج نقي بزاف شكرا بزاف,positif
jamais de la vie toussil khayba,negatif
هاد الماكلة ماشي عجباتني ولكن على قد الثمن,neutre
had lmahal machi 3jbatni walakin 3adi machi chi haja,neutre
had sbat mtwsat vraiment,neutre
هاد التليفون ماشي خدام مزيان ولكن على قد الثمن,neutre
الحوايج ماشي موسخة شراء مميز,positif
lkhidma ma3jbnich chwiya madiwch 3lih,negatif
الصباط خاسر ماتضيعوش فلوسكم فيه,negatif
الخدمة ماشي زوين خسارة الفلوس,negatif
hwayj machi khasr nssa7 bih,positif
الحوايج ماشي موسخة الله يعطيك الصحة,positif
had pc zwin walakin khasra,neutre
الطوموبيل ماشي زوين ولكن ما بيهش,neutre
had lmahal pas exceptionnel pour le prix ca va,neutre
t-shirt machi na9s chira2 mzyan,positif
شكرا بزاف البيسي ناجح,positif
had tomobil decu tellement madiwch 3lih,negatif
السروال مقبول كاعma,neutre
had tilifoun mousskha bzaf da3a dial lweqt,negatif
هاد التطبيق زوين شويية غير شريوه,positif
التوصيل كايعجبني شراء مميز,positif
هاد التطبيق ما كاينش بحالو و غزال بزاف,positif
had lproduit 3ayan walakin zwine bzaf,neutre
المنتج خايبة ولكن بنين,neutre
lproduit 3ayan o khayba,negatif
service horrible o makhedamch,negatif
hadchi machi khatir bzaaf,neutre
had tomobil 3jbni walakin mazwinch,neutre
الماكينة عادية ما بيهش,neutre
had l'article mousskha bzf,negatif
pc makhedamach o ghalia,negatif
had l'app khedam mzn ga3 merci bzaf,positif
had lmakla ghali walakin bnin,neutre
ndemte 3lih srioual mazyanch,negatif
الطوموبيل ماشي زبل غير شريوه,positif
السروال مزيانة ولكن ناقصة,neutre
هاد المحل نقي ولكن زبل,neutre
had l'app original rabi ikhalikom,positif
lhwayj machi chi haja fait le travail,neutre
السيارة ما كاينش بحالو تستاهل كل خير,positif
t-shirt machi top ma3awdch,negatif
hadchi machi original walakin pour le prix m9boul,neutre
had lmakla khaib matkhasrouch flousscom,negatif
الحوايج غالي ولكن عجباتني,neutre
je recommande had sbat waer,positif
الكاسك زوينة ولكن فشل,neutre
lhwayj khasra walakin zwina,neutre
هاد المنتج زبل ولكن خدام مزيان,neutre
السروال عيان خسارة الفلوس,negatif
السيارة ماشي ناقصة عجبني بزاف,positif
الصباط ماشي رائع توبة نعاود نشري,negatif
dacia machi khayb 3adi machi chi haja,neutre
pc machi zwin matkhasrouch flousscom,negatif
الله يعطيك الصحة الماكينة سريع,positif
merci bzaf livraison mlih,positif
هاد التليفون زوين بزاف بزاف,positif
had l'article 3adia ga3,neutre
التليفون واعر غير شريوه,positif
hadchi 3jebni walakin mabghitch,neutre
هاد التليفون موسخة و خسارة الفلوس,negatif
الحوايج ماشي زوينة ولكن عادي وصافي,neutre
خسارة الفلوس السيارة ندمت عليه,negatif
الحوايج كايعجبني ولكن ندمت عليه,neutre
ضياع الوقت والفلوس المحل كايتبلوكا,negatif
ندمت عليه هاد السلعة ضعيفة,negatif
ما تشريوهش السيارة خاسرة,negatif
casque parfait o ghzal,positif
الحوايج رائع و مزيان,positif
هاد التطبيق كايتبلوكا شويية توبة نعاود نشري,negatif
perte d'argent t-shirt d3if,negatif
had tilifoun machi ma3jbnich merci bzaf,positif
البيسي عادي ما بيهش,neutre
dacia parfait o mousali,positif
البيسي سريع,positif
هاد الماكلة مقبول شويية,neutre
ecouteurs ghalia o khaib,negatif
had sbat 3ayan dima,negatif
الطوموبيل غالي بزاف كاعma خسارة الفلوس,negatif
هاد المحل مزيانة ولكن عيانة,neutre
ecouteurs mzyana dima nssa7 bih,positif
had lmakla machi zbel khoudouh wntouma mhaniyin,positif
الطوموبيل موسخة بزاف بزاف,negatif
had lmakla makaynach bhalha 3jebni bzaf,positif
tipo machi 3jbni ndemte 3lih,negatif
pc makanich bzaff 3iyane bzaf,negatif
livraison mzyana rabi ikhalikom,positif
هاد التليفون ضعيف ماتضيعوش فلوسكم فيه,negatif
هاد التليفون عيان ولكن بطل,neutre
had pc khfif bezzaf nssa7 bih,positif
التليفون ماشي ضعيف كنصح بيه,positif
livraison makaynach bhalha chwiya,positif
had lproduit na9s chwiya bzaf never buy this,negatif
هاد التليفون ماشي عيانة الله يعطيك الصحة,positif
had sbat machi khayb tellement,neutre
had lmahal original o khedam mzn,positif
ecouteurs sria3 o magnifique,positif
الماكينة مزيانة ولكن ما مزيانش,neutre
عجبني بزاف الصباط غزال,positif
lproduit parfait chwiya lah i3tikom saha,positif
casque machi mabghitch 3jebni bzaf,positif
lhwayj khaib bzaf never buy this,negatif
ضياع الوقت والفلوس المنتج غالي,negatif
had ssiara ghzal tellement rabi ikhalikom,positif
service machi khayb ghi chwiya,neutre
الحوايج غزالة بزاف بزاف,positif
dacia zwin ga3ma ghir chriwh,positif
had lproduit degoutant ghi chwiya,negatif
had lproduit mezyan walakin khaser,neutre
livraison t9ila ndemte 3lih,negatif
هاد التطبيق ماشي عيانة رائع جدا,positif
had l'app khedam mzn walakin modir,neutre
ماتضيعوش فلوسكم فيه الخدمة زبل,negatif
3iyane bzaf had lmakla modir,negatif
dacia satisfait vraiment,positif
الخدمة مقبول كيقضي الغرض وصافي,neutre
hwayj machi khatir bzaaf,neutre
الخدمة ناقص شوية ولكن خدام على قد الثمن,neutre
had tomobil parfait chouiya,positif
had l'article bof pour le prix ca va,neutre
السيارة زوين بزآف,positif
التوصيل واعرة بزااف الله يعطيك الصحة,positif
البيسي خسارة الفلوس و كايتبلوكا,negatif
المحل ضعيفة ولكن كايعجبني,neutre
toussil decu walakin mzyan,neutre
tipo mazwinch dima ma3awdch,negatif
casque kay9di lghard bzaff,neutre
had ssiara khayba bzaff da3a dial lweqt,negatif
التوصيل ماشي شي حاجة على قد الثمن,neutre
livraison makhedamch chwiya bzaf,negatif
السيارة ماشي زوينة ولكن على قد الثمن,neutre
had tomobil pas exceptionnel tellement,neutre
livraison machi khatir bzaff,neutre
البيسي ناقصة و خسارة الفلوس,negatif
ecouteurs wa3er walakin mousskha,neutre
الماكينة خايبة ولكن ما كاينش بحالو,neutre
tipo machi khaib lah i3tikom saha,positif
المحل متوسطة ماشي شي حاجة كبيرة,neutre
المحل بنين ولكن عيان,neutre
had lproduit zween khoudouh wntouma mhaniyin,positif
service top rabi ikhalikom,positif
hwayj moyen pour le prix m9boul,neutre
casque ordinaire ga3,neutre
هاد المحل سريع ولكن غالي,neutre
هاد الماكلة خايبة و ما زوينش,negatif
شراء مميز هاد التطبيق ممتاز,positif
lproduit makanich walakin sria3,neutre
toussil waer khoudouh wntouma mhaniyin,positif
الماكينة كناصح بيه و بطل,positif
had sbat mezyan 3jebni bzaf,positif
had lproduit fchel walakin magnifique,neutre
الكاسك سريع و كايعجبني,positif
ما كايستاهلش الحوايج عيانة,negatif
srioual mazwinch bezzaf,negatif
hadchi t9il matkhasrouch flousscom,negatif
toussil khasra never buy this,negatif
ندمت عليه التليفون غالي بزاف,negatif
hwayj machi zwin walakin 3adi machi chi haja,neutre
الطوموبيل ماشي نقي ولكن ماشي شي حاجة كبيرة,neutre
هاد المنتج ما عجبنيش ولكن عجباتني,neutre
ndemte 3lih lhwayj mabghitch,negatif
t-shirt n9i merci bzaf,positif
السروال ماشي شي حاجة كاع,neutre
الصباط حامضة و موسخ,negatif
المنتج ماشي بنين ولكن على قد الثمن,neutre
had lmahal khasr,negatif
ما كايستاهلش هاد التليفون ضعيفة,negatif
toussil machi mezian 3iyane bzaf,negatif
toussil top bzaaf merci bzaf,positif
هاد الماكلة غزال و واعر,positif
الطوموبيل ما زوينش ما تشريوهش,negatif
had tomobil sria3 walakin na9sa,neutre
had pc machi ghali bzaf nssa7 bih,positif
pantalon makaynach bhalha bzf,positif
الخدمة بنينة فعلا,positif
pantalon zbel ndemte 3lih,negatif
السروال عيانة و فشل,negatif
هاد التطبيق متوسط ما بيهش,neutre
lhwayj 3la 9d lhal ghi chwiya,neutre
lhwayj machi sria3 perte d'argent,negatif
had lmakla 3adia machi chi haja kbira,neutre
ecouteurs correct,neutre
had sbat fchel walakin parfait,neutre
had sbat mazyanch walakin satisfait,neutre
عجبني بزاف الكاسك مزيانة,positif
السلعة على قد الحال غير شوية,neutre
البيسي مزيان ولكن ما مزيانش,neutre
had sbat 3adia pour le prix m9boul,neutre
التليفون فشل ولكن خفيف,neutre
had tomobil 3jbatni o 3jbni,positif
dacia 3ayan ghi chwiya,negatif
السروال ماشي سريع ولكن على قد الجيب,neutre
السلعة نقي ولكن خسارة الفلوس,neutre
هاد المنتج عجباتني و ممتاز,positif
هاد التليفون موسخة و ضعيف,negatif
tilifoun mazyanch bzaff,negatif
service zween o mezian,positif
casque ghali bzaf tellement perte d'argent,negatif
had tomobil 3jbatni ghi chwiya,positif
الطوموبيل ماشي شي حاجة بزآف,neutre
هاد المحل بنين و نقي,positif
تستاهل كل خير هاد التليفون غزالة,positif
شكرا بزاف الحوايج بنين,positif
had lproduit kay9di lghard pour le prix ca va,neutre
الماكينة ماشي مزيانة ولكن كيقضي الغرض وصافي,neutre
ecouteurs machi waer khasara dyal lflouss,negatif
hwayj na9s chwiya walakin khedam fait le travail,neutre
livraison machi bnin madiwch 3lih,negatif
pantalon machi khedam mzyan walakin pour le prix m9boul,neutre
had lmahal machi original walakin 3adi machi chi haja,neutre
tilifoun degoutant vraiment matkhasrouch flousscom,negatif
had l'app t9il vraiment matkhasrouch flousscom,negatif
had tomobil khayba bezzaf,negatif
هاد المحل رائع ولكن ماخدامش,neutre
هاد السلعة ناقص شوية ولكن خدام بزاف بزاف,neutre
srioual parfait recommande 100%,positif
had tomobil machi zwine bzaf da3a dial lweqt,negatif
السلعة ماشي غالي بزاف كنصح بيه,positif
هاد التليفون خدام مزيان و مزيانة,positif
الطوموبيل واعر عجبني بزاف,positif
هاد السلعة ناقص ضياع الوقت والفلوس,negatif
casque d3ifa ga3,negatif
السروال ماشي khayb كاعma,neutre
had lmakla 3ayana chwiya,negatif
السيارة مقبول فعلا,neutre
هاد المنتج سريع ولكن ما زوينش,neutre
هاد المحل موسخ و فشل,negatif
t-shirt makaynach bhalha chouiya nssa7 bih,positif
lkhidma d3ifa madiwch 3lih,negatif
الماكينة متوسطة بزاف,neutre
pc top walakin khaib,neutre
casque zwine bzaf je recommande,positif
الماكينة خايب ما تشريوهش,negatif
lkhidma kay9di lghard chwya,neutre
lhwayj khayb o moussekh,negatif
madiwch 3lih lkhidma degoutant,negatif
t-shirt mazyanch khasara dyal lflouss,negatif
التوصيل موسخة و غالي,negatif
البيسي خفيف بزآف تستاهل كل خير,positif
البيسي بطل و عجبني,positif
perte d'argent had l'app horrible,negatif
dacia machi mzyana walakin pour le prix m9boul,neutre
ما تشريوهش التليفون حامض,negatif
الحوايج عجبني و زوين,positif
المحل خايب ولكن طوب,neutre
الحوايج ناجح بزااف,positif
المنتج حامضة شويية توبة نعاود نشري,negatif
هاد الماكلة كايتبلوكا ولكن خفيف,neutre
الصباط عجباتني بزآف,positif
التليفون ماشي موسخ عجبني بزاف,positif
الصباط ماشي خدام مزيان ما تشريوهش,negatif
ecouteurs makaynach bhalha chwiya khoudouh wntouma mhaniyin,positif
هاد التطبيق ماشي زوين ماشي شي حاجة كبيرة,neutre
الخدمة سريع رائع جدا,positif
srioual kay9di lghard pour le prix m9boul,neutre
المنتج ماخدامش توبة نعاود نشري,negatif
الطوموبيل كايتبلوكا و موسخ,negatif
had pc mabghitch chouiya matkhasrouch flousscom,negatif
هاد السلعة ما كاينش بحالو غير شوية,positif
البيسي غزال بزاف ولكن عيان,neutre
tilifoun 3ayan walakin original,neutre
المنتج ماشي خسارة الفلوس تستاهل كل خير,positif
ndemte 3lih hwayj makhedamach,negatif
toussil bof,neutre
livraison mousali bezzaf,positif
الصباط خايبة و ثقيل,negatif
had tomobil ghali matkhasrouch flousscom,negatif
السلعة غزال بزاف و سريع,positif
livraison khayb bezzaf,negatif
السروال على قد الحال عادي وصافي,neutre
casque kaytbloqua chwiya bzaf,negatif
المحل طوب و طوب,positif
had l'app na9sa bzf,negatif
matkhasrouch flousscom pantalon modir,negatif
3iyane bzaf had pc horrible,negatif
toussil top dial top bzaaf top bzaf,positif
toussil moyenne bzaff,neutre
هاد التليفون ماشي ناجح توبة نعاود نشري,negatif
srioual ghali bzaf walakin zwine,neutre
التوصيل ماشي زوين ماشي شي حاجة كبيرة,neutre
الطوموبيل عادي كاعma,neutre
السلعة ماشي حامضة خودوه وانتوما هانيين,positif
المنتج عادي وصافي بزاف بزاف,neutre
الحوايج رائع بزآف الله يعطيك الصحة,positif
lkhidma mezyan walakin ghali,neutre
هاد الماكلة ماشي ضعيفة كنصح بيه,positif
livraison khfif o mzyan,positif
ecouteurs sria3 bzaaf,positif
السلعة ماشي غزالة ماتضيعوش فلوسكم فيه,negatif
had l'app mousali chouiya,positif
السيارة ماشي عجباتني ولكن ماشي شي حاجة كبيرة,neutre
الحوايج بطل شكرا بزاف,positif
lhwayj khedam mzn ghir chriwh,positif
had lproduit mezian bzf,positif
lproduit degoutant,negatif
matkhasrouch flousscom casque mousskha,negatif
ndemte 3lih ecouteurs fchel,negatif
الحوايج فشل ضياع الوقت والفلوس,negatif
هاد التطبيق ناجح و ما كاينش بحالو,positif
هاد المنتج كايعجبني ولكن غالية,neutre
هاد الماكلة زوين رائع جدا,positif
livraison moussekh walakin 3jbni,neutre
الطوموبيل ماشي عجباتني ولكن ما بيهش,neutre
pantalon machi mzyana walakin machi chi haja kbira,neutre
pc machi n9i never buy this,negatif
السلعة عادي وصافي فعلا,neutre
هاد المحل ماشي khayb على قد الجيب,neutre
الخدمة ماشي طوب ولكن عادي وصافي,neutre
casque machi na9s rabi ikhalikom,positif
had lproduit sans plus ga3,neutre
pc machi original walakin fait le job,neutre
هاد التطبيق عيان بزاف ندمت عليه,negatif
المنتج ندمت عليه كاعma ماتضيعوش فلوسكم فيه,negatif
hadchi machi waer walakin 3adi machi chi haja,neutre
t-shirt kay9di lghard bezzaf,neutre
المنتج ماشي غزال خسارة الفلوس,negatif
التوصيل متوسطة على قد الثمن,neutre
هاد الماكلة حامض ولكن مزيانة,neutre
nssa7 bih had lmakla 3jebni,positif
المحل عجباتني و ما كاينش بحالو,positif
srioual decu madiwch 3lih,negatif
هاد المحل خدام مزيان شويية,positif
هاد التليفون خايب و عيانة,negatif
غير شريوه الخدمة زوينة,positif
had ssiara machi 3ayan top bzaf,positif
had l'article machi mezyan walakin fait le travail,neutre
had sbat machi mzyana walakin fait le travail,neutre
المحل فشل فعلا,negatif
had pc top dial top recommande 100%,positif
المحل مزيانة و نقي,positif
lkhidma horrible walakin mousali,neutre
الطوموبيل ما زوينش و خاسر,negatif
had lmahal na9sa walakin mezyan,neutre
هاد السلعة خاسر ولكن واعر,neutre
pantalon t9il chwya madiwch 3lih,negatif
had tilifoun khayb ga3ma,negatif
hadchi kaytskhn ghi chwiya never buy this,negatif
السيارة ماشي رائع ولكن كيقضي الغرض وصافي,neutre
هاد المنتج ناقص كاعma,negatif
lah i3tikom saha had lmahal excellent,positif
ecouteurs khaib chouiya never buy this,negatif
casque machi ghali bzaf 3jebni bzaf,positif
had l'article mazyanch ga3 ma3awdch,negatif
dacia machi mzyan walakin machi chi haja kbira,neutre
عجبني بزاف هاد المنتج واعرة,positif
livraison ghalia ghi chwiya,negatif
المحل نقي تستاهل كل خير,positif
السلعة كيقضي الغرض فعلا,neutre
livraison kay9di lghard chouiya,neutre
had tomobil khedam mzn ga3ma top bzaf,positif
التوصيل طوب عجبني بزاف,positif
المحل ماشي كايعجبني ولكن على قد الثمن,neutre
srioual ma3jbnich walakin top,neutre
المنتج غالية ما تشريوهش,negatif
هاد التليفون عجباتني رائع جدا,positif
المحل خايب توبة نعاود نشري,negatif
hadchi modir walakin zwina,neutre
هاد التطبيق ماشي زوينة ماتضيعوش فلوسكم فيه,negatif
الصباط على قد الحال فعلا,neutre
t-shirt 3la 9d lhal machi chi haja kbira,neutre
had ssiara machi zwin walakin 3adi machi chi haja,neutre
pc zwin walakin horrible,neutre
المنتج ماشي واعر فعلا,neutre
t-shirt makhedamch o zbel,negatif
toussil 3adia fait le travail,neutre
السلعة عيانة بزاف بزاف ماتضيعوش فلوسكم فيه,negatif
التليفون ناقص ما كايستاهلش,negatif
toussil machi 3jebni matkhasrouch flousscom,negatif
had sbat na9s chwiya walakin khedam bzf,neutre
lproduit parfait ga3ma rabi ikhalikom,positif
tilifoun mousskha walakin mlih,neutre
had lmahal machi makaynach bhalha walakin fait le job,neutre
السيارة مزيان ولكن حامضة,neutre
المحل ماشي مزيانة ولكن عادي وصافي,neutre
شكرا بزاف المنتج كايعجبني,positif
had lmahal zwine bzaf o magnifique,positif
had lproduit mezian ga3ma 3jebni bzaf,positif
الطوموبيل ماشي ناجح ولكن على قد الثمن,neutre
lhwayj ghali bzaf o mabghitch,negatif
الخدمة ممتاز خودوه وانتوما هانيين,positif
lproduit 3jbatni ghir chriwh,positif
service na9s chwiya walakin khedam chwya,neutre
ecouteurs makaynach bhalha ghir chriwh,positif
الخدمة مزيان,positif
had sbat khfif o khfif,positif
t-shirt khedam mzyan walakin kaytskhn,neutre
had tilifoun zwine bzaf o mlih,positif
3iyane bzaf had l'article modir,negatif
الخدمة ماشي غزال بزاف ولكن ما بيهش,neutre
had ssiara makaynach bhalha vraiment 3jebni bzaf,positif
t-shirt na9s chwya matkhasrouch flousscom,negatif
lhwayj khayb dima jamais de la vie,negatif
شكرا بزاف المحل غزال بزاف,positif
toussil waer walakin zbel,neutre
tipo ghzal chouiya lah i3tikom saha,positif
التليفون خايب ولكن سريع,neutre
had tomobil machi magnifique walakin pour le prix m9boul,neutre
الحوايج ماشي غالية رائع جدا,positif
المنتج خاسرة و ضعيف,negatif
tilifoun mousskha ndemte 3lih,negatif
البيسي ناجح ولكن كايتبلوكا,neutre
هاد التطبيق ماشي حامض شكرا بزاف,positif
السيارة ماشي شي حاجة كيقضي الغرض وصافي,neutre
هاد الماكلة ماشي موسخ خودوه وانتوما هانيين,positif
lhwayj khasr ghi chwiya madiwch 3lih,negatif
srioual khfif 3jebni bzaf,positif
lproduit 3adi bzaff,neutre
الكاسك مزيان شكرا بزاف,positif
tilifoun mzyan bezzaf je recommande,positif
had lmakla excellent walakin d3if,neutre
had l'article mzyan khoudouh wntouma mhaniyin,positif
pc kaytskhn bezzaf,negatif
lproduit mezyan bzaaf je recommande,positif
المحل ماشي ضعيفة شكرا بزاف,positif
المحل عيانة فعلا,negatif
هاد الماكلة خاسرة غير شوية ما تشريوهش,negatif
lproduit horrible 3iyane bzaf,negatif
srioual machi parfait walakin fait le travail,neutre
الطوموبيل غالي بزاف كاع,negatif
التوصيل ناقص شوية ولكن خدام شويية,neutre
lkhidma machi khedam mzyan walakin machi chi haja kbira,neutre
service khaib bzaf,negatif
had tomobil satisfait,positif
الحوايج ناقص ولكن عجباتني,neutre
hwayj mazyanch walakin 3jbatni,neutre
had sbat waer bzaff merci bzaf,positif
المنتج عادية على قد الجيب,neutre
had l'app fi lmotawassit tellement,neutre
السلعة خفيف غير شوية,positif
هاد السلعة نقي و غزال,positif
had l'app ghalia,negatif
lproduit na9s ga3ma,negatif
المحل غزال بزاف و واعر,positif
هاد الماكلة ماشي فشل الله يعطيك الصحة,positif
هاد الماكلة خاسرة ماتضيعوش فلوسكم فيه,negatif
tilifoun machi zwine ga3,neutre
السيارة ضعيف و ثقيلة,negatif
البيسي ما عجبنيش بزآف,negatif
المحل ماخدامش ولكن بنين,neutre
السلعة خايبة ولكن زوين,neutre
lah i3tikom saha had lmakla mzyana,positif
had sbat fchel walakin 3jbatni,neutre
المحل ماشي زوين خسارة الفلوس,negatif
matkhasrouch flousscom had lproduit khaser,negatif
هاد التليفون ماشي ثقيلة كنصح بيه,positif
had ssiara makhedamach madiwch 3lih,negatif
التليفون ماشي khayb ما بيهش,neutre
الطوموبيل ثقيل و ما عجبنيش,negatif
had lproduit bof ga3ma,neutre
dacia 3ayana ndemte 3lih,negatif
livraison kaytbloqua tellement never buy this,negatif
هاد المحل ناقصة ولكن مزيانة,neutre
khoudouh wntouma mhaniyin lproduit 3jebni,positif
هاد المنتج ثقيل بزاف ما تشريوهش,negatif
المنتج ما كاينش بحالو ديما,positif
التليفون ماشي غزال ولكن ما بيهش,neutre
هاد التطبيق ماشي ما عجبنيش شكرا بزاف,positif
الطوموبيل نقي كنصح بيه,positif
had sbat machi kaytbloqua merci bzaf,positif
had tilifoun mabghitch walakin mlih,neutre
السيارة ما عجبنيش و خسارة الفلوس,negatif
الكاسك ماشي عجباتني توبة نعاود نشري,negatif
khasara dyal lflouss hwayj khayb,negatif
السلعة واعر و غزالة,positif
السروال غزالة غير شريوه,positif
ecouteurs mzyan nssa7 bih,positif
البيسي عجباتني و خدام مزيان,positif
ما كايستاهلش السيارة ما مزيانش,negatif
lproduit machi zwina walakin pour le prix ca va,neutre
had lmahal mousali o zwine,positif
السلعة ماشي كايعجبني ولكن كيقضي الغرض وصافي,neutre
هاد التليفون موسخ بزآف,negatif
التليفون خايب و غالي بزاف,negatif
pc machi makaynach bhalha walakin fait le job,neutre
هاد المنتج كناصح بيه و عجبني,positif
الخدمة ماشي شي حاجة على قد الجيب,neutre
srioual mlih khoudouh wntouma mhaniyin,positif
hadchi khasr o makhedamch,negatif
srioual ghalia o mazyanch,negatif
had lproduit parfait bzaf recommande 100%,positif
المحل ما زوينش خسارة الفلوس,negatif
had lproduit machi kaytskhn rabi ikhalikom,positif
ندمت عليه الطوموبيل خايب,negatif
pantalon machi top dial top walakin fait le travail,neutre
الماكينة عادية عادي وصافي,neutre
casque sria3 ghi chwiya top bzaf,positif
had l'article fchel o khayba,negatif
السلعة غالي بزاف كاع,negatif
الماكينة ثقيلة كاعma ضياع الوقت والفلوس,negatif
الماكينة كناصح بيه شوية خودوه وانتوما هانيين,positif
hwayj machi t9ila lah i3tikom saha,positif
hwayj 3la 9d lhal ga3,neutre
خسارة الفلوس الحوايج ماخداماش,negatif
pantalon zwin bzf,positif
had lmakla khfif bzaf,positif
الطوموبيل ما عجبنيش ما كايستاهلش,negatif
casque khasr walakin zwine,neutre
السروال كايعجبني و خدام مزيان,positif
lproduit machi mezian walakin fait le travail,neutre
service kaytbloqua chwya ndemte 3lih,negatif
had lmahal satisfait o khedam mzyan,positif
toussil mtwsat chwiya bzaf,neutre
الطوموبيل نورمال عادي وصافي,neutre
المحل بنين ولكن غالي بزاف,neutre
ندمت عليه هاد المحل ما مزيانش,negatif
ecouteurs mzyana walakin mabghitch,neutre
الخدمة على قد الحال ماشي شي حاجة كبيرة,neutre
tipo 3adi bzaf,neutre
pc machi ghzal walakin 3adi machi chi haja,neutre
casque khaib o na9sa,negatif
had ssiara makanich walakin magnifique,neutre
t-shirt mousskha o 3ayan,negatif
المحل ماشي غزالة ما تشريوهش,negatif
khoudouh wntouma mhaniyin pc top,positif
السلعة عادية,neutre
ماتضيعوش فلوسكم فيه السلعة عيانة,negatif
t-shirt mtwsat tellement,neutre
البيسي سريع تستاهل كل خير,positif
dacia machi zwine bzaf ndemte 3lih,negatif
هاد الماكلة ثقيل ولكن كناصح بيه,neutre
هاد التطبيق مقبولة كيقضي الغرض وصافي,neutre
الماكينة ماشي نقي ضياع الوقت والفلوس,negatif
المنتج خاسر فعلا,negatif
الكاسك ماشي خسارة الفلوس غير شريوه,positif
البيسي ماشي ضعيف تستاهل كل خير,positif
هاد المنتج كايتبلوكا ولكن بنينة,neutre
had ssiara kaytbloqua ga3,negatif
الماكينة غزال بزاف بزآف,positif
had tilifoun modir matkhasrouch flousscom,negatif
livraison makaynach bhalha bzaff,positif
had lmahal khasra o d3ifa,negatif
الخدمة ماشي غزال بزاف ولكن ماشي شي حاجة كبيرة,neutre
البيسي حامضة و ما زوينش,negatif
ma3awdch pc d3ifa,negatif
merci bzaf srioual khedam mzn,positif
الخدمة ثقيل توبة نعاود نشري,negatif
srioual machi ghali ghir chriwh,positif
tilifoun zwin o excellent,positif
عجبني بزاف هاد السلعة سريع,positif
srioual zbel ga3,negatif
هاد الماكلة مقبول غير شوية,neutre
الكاسك ناقص شوية ولكن خدام بزآف,neutre
ecouteurs mezyan ghir chriwh,positif
الماكينة ماشي رائع ولكن ما بيهش,neutre
had lmakla ghali bzaf vraiment,negatif
toussil parfait nssa7 bih,positif
السيارة بنينة عجبني بزاف,positif
ما كايستاهلش هاد المنتج حامض,negatif
هاد السلعة متوسط على قد الجيب,neutre
السلعة موسخ ما تشريوهش,negatif
lkhidma moyen fait le job,neutre
hwayj decu walakin top dial top,neutre
الحوايج طوب ولكن خسارة الفلوس,neutre
tipo machi ghzal ndemte 3lih,negatif
had l'app machi makhedamch merci bzaf,positif
المحل حامض ولكن ممتاز,neutre
البيسي متوسطة شوية,neutre
ecouteurs machi ghzal perte d'argent,negatif
السيارة خسارة الفلوس كاع ندمت عليه,negatif
المحل ماشي مزيانة ما كايستاهلش,negatif
كنصح بيه هاد السلعة مزيان,positif
هاد التليفون ما زوينش ضياع الوقت والفلوس,negatif
هاد التطبيق خدام مزيان و بنينة,positif
السيارة مقبول على قد الجيب,neutre
had tomobil t9il o kaytbloqua,negatif
hwayj ghzal walakin ma3jbnich,neutre
الماكينة ضعيفة ولكن ما كاينش بحالو,neutre
الحوايج مقبولة ما بيهش,neutre
هاد المنتج غالية و خايب,negatif
هاد التليفون نورمال ما بيهش,neutre
هاد التطبيق ماشي كناصح بيه خسارة الفلوس,negatif
had tilifoun ma3jbnich ma3awdch,negatif
lhwayj 3ayan walakin mezyan,neutre
service khayba,negatif
السروال ماشي نقي ولكن ما بيهش,neutre
had l'article na9sa o kaytskhn,negatif
had tilifoun ghalia bzaf khasara dyal lflouss,negatif
السروال خايبة ولكن عجباتني,neutre
الخدمة ما زوينش ندمت عليه,negatif
غير شريوه المنتج رائع,positif
service machi khasr top bzaf,positif
الماكينة بنينة بزاف عجبني بزاف,positif
nssa7 bih had pc 3jbni,positif
hwayj zwine bzaf top bzaf,positif
هاد السلعة غزالة و زوينة,positif
had l'article khayba walakin wa3er,neutre
التليفون ثقيلة و ناقصة,negatif
هاد المنتج ثقيلة ولكن مزيانة,neutre
المحل ثقيل ضياع الوقت والفلوس,negatif
had tilifoun kay9di lghard pour le prix ca va,neutre
السروال متوسط ما بيهش,neutre
had sbat mousali o 3jebni,positif
شكرا بزاف هاد المنتج بنينة,positif
lkhidma machi top dial top never buy this,negatif
recommande 100% ecouteurs zwine bzaf,positif
الكاسك غزالة ولكن خاسر,neutre
التوصيل زبل ديما خسارة الفلوس,negatif
had l'article bnin walakin degoutant,neutre
الخدمة غزال بزاف كنصح بيه,positif
هاد الماكلة ماشي غالية كنصح بيه,positif
had tilifoun mazyanch walakin sria3,neutre
هاد المحل مقبول كاعma,neutre
dacia wa3er recommande 100%,positif
pantalon horrible ghi chwiya khasara dyal lflouss,negatif
الحوايج خايبة كاعma ماتضيعوش فلوسكم فيه,negatif
hwayj zween o bnin,positif
ضياع الوقت والفلوس هاد المحل ندمت عليه,negatif
khasara dyal lflouss had l'article mazyanch,negatif
lhwayj zwina o waer,positif
ماتضيعوش فلوسكم فيه الكاسك موسخة,negatif
السيارة ماشي زوين ماشي شي حاجة كبيرة,neutre
شكرا بزاف الخدمة ناجح,positif
هاد التليفون زوينة غير شوية شراء مميز,positif
had tomobil 3ayan walakin mlih,neutre
المنتج ندمت عليه ولكن خدام مزيان,neutre
هاد المنتج ماشي زوين ولكن على قد الجيب,neutre
هاد السلعة ما مزيانش غير شوية توبة نعاود نشري,negatif
pc d3ifa bezzaf never buy this,negatif
had lmahal modir walakin original,neutre
lproduit machi satisfait walakin 3adi machi chi haja,neutre
التليفون خايب بزآف ما كايستاهلش,negatif
غير شريوه الحوايج طوب,positif
3iyane bzaf hwayj khasr,negatif
ضياع الوقت والفلوس التوصيل ضعيف,negatif
السروال مقبول,neutre
service ghalia bzaf chouiya jamais de la vie,negatif
dacia 3jbni o top,positif
had lproduit acceptable bzaf,neutre
pc khedam mzyan chwiya,positif
t-shirt machi mabghitch merci bzaf,positif
الكاسك خايب بزااف,negatif
هاد التليفون غالية بزاف بزاف خسارة الفلوس,negatif
خودوه وانتوما هانيين السروال سريع,positif
هاد المنتج كناصح بيه شويية,positif
البيسي خاسر خسارة الفلوس,negatif
هاد التليفون مزيان و بنينة,positif
الكاسك كايعجبني ولكن ثقيل,neutre
khasara dyal lflouss had l'app khayba,negatif
هاد السلعة ماشي غزال خسارة الفلوس,negatif
casque 3adia pour le prix m9boul,neutre
srioual khaser o khasra,negatif
الخدمة ماشي ناجح ندمت عليه,negatif
had lproduit khasr madiwch 3lih,negatif
casque wa3er ghir chriwh,positif
lproduit excellent vraiment nssa7 bih,positif
had tilifoun 3ayana chouiya,negatif
had tomobil bnin walakin nul,neutre
casque mousskha walakin zwine,neutre
je recommande t-shirt satisfait,positif
ندمت عليه الكاسك حامضة,negatif
هاد المحل خاسرة و ناقص,negatif
had sbat acceptable pour le prix ca va,neutre
توبة نعاود نشري هاد الماكلة غالي بزاف,negatif
هاد السلعة عادية عادي وصافي,neutre
tipo khedam mzyan o zwine bzaf,positif
srioual acceptable fait le job,neutre
التليفون متوسط على قد الجيب,neutre
had lmakla machi waer madiwch 3lih,negatif
3iyane bzaf tilifoun ghalia,negatif
هاد الماكلة ماشي زوينة ولكن على قد الجيب,neutre
هاد الماكلة ضعيف بزاف بزاف,negatif
merci bzaf hadchi top,positif
خسارة الفلوس السروال غالية,negatif
ecouteurs machi khayb machi chi haja kbira,neutre
خسارة الفلوس هاد المحل فشل,negatif
rabi ikhalikom casque 3jebni,positif
tilifoun modir chwiya jamais de la vie,negatif
dacia zween,positif
hadchi khasra walakin top dial top,neutre
casque 3adia fait le travail,neutre
الصباط ما زوينش شويية,negatif
الحوايج عجبني و ناجح,positif
المنتج عجباتني الله يعطيك الصحة,positif
هاد التطبيق مقبولة غير شوية,neutre
lhwayj correct chwiya,neutre
هاد المنتج خاسر ضياع الوقت والفلوس,negatif
hwayj khasr bzf 3iyane bzaf,negatif
had lmahal khasra bezzaf never buy this,negatif
lhwayj zwine vraiment,positif
هاد السلعة غالية شوية,negatif
livraison zbel o ghalia bzaf,negatif
المنتج ماشي خايبة الله يعطيك الصحة,positif
الكاسك ماشي رائع ضياع الوقت والفلوس,negatif
ضياع الوقت والفلوس السيارة خاسرة,negatif
lhwayj khedam mzyan,positif
التوصيل ثقيلة ولكن واعر,neutre
casque mazyanch o na9s,negatif
had sbat waer walakin ma3jbnich,neutre
had sbat machi ma3jbnich top bzaf,positif
casque na9s vraiment,negatif
chira2 mzyan pantalon mzyana,positif
التوصيل خدام مزيان كنصح بيه,positif
السيارة ناجح غير شريوه,positif
had lproduit original walakin mazwinch,neutre
service zwina top bzaf,positif
توبة نعاود نشري هاد التليفون موسخ,negatif
هاد التطبيق كايعجبني ولكن غالي,neutre
السيارة واعر كاعma,positif
الطوموبيل نقي و كايعجبني,positif
lhwayj makanich walakin mousali,neutre
ghir chriwh casque makaynach bhalha,positif
had pc khaib chwiya bzaf,negatif
هاد المحل ماشي خفيف ولكن عادي وصافي,neutre
had lproduit correct bzaaf,neutre
هاد التليفون غالي بزاف و موسخ,negatif
هاد السلعة عادي وصافي ما بيهش,neutre
casque machi 3jebni walakin fait le travail,neutre
السيارة ماشي موسخة رائع جدا,positif
service khaser matkhasrouch flousscom,negatif
هاد المنتج ماشي khayb على قد الثمن,neutre
tipo fi lmotawassit fait le travail,neutre
had sbat pas exceptionnel fait le travail,neutre
المحل ماشي واعر خسارة الفلوس,negatif
السلعة عيانة ما تشريوهش,negatif
الطوموبيل طوب كاع خودوه وانتوما هانيين,positif
المنتج ما كاينش بحالو و مزيانة,positif
had l'app mzyana chwya,positif
الكاسك حامض و فشل,negatif
lhwayj na9sa walakin 3jbni,neutre
lkhidma machi zwine bzaf walakin machi chi haja kbira,neutre
ndemte 3lih had lmakla kaytskhn,negatif
شكرا بزاف الماكينة ممتاز,positif
هاد الماكلة كايعجبني غير شوية غير شريوه,positif
خسارة الفلوس هاد المنتج حامضة,negatif
had lmahal ghalia o na9s,negatif
t-shirt machi waer da3a dial lweqt,negatif
السلعة عجباتني شويية شكرا بزاف,positif
المنتج زوين و غزال بزاف,positif
هاد التطبيق ماشي مزيانة ولكن على قد الثمن,neutre
hwayj top dial top o top dial top,positif
tilifoun acceptable fait le job,neutre
التوصيل خايب بزاف بزاف ما تشريوهش,negatif
hwayj moyen fait le job,neutre
ماتضيعوش فلوسكم فيه الماكينة زبل,negatif
هاد التليفون عادي ماشي شي حاجة كبيرة,neutre
المحل رائع شويية,positif
الخدمة ما زوينش ولكن مزيانة,neutre
التوصيل مزيانة شويية,positif
lkhidma machi top dial top ndemte 3lih,negatif
هاد المنتج ناقص ما تشريوهش,negatif
t-shirt makaynach bhalha walakin decu,neutre
السلعة ماشي خدام مزيان ولكن كيقضي الغرض وصافي,neutre
الطوموبيل واعرة و خدام مزيان,positif
غير شريوه التوصيل ممتاز,positif
السيارة ضعيف كاعma ضياع الوقت والفلوس,negatif
toussil ghalia bzaf jamais de la vie,negatif
srioual 3la 9d lhal tellement,neutre
had ssiara na9s o d3if,negatif
service bof fait le job,neutre
الخدمة ضعيف ولكن مزيان,neutre
had lmahal ma3jbnich walakin magnifique,neutre
هاد المحل ماشي غزالة توبة نعاود نشري,negatif
had tomobil top dial top o ghzal,positif
هاد السلعة كناصح بيه بزآف,positif
lhwayj machi makaynach bhalha ndemte 3lih,negatif
هاد التطبيق ماشي واعر بزاف بزاف,neutre
الطوموبيل عجبني غير شوية,positif
البيسي ماشي نقي ولكن على قد الجيب,neutre
التليفون ماشي بطل توبة نعاود نشري,negatif
had lmahal kay9di lghard pour le prix m9boul,neutre
عجبني بزاف الماكينة زوين,positif
lhwayj khedam mzn ga3 merci bzaf,positif
dacia bof fait le job,neutre
t-shirt makanich bzaaf,negatif
هاد المنتج رائع رائع جدا,positif
السروال حامضة بزاف,negatif
المحل موسخ ولكن غزالة,neutre
had l'app 3jbatni o mzyana,positif
tilifoun machi khfif walakin machi chi haja kbira,neutre
المحل ماشي بنين ولكن كيقضي الغرض وصافي,neutre
lkhidma machi original walakin machi chi haja kbira,neutre
had l'article sria3 ga3 3jebni bzaf,positif
tipo t9il chwya,negatif
توبة نعاود نشري المنتج ناقصة,negatif
هاد المنتج كايعجبني بزااف,positif
ecouteurs decu walakin 3jbatni,neutre
lhwayj bnin chira2 mzyan,positif
tilifoun mzyana chwiya bzaf recommande 100%,positif
المنتج عيانة ماتضيعوش فلوسكم فيه,negatif
had l'article kaytskhn bzaf 3iyane bzaf,negatif
had lmahal machi ghalia bzaf merci bzaf,positif
المنتج غالية ولكن مزيانة,neutre
had ssiara satisfait walakin khaib,neutre
pc khedam mzn chwya,positif
هاد المنتج مزيان فعلا,positif
المحل مقبول عادي وصافي,neutre
had ssiara horrible da3a dial lweqt,negatif
هاد المنتج عجباتني غير شوية,positif
had ssiara ghalia bzaf ga3,negatif
الكاسك مقبول على قد الثمن,neutre
الماكينة ماشي زبل كنصح بيه,positif
هاد المحل سريع بزاف بزاف,positif
had lmahal na9s chwiya walakin khedam bzaf,neutre
had lmahal decu never buy this,negatif
هاد السلعة ماشي غزالة ولكن ما بيهش,neutre
had tilifoun mousskha walakin zwine,neutre
service khedam mzyan walakin makanich,neutre
lkhidma sria3,positif
هاد التليفون غزالة غير شوية,positif
الخدمة ماشي مزيانة ولكن على قد الثمن,neutre
had pc machi satisfait 3iyane bzaf,negatif
had lmakla khayb walakin original,neutre
ماتضيعوش فلوسكم فيه هاد السلعة خايبة,negatif
pantalon bof fait le job,neutre
lproduit khasr walakin khedam mzn,neutre
التليفون خدام مزيان و كايعجبني,positif
هاد المنتج ماشي فشل رائع جدا,positif
ecouteurs sans plus pour le prix ca va,neutre
هاد الماكلة ماشي ممتاز ولكن ماشي شي حاجة كبيرة,neutre
الخدمة خسارة الفلوس و ماخدامش,negatif
casque zwina khoudouh wntouma mhaniyin,positif
khoudouh wntouma mhaniyin lhwayj excellent,positif
pc na9s chwiya walakin khedam fait le travail,neutre
dacia nul khasara dyal lflouss,negatif
dacia parfait top bzaf,positif
الحوايج خسارة الفلوس و ضعيفة,negatif
المحل زوين شوية,positif
had lmahal zwine bzaf walakin ghalia bzaf,neutre
tilifoun machi zwina never buy this,negatif
lah i3tikom saha pantalon mlih,positif
البيسي كناصح بيه غير شريوه,positif
casque machi mzyana walakin pour le prix ca va,neutre
هاد التليفون ماشي غزال بزاف ولكن على قد الجيب,neutre
ecouteurs machi satisfait matkhasrouch flousscom,negatif
الكاسك ماشي واعرة ولكن عادي وصافي,neutre
tipo parfait bzaff recommande 100%,positif
الكاسك ضعيف و ماخدامش,negatif
khasara dyal lflouss toussil ghalia bzaf,negatif
هاد التليفون ماشي عجبني ولكن على قد الجيب,neutre
top bzaf tilifoun zwine,positif
هاد التليفون ماشي ممتاز ولكن على قد الجيب,neutre
had l'article zwine o wa3er,positif
المنتج مزيانة ولكن خاسرة,neutre
الخدمة كيقضي الغرض ماشي شي حاجة كبيرة,neutre
lproduit na9sa o ghalia,negatif
الحوايج زوينة ولكن زبل,neutre
service machi chi haja fait le job,neutre
الكاسك ماشي ما كاينش بحالو ولكن عادي وصافي,neutre
had tomobil modir o ghalia,negatif
الحوايج ما عجبنيش بزااف,negatif
top bzaf had lmahal mzyan,positif
lkhidma machi khedam mzyan walakin pour le prix ca va,neutre
pantalon magnifique tellement,positif
السيارة ضعيفة و حامض,negatif
السروال متوسط فعلا,neutre
الماكينة بنين بزآف رائع جدا,positif
الصباط غزال بزاف,positif
الحوايج غزالة عجبني بزاف,positif
had lproduit kay9di lghard dima,neutre
توبة نعاود نشري هاد المنتج عيانة,negatif
khasara dyal lflouss had tomobil d3ifa,negatif
lhwayj machi mousali ma3awdch,negatif
hadchi top bzaff recommande 100%,positif
had ssiara machi ghzal walakin pour le prix ca va,neutre
top bzaf dacia mzyana,positif
السلعة خفيف تستاهل كل خير,positif
lkhidma zween o khedam mzyan,positif
الماكينة ما عجبنيش بزاف ما كايستاهلش,negatif
هاد التطبيق ماشي عيان غير شريوه,positif
هاد التليفون ناقص شوية ولكن خدام شويية,neutre
da3a dial lweqt hadchi makanich,negatif
had l'article khaib o ghalia,negatif
هاد الماكلة عجباتني ولكن خاسر,neutre
الماكينة مقبول على قد الثمن,neutre
السروال ماشي ممتاز ولكن ما بيهش,neutre
dacia decu chwiya,negatif
livraison khayba dima,negatif
البيسي بطل,positif
lhwayj kaytskhn da3a dial lweqt,negatif
had l'app makaynach bhalha chira2 mzyan,positif
الحوايج متوسط بزاف بزاف,neutre
الخدمة كايتبلوكا ولكن واعر,neutre
lkhidma machi magnifique walakin pour le prix ca va,neutre
هاد التليفون كناصح بيه كاعma,positif
المنتج بنين عجبني بزاف,positif
الطوموبيل ما مزيانش كاع ما تشريوهش,negatif
التوصيل بطل شويية,positif
service ghalia bzaf chwiya bzaf,negatif
had l'article khedam mzn walakin ghali bzaf,neutre
had sbat modir o moussekh,negatif
toussil khasra o makanich,negatif
lkhidma magnifique 3jebni bzaf,positif
lproduit na9s khasara dyal lflouss,negatif
hadchi mousskha vraiment,negatif
التليفون ماشي واعر خسارة الفلوس,negatif
هاد التليفون كيقضي الغرض بزآف,neutre
lproduit machi mazwinch merci bzaf,positif
هاد الماكلة سريع و غزال,positif
الطوموبيل كناصح بيه كاع,positif
المحل ما زوينش ماتضيعوش فلوسكم فيه,negatif
hwayj ghzal o parfait,positif
khasara dyal lflouss srioual degoutant,negatif
هاد المنتج بنين شويية,positif
hadchi machi khatir fait le job,neutre
الماكينة ثقيل بزااف ما كايستاهلش,negatif
هاد التطبيق متوسطة بزآف,neutre
هاد المنتج ماشي رائع ولكن على قد الجيب,neutre
had ssiara ghali bzaf walakin waer,neutre
livraison mezian dima nssa7 bih,positif
الماكينة رائع ولكن فشل,neutre
الماكينة ما عجبنيش بزااف,negatif
هاد التطبيق ناقص و موسخ,negatif
lproduit machi khatir machi chi haja kbira,neutre
هاد التليفون غزالة تستاهل كل خير,positif
had lmakla machi makhedamach recommande 100%,positif
الحوايج عيانة و غالية,negatif
المحل ماشي خايبة الله يعطيك الصحة,positif
البيسي ماشي ما كاينش بحالو ولكن كيقضي الغرض وصافي,neutre
ماتضيعوش فلوسكم فيه الطوموبيل ثقيلة,negatif
livraison 3ayan madiwch 3lih,negatif
tipo horrible jamais de la vie,negatif
التليفون عيان كاع,negatif
هاد المحل رائع ولكن ناقصة,neutre
عجبني بزاف التليفون رائع,positif
lhwayj nul bzaff,negatif
تستاهل كل خير الماكينة بنين,positif
had lmakla machi khayb fait le travail,neutre
had pc modir o mazwinch,negatif
الحوايج خسارة الفلوس شوية توبة نعاود نشري,negatif
المحل ضعيفة ديما,negatif
البيسي نقي شراء مميز,positif
had lmahal zwina walakin khayba,neutre
lhwayj fi lmotawassit chwiya,neutre
التوصيل كايعجبني كنصح بيه,positif
الخدمة ماشي عجباتني ولكن ماشي شي حاجة كبيرة,neutre
المحل فشل بزاف خسارة الفلوس,negatif
had tomobil machi zwina walakin fait le travail,neutre
tipo ghali dima madiwch 3lih,negatif
pc machi waer da3a dial lweqt,negatif
had sbat 3la 9d lhal ghi chwiya,neutre
ما كايستاهلش الماكينة خاسر,negatif
السروال خايبة توبة نعاود نشري,negatif
had pc makanich walakin original,neutre
had lmahal mazyanch chwiya bzaf 3iyane bzaf,negatif
التليفون كايعجبني كنصح بيه,positif
had pc 3jbatni bzaaf,positif
had tilifoun machi magnifique walakin fait le travail,neutre
livraison sria3 ga3,positif
الحوايج ماشي شي حاجة بزآف,neutre
merci bzaf had tilifoun makaynach bhalha,positif
service makanich chwiya bzaf matkhasrouch flousscom,negatif
had lproduit machi mlih walakin pour le prix ca va,neutre
had tomobil moyen pour le prix m9boul,neutre
المنتج ما عجبنيش بزآف,negatif
الطوموبيل حامضة بزآف,negatif
never buy this had ssiara ghali bzaf,negatif
never buy this hwayj d3ifa,negatif
lproduit 3ayana ga3 da3a dial lweqt,negatif
الماكينة حامض فعلا ما تشريوهش,negatif
had pc machi chi haja machi chi haja kbira,neutre
service machi mlih never buy this,negatif
rabi ikhalikom had l'app 3jebni,positif
had lmakla zween o satisfait,positif
had l'app n9i bzaff nssa7 bih,positif
الحوايج خايبة و ما عجبنيش,negatif
hadchi machi parfait walakin pour le prix m9boul,neutre
had lmahal mtwsat tellement,neutre
التليفون خاسر شويية,negatif
lproduit mabghitch walakin satisfait,neutre
التليفون ماشي حامضة الله يعطيك الصحة,positif
الصباط بطل شويية,positif
hwayj zbel bzaaf da3a dial lweqt,negatif
هاد التليفون خاسرة ديما ما تشريوهش,negatif
التوصيل ماشي سريع ما تشريوهش,negatif
المنتج بنين رائع جدا,positif
الحوايج مقبول عادي وصافي,neutre
had pc 3jbni chouiya,positif
had tilifoun zwina walakin khaser,neutre
المنتج غزالة ولكن خاسرة,neutre
البيسي ما كاينش بحالو ديما,positif
had lmahal original o mezian,positif
srioual mabghitch ga3ma madiwch 3lih,negatif
had tilifoun machi mlih ma3awdch,negatif
الماكينة كيقضي الغرض بزااف,neutre
الصباط خفيف ولكن زبل,neutre
الماكينة نقي ولكن ضعيف,neutre
toussil khasra walakin zwine,neutre
التوصيل ماشي ضعيفة رائع جدا,positif
nssa7 bih tipo zwina,positif
had l'article normal,neutre
السيارة بنينة ولكن خاسر,neutre
had lproduit 3ayan o kaytbloqua,negatif
هاد الماكلة واعرة و خفيف,positif
pc machi mzyana walakin fait le job,neutre
tilifoun zbel bzaff ndemte 3lih,negatif
الكاسك على قد الحال عادي وصافي,neutre
had ssiara kay9di lghard machi chi haja kbira,neutre
had lproduit ghalia bzaf walakin n9i,neutre
هاد التطبيق ماشي بنينة ماتضيعوش فلوسكم فيه,negatif
البيسي خاسرة كاع,negatif
السلعة بطل ولكن زبل,neutre
الطوموبيل ماشي ثقيل شراء مميز,positif
had ssiara bof 3adi machi chi haja,neutre
التليفون ماشي زوين ولكن ماشي شي حاجة كبيرة,neutre
السيارة ماشي ما مزيانش غير شريوه,positif
السيارة ماشي عيان عجبني بزاف,positif
t-shirt sans plus ga3,neutre
casque makanich jamais de la vie,negatif
الكاسك ماشي خدام مزيان ولكن كيقضي الغرض وصافي,neutre
tilifoun zwin ghir chriwh,positif
هاد التطبيق ماشي khayb على قد الجيب,neutre
madiwch 3lih t-shirt khasr,negatif
الطوموبيل ثقيلة,negatif
السيارة طوب بزآف,positif
livraison mabghitch walakin waer,neutre
هاد المحل عيانة خسارة الفلوس,negatif
pc fchel chwiya bzaf,negatif
توبة نعاود نشري التوصيل ما عجبنيش,negatif
الكاسك غالي بزاف بزاف بزاف خسارة الفلوس,negatif
الكاسك متوسط شويية,neutre
هاد التطبيق ثقيل ضياع الوقت والفلوس,negatif
التوصيل ضعيفة و ضعيف,negatif
pc ghali never buy this,negatif
هاد المحل ماشي بنينة ولكن ماشي شي حاجة كبيرة,neutre
الكاسك ما كاينش بحالو شراء مميز,positif
lkhidma excellent walakin makanich,neutre
البيسي متوسطة ماشي شي حاجة كبيرة,neutre
هاد الماكلة ماشي عجبني ولكن ماشي شي حاجة كبيرة,neutre
هاد الماكلة واعر بزااف,positif
srioual moyenne pour le prix ca va,neutre
ecouteurs fi lmotawassit bezzaf,neutre
الماكينة بنينة و ممتاز,positif
هاد التليفون ماخداماش ضياع الوقت والفلوس,negatif
السيارة خايب كاع,negatif
السيارة خايبة ما تشريوهش,negatif
had l'app wa3er ghir chriwh,positif
lhwayj acceptable pour le prix ca va,neutre
had pc d3ifa walakin excellent,neutre
jamais de la vie pantalon d3if,negatif
tipo zbel o ghalia bzaf,negatif
casque kay9di lghard pour le prix m9boul,neutre
lproduit 3jbatni khoudouh wntouma mhaniyin,positif
t-shirt machi waer never buy this,negatif
البيسي عجبني ولكن كايتبلوكا,neutre
الكاسك ماشي خفيف ضياع الوقت والفلوس,negatif
هاد الماكلة بطل شويية غير شريوه,positif
الماكينة مزيانة بزآف رائع جدا,positif
المنتج حامض و موسخ,negatif
tipo sria3 walakin khayb,neutre
3iyane bzaf lproduit mazyanch,negatif
هاد الماكلة عادي على قد الثمن,neutre
هاد التطبيق مزيان ولكن موسخة,neutre
had lmahal khasra bzf ndemte 3lih,negatif
هاد المنتج ماشي بنين ولكن كيقضي الغرض وصافي,neutre
had l'article machi khaib 3jebni bzaf,positif
rabi ikhalikom livraison mezian,positif
هاد المنتج ماشي خفيف ولكن عادي وصافي,neutre
الكاسك ماشي زوينة ولكن عادي وصافي,neutre
التليفون ماشي شي حاجة ماشي شي حاجة كبيرة,neutre
had tilifoun parfait vraiment ghir chriwh,positif
had tilifoun wa3er o n9i,positif
الحوايج ماشي عيان كنصح بيه,positif
hwayj mabghitch o khayba,negatif
dacia sria3 ghir chriwh,positif
هاد الماكلة رائع ولكن كايتبلوكا,neutre
toussil 3ayan ndemte 3lih,negatif
هاد السلعة عيان شويية,negatif
هاد التطبيق غالي ديما ماتضيعوش فلوسكم فيه,negatif
الخدمة مزيانة و كايعجبني,positif
livraison mezian walakin t9ila,neutre
had pc machi satisfait never buy this,negatif
السيارة زوين ولكن غالي,neutre
هاد التطبيق عجبني و عجبني,positif
dacia ghalia jamais de la vie,negatif
hwayj mezyan bzaaf khoudouh wntouma mhaniyin,positif
lproduit top dial top vraiment,positif
هاد الماكلة فشل كاع خسارة الفلوس,negatif
الطوموبيل عجباتني كنصح بيه,positif
المحل خسارة الفلوس بزاف,negatif
casque normal fait le job,neutre
الصباط مزيانة فعلا عجبني بزاف,positif
lhwayj 3jbni walakin mabghitch,neutre
lhwayj khaib chwya,negatif
tilifoun ghali bzaf chwya,negatif
srioual machi top never buy this,negatif
had l'article machi 3jebni ma3awdch,negatif
hadchi machi mousali walakin pour le prix m9boul,neutre
هاد المحل ماشي واعر ما تشريوهش,negatif
hadchi machi khasra ghir chriwh,positif
الكاسك غالي ولكن بطل,neutre
chira2 mzyan lproduit mlih,positif
المنتج واعرة كاع شراء مميز,positif
tilifoun sria3 o zwina,positif
lhwayj machi excellent walakin pour le prix m9boul,neutre
service waer chouiya,positif
had tomobil machi makaynach bhalha perte d'argent,negatif
توبة نعاود نشري المنتج ثقيلة,negatif
الصباط ماشي غزالة توبة نعاود نشري,negatif
had l'article mazyanch walakin mezyan,neutre
had tomobil mzyan bzaaf top bzaf,positif
toussil parfait bzaff lah i3tikom saha,positif
khasara dyal lflouss had lmahal ghalia,negatif
ma3awdch pantalon mazyanch,negatif
البيسي بنينة و عجباتني,positif
had tomobil mezian rabi ikhalikom,positif
هاد التطبيق متوسطة فعلا,neutre
التوصيل ما عجبنيش ولكن غزال بزاف,neutre
lproduit top o mezian,positif
had lmahal na9sa madiwch 3lih,negatif
had ssiara wa3er bzaf ghir chriwh,positif
had lproduit ghalia bzaf ndemte 3lih,negatif
هاد الماكلة غالي بزاف ولكن رائع,neutre
ecouteurs machi top walakin fait le travail,neutre
had lmahal machi 3jbni walakin machi chi haja kbira,neutre
التليفون ماشي زوين ولكن عادي وصافي,neutre
had l'app nul vraiment 3iyane bzaf,negatif
had tilifoun machi mezyan 3iyane bzaf,negatif
السيارة مزيانة ولكن خاسرة,neutre
had lmakla mezian lah i3tikom saha,positif
toussil machi original walakin fait le job,neutre
السيارة ماخدامش توبة نعاود نشري,negatif
هاد الماكلة نورمال غير شوية,neutre
casque moyen tellement,neutre
المنتج ما عجبنيش ولكن رائع,neutre
السيارة ماشي واعر على قد الثمن,neutre
had lmahal bof chwiya,neutre
هاد التليفون ما مزيانش,negatif
ما تشريوهش المحل موسخ,negatif
الصباط زوينة ولكن ما زوينش,neutre
المنتج بنين كنصح بيه,positif
toussil machi khayba chira2 mzyan,positif
had sbat machi makhedamach merci bzaf,positif
pc machi khatir pour le prix m9boul,neutre
التليفون عجبني و خدام مزيان,positif
هاد التليفون غالية و عيانة,negatif
service makhedamach da3a dial lweqt,negatif
هاد السلعة طوب كاعma,positif
هاد التليفون خدام مزيان ولكن زبل,neutre
المنتج ماشي مزيانة ولكن عادي وصافي,neutre
hwayj normal fait le job,neutre
توبة نعاود نشري السيارة كايتبلوكا,negatif
merci bzaf service zwine bzaf,positif
had l'app machi zween madiwch 3lih,negatif
srioual bnin ghi chwiya,positif
توبة نعاود نشري هاد المنتج ثقيل,negatif
hadchi khfif walakin 3ayana,neutre
had sbat ghalia walakin mzyana,neutre
كنصح بيه الطوموبيل ممتاز,positif
had tilifoun machi mazyanch recommande 100%,positif
had ssiara ghalia da3a dial lweqt,negatif
had l'app na9sa o t9il,negatif
هاد الماكلة عجباتني غير شوية رائع جدا,positif
khoudouh wntouma mhaniyin had lproduit makaynach bhalha,positif
had lmakla 3adi 3adi machi chi haja,neutre
srioual makhedamch da3a dial lweqt,negatif
التليفون نورمال بزااف,neutre
lkhidma makanich,negatif
رائع جدا هاد التليفون واعرة,positif
toussil khfif top bzaf,positif
pantalon correct ga3,neutre
الكاسك خدام مزيان رائع جدا,positif
srioual makhedamach walakin zwin,neutre
toussil khayba never buy this,negatif
t-shirt na9s never buy this,negatif
livraison machi kaytbloqua top bzaf,positif
livraison t9ila chouiya,negatif
had lmakla machi mousali khasara dyal lflouss,negatif
lkhidma d3ifa ndemte 3lih,negatif
had tilifoun ordinaire machi chi haja kbira,neutre
pc machi d3ifa lah i3tikom saha,positif
السلعة نقي و غزال بزاف,positif
hadchi machi khedam mzyan walakin machi chi haja kbira,neutre
السروال حامضة خسارة الفلوس,negatif
had l'app khaib ma3awdch,negatif
هاد المنتج كيقضي الغرض بزااف,neutre
التليفون ناقص شوية ولكن خدام شويية,neutre
هاد المنتج ماشي نقي ولكن ما بيهش,neutre
t-shirt original o top dial top,positif
السروال بنين كاع الله يعطيك الصحة,positif
pantalon mazyanch ndemte 3lih,negatif
التوصيل حامضة ولكن ناجح,neutre
had lmakla moyen fait le job,neutre
التوصيل ماشي واعر بزاف,neutre
هاد الماكلة بنين بزاف بزاف,positif
merci bzaf had tomobil mezyan,positif
هاد المنتج ضعيف بزاف ما كايستاهلش,negatif
عجبني بزاف هاد الماكلة غزالة,positif
tilifoun t9ila walakin mezian,neutre
هاد المحل حامض غير شوية ما كايستاهلش,negatif
had pc mtwsat chouiya,neutre
tipo khfif chwiya bzaf 3jebni bzaf,positif
الماكينة عجباتني ولكن عيان,neutre
had l'app machi mezian madiwch 3lih,negatif
had ssiara mzyana tellement,positif
pc machi nul rabi ikhalikom,positif
had lproduit machi zwine pour le prix m9boul,neutre
srioual mousali rabi ikhalikom,positif
service machi original walakin fait le travail,neutre
tilifoun kaytskhn walakin sria3,neutre
t-shirt makanich perte d'argent,negatif
ecouteurs khasra walakin mlih,neutre
رائع جدا السلعة عجبني,positif
had lmakla bnin chwiya khoudouh wntouma mhaniyin,positif
tilifoun makanich chwiya da3a dial lweqt,negatif
had l'app machi satisfait ma3awdch,negatif
التوصيل ثقيل بزااف,negatif
hadchi ghzal o magnifique,positif
السروال ماشي واعر على قد الثمن,neutre
casque khayb bezzaf madiwch 3lih,negatif
service mazyanch walakin mezian,neutre
عجبني بزاف السيارة عجبني,positif
had l'article na9sa walakin mzyan,neutre
السيارة واعرة و بنينة,positif
service mlih ga3ma,positif
casque machi fchel chira2 mzyan,positif
ecouteurs excellent merci bzaf,positif
هاد الماكلة ماشي طوب خسارة الفلوس,negatif
pc parfait bzaf,positif
الكاسك ماشي حامض رائع جدا,positif
البيسي متوسط عادي وصافي,neutre
الصباط غالي بزاف بزاف,negatif
srioual mousskha chwiya,negatif
هاد الماكلة مزيان ولكن ثقيل,neutre
ghir chriwh srioual 3jebni,positif
التوصيل ممتاز ولكن ضعيف,neutre
البيسي ما كاينش بحالو كاعma عجبني بزاف,positif
الطوموبيل خفيف الله يعطيك الصحة,positif
السلعة زوين و زوين,positif
هاد المحل كايتبلوكا و حامضة,negatif
الماكينة ناقصة شوية,negatif
service na9sa chwiya bzaf,negatif
الطوموبيل خايبة و خسارة الفلوس,negatif
الخدمة خايبة و عيانة,negatif
hwayj machi mzyan walakin pour le prix m9boul,neutre
pantalon moyen pour le prix ca va,neutre
lhwayj 3jbatni ga3,positif
pc mtwsat chwiya,neutre
lproduit machi satisfait walakin fait le job,neutre
hwayj kaytskhn dima,negatif
dacia ghali bzaf walakin mlih,neutre
السروال خايب بزاف ما تشريوهش,negatif
madiwch 3lih had sbat khaib,negatif
الكاسك متوسط كيقضي الغرض وصافي,neutre
hwayj 3jbni vraiment recommande 100%,positif
srioual machi moussekh je recommande,positif
had ssiara machi zwine bzaf da3a dial lweqt,negatif
had ssiara ghzal ghir chriwh,positif
الخدمة بنينة ولكن ضعيف,neutre
هاد التطبيق خايبة و غالية,negatif
hwayj 3ayana da3a dial lweqt,negatif
hwayj machi satisfait walakin pour le prix m9boul,neutre
had lmakla d3if vraiment ndemte 3lih,negatif
التليفون غالي ولكن واعرة,neutre
livraison na9s bzaf,negatif
rabi ikhalikom srioual original,positif
هاد التطبيق كايتبلوكا ندمت عليه,negatif
t-shirt 3jbatni ga3 lah i3tikom saha,positif
pantalon ghali bzaf o ghalia bzaf,negatif
الصباط ماشي khayb ماشي شي حاجة كبيرة,neutre
service modir vraiment,negatif
t-shirt machi zwine pour le prix ca va,neutre
had pc khayba o d3if,negatif
المنتج ماشي مزيانة خسارة الفلوس,negatif
هاد المحل ماشي غزال بزاف ولكن ما بيهش,neutre
dacia na9s chwiya walakin khedam fait le job,neutre
البيسي غزال رائع جدا,positif
pantalon machi ghalia nssa7 bih,positif
السروال حامضة شوية,negatif
had l'article makhedamch bzf,negatif
التليفون زبل بزاف ماتضيعوش فلوسكم فيه,negatif
tipo modir jamais de la vie,negatif
tilifoun machi chi haja ga3,neutre
البيسي مقبول عادي وصافي,neutre
ecouteurs 3jbni walakin fchel,neutre
dacia degoutant bzaff,negatif
هاد المنتج عجباتني و خدام مزيان,positif
الطوموبيل ناقص ما كايستاهلش,negatif
التوصيل ما مزيانش ماتضيعوش فلوسكم فيه,negatif
nssa7 bih dacia n9i,positif
had tilifoun makaynach bhalha walakin makhedamch,neutre
رائع جدا الخدمة زوين,positif
had tilifoun mabghitch o na9s,negatif
had tomobil khasr da3a dial lweqt,negatif
service ghalia bzaf chwya khasara dyal lflouss,negatif
toussil parfait walakin khaib,neutre
السروال ماشي ناقص خودوه وانتوما هانيين,positif
هاد الماكلة ثقيل و غالي,negatif
livraison decu dima,negatif
الماكينة عادية ماشي شي حاجة كبيرة,neutre
هاد المحل بنين و ما كاينش بحالو,positif
السيارة واعرة فعلا,positif
had tilifoun makanich chwiya bzaf,negatif
toussil zwin ghi chwiya,positif
الطوموبيل نورمال على قد الثمن,neutre
service khfif walakin mabghitch,neutre
الصباط بنينة بزاف بزاف شراء مميز,positif
السروال خدام مزيان و رائع,positif
السروال طوب بزآف تستاهل كل خير,positif
lhwayj zwina bzf chira2 mzyan,positif
الحوايج بطل رائع جدا,positif
التليفون غزال تستاهل كل خير,positif
التليفون فشل خسارة الفلوس,negatif
الماكينة واعرة فعلا شراء مميز,positif
هاد التطبيق ضعيفة شوية,negatif
had lmakla machi makanich je recommande,positif
had lmakla 3jbni walakin kaytbloqua,neutre
had ssiara kaytbloqua bzf matkhasrouch flousscom,negatif
الطوموبيل على قد الحال ما بيهش,neutre
هاد التليفون طوب خودوه وانتوما هانيين,positif
التليفون خاسر ما كايستاهلش,negatif
ضياع الوقت والفلوس الكاسك ناقص,negatif
المحل عادية كيقضي الغرض وصافي,neutre
had tilifoun machi d3ifa recommande 100%,positif
هاد السلعة ماشي مزيان توبة نعاود نشري,negatif
hwayj t9il o degoutant,negatif
هاد التطبيق كايتبلوكا بزآف ما تشريوهش,negatif
lkhidma ghalia bzaf o ghali,negatif
had lproduit machi ghzal walakin pour le prix m9boul,neutre
السلعة غالي كاع ندمت عليه,negatif
خسارة الفلوس هاد التطبيق ضعيفة,negatif
الخدمة عيانة غير شوية توبة نعاود نشري,negatif
had l'article khasra 3iyane bzaf,negatif
had tilifoun bnin walakin zbel,neutre
الطوموبيل ماشي شي حاجة بزااف,neutre
السلعة غزال شوية,positif
هاد الماكلة ماشي عجباتني ولكن ماشي شي حاجة كبيرة,neutre
jamais de la vie t-shirt kaytskhn,negatif
lhwayj sans plus fait le job,neutre
ndemte 3lih had l'article khasra,negatif
nssa7 bih pantalon zween,positif
الماكينة كناصح بيه ديما رائع جدا,positif
الماكينة خايب غير شوية ضياع الوقت والفلوس,negatif
هاد المنتج ضعيفة و موسخة,negatif
الماكينة ثقيلة ولكن كناصح بيه,neutre
السلعة ماشي حامضة كنصح بيه,positif
had lproduit wa3er walakin khayba,neutre
السروال ماشي ممتاز خسارة الفلوس,negatif
الماكينة عجباتني ولكن موسخة,neutre
had pc zwine bzaf 3jebni bzaf,positif
هاد المحل ماشي غالية تستاهل كل خير,positif
lhwayj mezyan ghi chwiya rabi ikhalikom,positif
الحوايج ماشي خدام مزيان ولكن كيقضي الغرض وصافي,neutre
السروال ماخدامش ولكن ناجح,neutre
هاد السلعة فشل و ضعيفة,negatif
الطوموبيل عادية غير شوية,neutre
had lmakla machi khatir fait le travail,neutre
khasara dyal lflouss srioual mabghitch,negatif
هاد المنتج ثقيل ولكن زوينة,neutre
الصباط غالي كاعma,negatif
had l'app top dial top o zwina,positif
had lmahal mezian ga3,positif
هاد السلعة ماشي غزال بزاف ولكن ما بيهش,neutre
السروال ماشي مزيان ضياع الوقت والفلوس,negatif
had ssiara machi top dial top walakin fait le job,neutre
had sbat degoutant matkhasrouch flousscom,negatif
casque 3jebni chwiya lah i3tikom saha,positif
المنتج متوسطة ماشي شي حاجة كبيرة,neutre
had l'article machi zwin perte d'argent,negatif
هاد التطبيق ماخداماش و عيانة,negatif
الحوايج عيانة ماتضيعوش فلوسكم فيه,negatif
tilifoun machi parfait walakin pour le prix ca va,neutre
هاد السلعة ماشي خفيف ولكن على قد الجيب,neutre
السروال ماشي خاسر غير شريوه,positif
had lmahal sria3 bzaaf 3jebni bzaf,positif
had lmakla ghzal o parfait,positif
السلعة بنين ولكن ماخداماش,neutre
الماكينة ماشي حامض عجبني بزاف,positif
had l'article khedam mzyan o 3jebni,positif
ecouteurs mazyanch walakin zwin,neutre
البيسي عيان شوية,negatif
الخدمة بنينة ولكن خايب,neutre
هاد السلعة ناقص شوية ولكن خدام ما بيهش,neutre
هاد المنتج زوين و زوينة,positif
هاد السلعة ماشي بنينة ولكن ما بيهش,neutre
البيسي ثقيل كاعma,negatif
dacia bof pour le prix m9boul,neutre
had l'article zwina 3jebni bzaf,positif
الماكينة حامض كاع,negatif
هاد المنتج عادية فعلا,neutre
الطوموبيل ماشي مزيان خسارة الفلوس,negatif
toussil mousali o top dial top,positif
had tilifoun makhedamch walakin excellent,neutre
had sbat nul matkhasrouch flousscom,negatif
hwayj 3ayana ma3awdch,negatif
chira2 mzyan lproduit wa3er,positif
ecouteurs mtwsat chouiya,neutre
ecouteurs khedam mzyan walakin na9s,neutre
شراء مميز هاد التطبيق كايعجبني,positif
المنتج عجبني بزاف بزاف,positif
je recommande had tilifoun parfait,positif
casque mtwsat chwiya,neutre
ضياع الوقت والفلوس السيارة ماخدامش,negatif
الكاسك كايتبلوكا بزآف ما كايستاهلش,negatif
casque machi khasr nssa7 bih,positif
كنصح بيه هاد التليفون زوينة,positif
srioual machi mzyan walakin fait le job,neutre
tipo makhedamch da3a dial lweqt,negatif
had tomobil satisfait o 3jbni,positif
livraison t9il bezzaf,negatif
da3a dial lweqt had pc makanich,negatif
had lproduit mzyan dima,positif
كنصح بيه هاد السلعة ما كاينش بحالو,positif
الصباط ماشي كناصح بيه ولكن على قد الجيب,neutre
هاد المحل بطل ولكن خايبة,neutre
هاد التليفون ممتاز الله يعطيك الصحة,positif
الخدمة ماشي غالي بزاف كنصح بيه,positif
had l'article mzyana bzf je recommande,positif
hadchi kay9di lghard machi chi haja kbira,neutre
had pc na9s bzaaf da3a dial lweqt,negatif
had l'app correct pour le prix m9boul,neutre
casque machi top dial top da3a dial lweqt,negatif
الخدمة خاسر و عيانة,negatif
غير شريوه هاد التليفون طوب,positif
التليفون مزيان ولكن ثقيلة,neutre
ecouteurs khedam mzn bzaaf,positif
هاد التليفون ضعيف,negatif
الخدمة خسارة الفلوس ماتضيعوش فلوسكم فيه,negatif
الصباط غزال بزاف شوية كنصح بيه,positif
merci bzaf had l'article zwina,positif
الماكينة خدام مزيان ولكن ما عجبنيش,neutre
السلعة ما مزيانش ما تشريوهش,negatif
had ssiara d3if o mazwinch,negatif
الماكينة بنين رائع جدا,positif
tipo machi 3jbatni walakin pour le prix ca va,neutre
ghir chriwh srioual satisfait,positif
الحوايج موسخ و غالي بزاف,negatif
pantalon machi sria3 walakin fait le travail,neutre
البيسي ماشي ضعيف الله يعطيك الصحة,positif
tilifoun correct bezzaf,neutre
service normal pour le prix m9boul,neutre
tilifoun machi parfait walakin pour le prix m9boul,neutre
toussil mzyana walakin mazwinch,neutre
الماكينة ماشي عيان شراء مميز,positif
lproduit 3jebni bzaff,positif
merci bzaf had l'app zwine,positif
livraison machi bnin walakin machi chi haja kbira,neutre
هاد المنتج ناقص شوية ولكن خدام,neutre
dacia kay9di lghard vraiment,neutre
toussil decu o khasr,negatif
t-shirt zwine chwya khoudouh wntouma mhaniyin,positif
المحل مقبولة,neutre
الحوايج واعر شويية,positif
had pc degoutant walakin sria3,neutre
had lproduit mousskha walakin zwina,neutre
السيارة متوسط عادي وصافي,neutre
lhwayj decu chwiya bzaf madiwch 3lih,negatif
service mezian walakin khasra,neutre
السلعة مزيان ولكن خايب,neutre
السيارة ناقص ولكن بنين,neutre
هاد التليفون عيان ولكن واعرة,neutre
ecouteurs khasra bzaff,negatif
had lmahal khfif bzaff,positif
had l'app top ga3 lah i3tikom saha,positif
الكاسك حامض ديما,negatif
الكاسك ثقيل ولكن غزالة,neutre
had l'app machi top dial top perte d'argent,negatif
هاد المنتج حامض خسارة الفلوس,negatif
البيسي ناقص شويية توبة نعاود نشري,negatif
had ssiara machi 3jbatni madiwch 3lih,negatif
الحوايج عيان بزاف خسارة الفلوس,negatif
الصباط عجبني غير شريوه,positif
had tomobil machi zween walakin pour le prix ca va,neutre
هاد التطبيق ماشي طوب ضياع الوقت والفلوس,negatif
هاد التليفون زوينة بزااف,positif
hadchi 3jbni o zwine,positif
ما تشريوهش هاد الماكلة خاسرة,negatif
chira2 mzyan had lmakla satisfait,positif
had l'app machi top walakin fait le travail,neutre
البيسي ما زوينش خسارة الفلوس,negatif
البيسي مقبولة غير شوية,neutre
ندمت عليه هاد التليفون عيان,negatif
had l'article nul walakin ghzal,neutre
هاد الماكلة نقي غير شوية كنصح بيه,positif
السلعة فشل ولكن واعر,neutre
التوصيل متوسط بزاف,neutre
الطوموبيل ضعيف بزاف بزاف ما كايستاهلش,negatif
هاد التطبيق غزال بزاف و سريع,positif
هاد المنتج ماشي عيان غير شريوه,positif
srioual machi 3jbatni ma3awdch,negatif
lkhidma machi mzyan walakin pour le prix m9boul,neutre
had l'article machi mezian walakin fait le travail,neutre
tilifoun machi wa3er walakin fait le job,neutre
had tilifoun zwina nssa7 bih,positif
البيسي ماشي بطل توبة نعاود نشري,negatif
pantalon machi magnifique walakin fait le travail,neutre
السيارة ثقيل و ماخدامش,negatif
التليفون ما مزيانش و موسخ,negatif
service mousskha da3a dial lweqt,negatif
had sbat mezian lah i3tikom saha,positif
الحوايج خفيف فعلا رائع جدا,positif
الكاسك بنين غير شوية تستاهل كل خير,positif
had tomobil moyen machi chi haja kbira,neutre
had lproduit mzyan ghir chriwh,positif
الطوموبيل ماشي غزال ولكن ما بيهش,neutre
srioual horrible walakin magnifique,neutre
had l'app machi na9s chira2 mzyan,positif
casque nul walakin n9i,neutre
الطوموبيل حامض و خايبة,negatif
الطوموبيل خايبة بزاف بزاف توبة نعاود نشري,negatif
السلعة ناقصة كاع,negatif
had ssiara 3ayan o khaser,negatif
هاد الماكلة ما كاينش بحالو و بنين,positif
t-shirt machi n9i perte d'argent,negatif
الطوموبيل غزال الله يعطيك الصحة,positif
هاد المنتج ماشي بنين خسارة الفلوس,negatif
pc kaytbloqua walakin ghzal,neutre
pc 3adi tellement,neutre
ndemte 3lih tipo 3ayana,negatif
service machi khedam mzn walakin machi chi haja kbira,neutre
had l'app pas exceptionnel fait le travail,neutre
toussil zwine bzaf o mezyan,positif
pc khfif top bzaf,positif
pantalon machi n9i walakin fait le job,neutre
had tomobil waer vraiment lah i3tikom saha,positif
lproduit n9i o sria3,positif
t-shirt mzyan vraiment,positif
البيسي غالية كاع ما كايستاهلش,negatif
had tilifoun moyen fait le job,neutre
had l'app machi magnifique walakin pour le prix ca va,neutre
lkhidma zwin,positif
hwayj waer walakin kaytbloqua,neutre
lproduit fchel ma3awdch,negatif
srioual machi mezian walakin machi chi haja kbira,neutre
toussil khedam mzn lah i3tikom saha,positif
هاد المنتج ضعيفة خسارة الفلوس,negatif
السلعة ماشي زوينة ولكن على قد الثمن,neutre
هاد المحل ناقص شوية ولكن خدام,neutre
tilifoun acceptable chouiya,neutre
t-shirt makhedamach tellement madiwch 3lih,negatif
السلعة مزيانة كاع غير شريوه,positif
had l'app 3jbni walakin makhedamach,neutre
had lmahal 3jbni walakin makhedamach,neutre
شكرا بزاف هاد المحل واعر,positif
3iyane bzaf had sbat degoutant,negatif
الصباط خايبة و ماخدامش,negatif
هاد السلعة عيان كاع,negatif
nssa7 bih casque 3jbatni,positif
هاد التطبيق ممتاز رائع جدا,positif
had l'article machi d3ifa khoudouh wntouma mhaniyin,positif
هاد التليفون نقي ولكن غالي بزاف,neutre
السلعة ماشي حامض غير شريوه,positif
هاد المنتج ناقص و عيان,negatif
had l'app bnin o mezian,positif
3jebni bzaf had l'article mlih,positif
هاد السلعة سريع,positif
المنتج بنينة و سريع,positif
pantalon machi 3jebni walakin fait le job,neutre
lhwayj waer chwya,positif
had tomobil correct chwiya bzaf,neutre
السيارة ممتاز ولكن غالية,neutre
عجبني بزاف الخدمة عجباتني,positif
had ssiara ghzal walakin khayb,neutre
pantalon khaser vraiment matkhasrouch flousscom,negatif
lhwayj 3adia bezzaf,neutre
التوصيل ناجح بزاف بزاف,positif
dacia kay9di lghard machi chi haja kbira,neutre
هاد السلعة ناقص ولكن رائع,neutre
t-shirt zween walakin khasr,neutre
هاد الماكلة ماشي زوين ولكن عادي وصافي,neutre
الماكينة بنينة الله يعطيك الصحة,positif
الطوموبيل ماشي رائع خسارة الفلوس,negatif
casque na9s chwiya walakin khedam pour le prix ca va,neutre
توبة نعاود نشري الصباط ندمت عليه,negatif
had l'app machi t9il recommande 100%,positif
had ssiara ghali bzaf chwya,negatif
livraison mzyan bzf merci bzaf,positif
المنتج متوسط بزاف بزاف,neutre
pantalon bnin chira2 mzyan,positif
hwayj 3ayana bzf 3iyane bzaf,negatif
الخدمة واعر ولكن ضعيفة,neutre
pantalon ghalia bzaf walakin mzyana,neutre
had tomobil top je recommande,positif
التليفون زبل بزآف ضياع الوقت والفلوس,negatif
srioual zwina 3jebni bzaf,positif
pc zwine bzaf o n9i,positif
had lmahal machi na9sa chira2 mzyan,positif
المنتج عيان توبة نعاود نشري,negatif
casque ghzal o 3jebni,positif
هاد السلعة مزيانة ولكن ما مزيانش,neutre
التوصيل خايبة ولكن مزيان,neutre
هاد التطبيق بنين,positif
هاد السلعة مزيانة شراء مميز,positif
التليفون ممتاز ولكن ماخدامش,neutre
had l'app makhedamch walakin wa3er,neutre
service decu matkhasrouch flousscom,negatif
had ssiara mousali walakin makhedamch,neutre
هاد التليفون ناقصة,negatif
التوصيل ناقصة ما كايستاهلش,negatif
ecouteurs top dial top bzaaf,positif
الطوموبيل ممتاز كاع,positif
الطوموبيل عجبني,positif
hwayj mzyan walakin mousskha,neutre
toussil ghalia bzaf bzf matkhasrouch flousscom,negatif
السيارة فشل ما تشريوهش,negatif
had lmahal 3jbatni walakin moussekh,neutre
الماكينة حامضة ولكن نقي,neutre
had lmakla ghzal vraiment top bzaf,positif
lhwayj 3la 9d lhal chwiya,neutre
ما كايستاهلش هاد السلعة غالي,negatif
toussil ghzal walakin na9sa,neutre
tipo makhedamach o nul,negatif
الحوايج غالية ديما ما كايستاهلش,negatif
الكاسك ضعيف ولكن واعرة,neutre
t-shirt khayb walakin zwine bzaf,neutre
الصباط ممتاز كاعma,positif
lhwayj khasra bzaf jamais de la vie,negatif
had lmahal bnin lah i3tikom saha,positif
الحوايج ماشي ما كاينش بحالو ولكن على قد الثمن,neutre
السروال ماشي كايتبلوكا خودوه وانتوما هانيين,positif
pantalon decu walakin mousali,neutre
had tomobil machi wa3er 3iyane bzaf,negatif
التوصيل مزيانة بزاف,positif
ecouteurs machi zween walakin fait le travail,neutre
السيارة عيان ديما,negatif
ecouteurs khasra ndemte 3lih,negatif
hadchi bnin o bnin,positif
casque machi ghzal jamais de la vie,negatif
الصباط خفيف ولكن عيانة,neutre
الكاسك كايعجبني كاع غير شريوه,positif
السلعة ثقيل ولكن كايعجبني,neutre
had ssiara correct chouiya,neutre
هاد السلعة خسارة الفلوس ولكن مزيان,neutre
الصباط مزيانة و بطل,positif
pc na9s walakin mlih,neutre
t-shirt ghali bzaf o khasr,negatif
hadchi pas exceptionnel bzaff,neutre
srioual makhedamch vraiment,negatif
had tilifoun original ghi chwiya,positif
had lmahal d3if walakin bnin,neutre
السروال ثقيلة و خايب,negatif
jamais de la vie had l'app khaib,negatif
السروال فشل ولكن خفيف,neutre
toussil kay9di lghard ga3ma,neutre
toussil d3if walakin top dial top,neutre
المحل ماشي سريع ولكن على قد الجيب,neutre
tilifoun parfait o waer,positif
had ssiara zbel ga3ma 3iyane bzaf,negatif
lproduit machi bnin da3a dial lweqt,negatif
had ssiara machi mezyan walakin 3adi machi chi haja,neutre
رائع جدا السلعة مزيان,positif
تستاهل كل خير التوصيل كناصح بيه,positif
السلعة ماخداماش ندمت عليه,negatif
lhwayj machi khayb je recommande,positif
had tilifoun pas exceptionnel machi chi haja kbira,neutre
السيارة خاسرة ندمت عليه,negatif
pantalon khedam mzn walakin khasra,neutre
الخدمة ما عجبنيش بزآف ما كايستاهلش,negatif
هاد التليفون ما زوينش و ندمت عليه,negatif
هاد التليفون غزال بزاف ولكن موسخة,neutre
هاد المنتج ماشي ممتاز ضياع الوقت والفلوس,negatif
perte d'argent dacia 3ayan,negatif
هاد المحل ما مزيانش ولكن غزالة,neutre
الصباط زوين بزآف,positif
lhwayj ghzal 3jebni bzaf,positif
الطوموبيل مزيان شكرا بزاف,positif
service machi zwine walakin machi chi haja kbira,neutre
السيارة ماشي khayb ماشي شي حاجة كبيرة,neutre
الكاسك ماشي بنينة ولكن على قد الثمن,neutre
casque acceptable ga3,neutre
السروال خدام مزيان ولكن خايب,neutre
الكاسك متوسطة غير شوية,neutre
الخدمة ماشي شي حاجة بزااف,neutre
had l'article machi top walakin fait le travail,neutre
had lmakla zween vraiment,positif
البيسي موسخ بزااف توبة نعاود نشري,negatif
service ghalia bzaf bzaff jamais de la vie,negatif
الطوموبيل ماشي ما كاينش بحالو ولكن عادي وصافي,neutre
الخدمة حامض ماتضيعوش فلوسكم فيه,negatif
t-shirt machi makaynach bhalha perte d'argent,negatif
الماكينة رائع الله يعطيك الصحة,positif
had pc machi zwin ndemte 3lih,negatif
السروال خفيف غير شريوه,positif
هاد التطبيق ثقيلة ديما,negatif
lah i3tikom saha dacia khedam mzyan,positif
الماكينة ممتاز كاع,positif
غير شريوه هاد التليفون ممتاز,positif
had tomobil zbel ndemte 3lih,negatif
التليفون نقي ولكن ماخداماش,neutre
هاد التليفون موسخة بزآف ماتضيعوش فلوسكم فيه,negatif
هاد المحل واعرة غير شوية,positif
tilifoun machi chi haja chwiya bzaf,neutre
had lmakla fi lmotawassit bzaff,neutre
الصباط ماشي غزال ندمت عليه,negatif
had lproduit 3ayana,negatif
had lmahal machi ghzal walakin pour le prix m9boul,neutre
المحل ماشي خدام مزيان ولكن على قد الثمن,neutre
toussil machi khayb bzaaf,neutre
had tilifoun bnin top bzaf,positif
had tomobil fchel madiwch 3lih,negatif
had l'article khaib tellement,negatif
lkhidma 3adi bezzaf,neutre
pc ghalia bzaf 3iyane bzaf,negatif
التليفون طوب غير شوية رائع جدا,positif
tilifoun mabghitch walakin magnifique,neutre
t-shirt machi moussekh merci bzaf,positif
المنتج ماشي بطل ولكن كيقضي الغرض وصافي,neutre
الصباط فشل بزاف بزاف,negatif
livraison modir walakin zwine,neutre
ما تشريوهش التليفون خاسرة,negatif
الصباط خفيف ولكن ما زوينش,neutre
السلعة واعر غير شريوه,positif
casque machi khayb machi chi haja kbira,neutre
البيسي عادية ماشي شي حاجة كبيرة,neutre
hwayj machi n9i jamais de la vie,negatif
السلعة ماشي ناجح ندمت عليه,negatif
ما تشريوهش المحل حامض,negatif
التوصيل موسخة ما كايستاهلش,negatif
هاد الماكلة عادي وصافي شوية,neutre
pantalon machi makaynach bhalha perte d'argent,negatif
الحوايج مقبول بزااف,neutre
had l'article 3adi fait le job,neutre
had tilifoun zween chwya,positif
المحل ناجح بزاف رائع جدا,positif
lkhidma mazyanch o khaser,negatif
ضياع الوقت والفلوس السيارة ما زوينش,negatif
السلعة ماخدامش ولكن غزال بزاف,neutre
had l'app satisfait ghi chwiya,positif
had tilifoun magnifique walakin makanich,neutre
had lmakla machi wa3er perte d'argent,negatif
had lmakla zwina ga3 chira2 mzyan,positif
had lmahal 3jbatni walakin ghali,neutre
الخدمة غالية خسارة الفلوس,negatif
had lmahal nul 3iyane bzaf,negatif
never buy this had pc mousskha,negatif
had tilifoun machi magnifique walakin pour le prix ca va,neutre
السروال سريع شراء مميز,positif
هاد السلعة ماشي بطل ولكن ماشي شي حاجة كبيرة,neutre
السروال موسخة ندمت عليه,negatif
had tilifoun t9ila ghi chwiya ndemte 3lih,negatif
هاد المنتج ناجح و زوين,positif
had tilifoun ghalia bzaf walakin zwine,neutre
هاد الماكلة ماشي khayb عادي وصافي,neutre
السيارة عيان ماتضيعوش فلوسكم فيه,negatif
التوصيل متوسط,neutre
هاد الماكلة واعرة شكرا بزاف,positif
ecouteurs makaynach bhalha chira2 mzyan,positif
livraison machi t9ila je recommande,positif
السروال سريع ولكن خايب,neutre
الماكينة موسخة بزآف توبة نعاود نشري,negatif
السيارة ماشي khayb بزاف,neutre
السيارة حامضة توبة نعاود نشري,negatif
ecouteurs 3ayana o kaytbloqua,negatif
pc fchel vraiment,negatif
هاد الماكلة عادي بزاف,neutre
السلعة كناصح بيه شراء مميز,positif
tipo ghalia ndemte 3lih,negatif
هاد التليفون ماشي ناجح ما كايستاهلش,negatif
service pas exceptionnel bzaf,neutre
الحوايج ماشي رائع ولكن ما بيهش,neutre
هاد المحل ما عجبنيش ولكن نقي,neutre
lah i3tikom saha lkhidma mezyan,positif
dacia kaytskhn o ghali,negatif
je recommande had ssiara sria3,positif
ما تشريوهش الصباط ما عجبنيش,negatif
tipo bnin chwya,positif
had lmahal acceptable ga3ma,neutre
tipo n9i ga3 top bzaf,positif
الحوايج كايعجبني ولكن موسخ,neutre
الطوموبيل عادي كيقضي الغرض وصافي,neutre
service machi kaytskhn lah i3tikom saha,positif
had sbat ghalia walakin excellent,neutre
had l'article mazwinch ga3ma matkhasrouch flousscom,negatif
هاد التطبيق غالي فعلا ندمت عليه,negatif
هاد الماكلة موسخة ولكن نقي,neutre
livraison makanich ghi chwiya,negatif
srioual machi chi haja 3adi machi chi haja,neutre
pantalon modir o makhedamch,negatif
المحل ماشي khayb على قد الثمن,neutre
tipo khedam mzn ga3,positif
hadchi mtwsat fait le job,neutre
توبة نعاود نشري الطوموبيل ما زوينش,negatif
هاد المحل ما كاينش بحالو و سريع,positif
merci bzaf toussil top,positif
الحوايج ماخدامش ندمت عليه,negatif
الماكينة ضعيف و خاسر,negatif
tilifoun sria3 chwya chira2 mzyan,positif
had l'app zween o zween,positif
jamais de la vie service nul,negatif
الخدمة بنينة بزاف بزاف,positif
التليفون عجباتني ولكن ماخداماش,neutre
tilifoun machi chi haja 3adi machi chi haja,neutre
هاد السلعة ماشي شي حاجة عادي وصافي,neutre
had l'article 3jebni walakin d3if,neutre
had l'app excellent ghi chwiya,positif
had sbat ghali bzaf chwya da3a dial lweqt,negatif
had lproduit ordinaire fait le job,neutre
had l'app original 3jebni bzaf,positif
البيسي ماشي ماخدامش عجبني بزاف,positif
had pc machi zween khasara dyal lflouss,negatif
هاد السلعة غالي بزاف بزاف بزاف ما تشريوهش,negatif
had lmakla machi 3jbni walakin fait le job,neutre
الصباط مقبول كاعma,neutre
الحوايج ضعيف و عيانة,negatif
ecouteurs parfait walakin na9s,neutre
السيارة ما عجبنيش بزاف,negatif
had ssiara parfait o khedam mzyan,positif
srioual khedam mzn bezzaf,positif
التوصيل ماخداماش ولكن سريع,neutre
had l'app zwina chouiya,positif
هاد المنتج متوسط ماشي شي حاجة كبيرة,neutre
lkhidma mazyanch never buy this,negatif
je recommande lkhidma khedam mzn,positif
المنتج غالي ولكن واعر,neutre
had tomobil machi zwine ga3,neutre
had l'app top o excellent,positif
غير شريوه السيارة نقي,positif
الطوموبيل رائع غير شريوه,positif
البيسي فشل ولكن سريع,neutre
المحل نورمال شويية,neutre
الطوموبيل ناقصة كاع ما تشريوهش,negatif
الطوموبيل خفيف ولكن خاسرة,neutre
srioual mabghitch bzaff,negatif
هاد المحل زوين شكرا بزاف,positif
hadchi mazwinch bzf,negatif
السلعة نورمال بزااف,neutre
lkhidma nul perte d'argent,negatif
had l'article original walakin ma3jbnich,neutre
khasara dyal lflouss had l'app modir,negatif
المنتج خفيف ولكن ما عجبنيش,neutre
lproduit khayba walakin mzyan,neutre
had ssiara t9il 3iyane bzaf,negatif
had pc zween recommande 100%,positif
hadchi n9i walakin khayba,neutre
التوصيل ماشي غزال خسارة الفلوس,negatif
المنتج ثقيلة و ندمت عليه,negatif
هاد التطبيق خسارة الفلوس ندمت عليه,negatif
السيارة خايبة ولكن بطل,neutre
t-shirt t9ila walakin zwine bzaf,neutre
السيارة ما مزيانش كاعma,negatif
السروال نقي و كناصح بيه,positif
هاد المحل ناقص ولكن زوين,neutre
merci bzaf ecouteurs wa3er,positif
hadchi ma3jbnich walakin zwine bzaf,neutre
t-shirt machi 3jbatni never buy this,negatif
had tomobil makaynach bhalha walakin d3ifa,neutre
lproduit khfif walakin fchel,neutre
التوصيل عادية ماشي شي حاجة كبيرة,neutre
المنتج ناقص خسارة الفلوس,negatif
الحوايج ماشي طوب ندمت عليه,negatif
pantalon mabghitch bzaf,negatif
pc top dial top chira2 mzyan,positif
pantalon khfif bzaff 3jebni bzaf,positif
ماتضيعوش فلوسكم فيه هاد السلعة ضعيف,negatif
pantalon wa3er walakin mousskha,neutre
السيارة كيقضي الغرض بزاف,neutre
هاد التطبيق خدام مزيان غير شريوه,positif
t-shirt machi zwin walakin pour le prix m9boul,neutre
تستاهل كل خير المنتج واعرة,positif
had sbat fchel,negatif
lkhidma khasr ma3awdch,negatif
khasara dyal lflouss lkhidma mazwinch,negatif
lkhidma excellent bzaf,positif
ما كايستاهلش المحل زبل,negatif
ماتضيعوش فلوسكم فيه هاد المنتج ثقيلة,negatif
toussil machi khayb,neutre
الخدمة خايبة و زبل,negatif
had l'article waer walakin mazyanch,neutre
lkhidma makhedamch ga3ma never buy this,negatif
lkhidma mzyan walakin ghalia bzaf,neutre
ماتضيعوش فلوسكم فيه هاد التطبيق غالي بزاف,negatif
had sbat parfait tellement nssa7 bih,positif
had pc mabghitch chwya jamais de la vie,negatif
casque machi makaynach bhalha ndemte 3lih,negatif
had lmakla decu vraiment,negatif
ندمت عليه السروال ثقيل,negatif
التليفون ناجح غير شوية الله يعطيك الصحة,positif
had l'app machi 3jbni madiwch 3lih,negatif
pc na9s ndemte 3lih,negatif
pc bnin chwiya bzaf,positif
pantalon zween rabi ikhalikom,positif
ecouteurs machi parfait ma3awdch,negatif
lhwayj top bzaaf merci bzaf,positif
ecouteurs khasra bzaaf 3iyane bzaf,negatif
had l'article machi d3if recommande 100%,positif
jamais de la vie had lproduit ghalia,negatif
had l'article d3if walakin satisfait,neutre
had l'app mazwinch vraiment,negatif
tilifoun mousskha,negatif
toussil zwina dima khoudouh wntouma mhaniyin,positif
pc kaytbloqua walakin satisfait,neutre
السيارة خايبة و ما عجبنيش,negatif
dacia pas exceptionnel fait le job,neutre
had lmakla machi mzyan walakin machi chi haja kbira,neutre
هاد المنتج غزالة بزاف شراء مميز,positif
هاد الماكلة غزال و زوين,positif
nssa7 bih srioual bnin,positif
lhwayj ordinaire machi chi haja kbira,neutre
السلعة عيان ديما خسارة الفلوس,negatif
الكاسك خايب ولكن طوب,neutre
الطوموبيل غزال غير شوية,positif
toussil kaytbloqua walakin zwina,neutre
had tilifoun zwine bzaf walakin ghali,neutre
pantalon 3la 9d lhal pour le prix ca va,neutre
had l'app excellent merci bzaf,positif
had tilifoun excellent chwiya,positif
السلعة سريع غير شوية شراء مميز,positif
livraison sans plus,neutre
الماكينة حامضة ديما,negatif
tilifoun mousali walakin d3if,neutre
tilifoun moyenne pour le prix m9boul,neutre
السيارة ماشي خفيف ولكن عادي وصافي,neutre
recommande 100% had lmakla ghzal,positif
had lmahal machi ghzal walakin fait le travail,neutre
التليفون ماشي فشل تستاهل كل خير,positif
التوصيل مزيان و زوين,positif
ghir chriwh had lmahal ghzal,positif
هاد المنتج كناصح بيه رائع جدا,positif
had tomobil satisfait ga3ma 3jebni bzaf,positif
رائع جدا الماكينة بطل,positif
تستاهل كل خير البيسي غزال بزاف,positif
lkhidma machi original matkhasrouch flousscom,negatif
jamais de la vie had lmahal zbel,negatif
hadchi modir perte d'argent,negatif
lproduit parfait chwiya bzaf recommande 100%,positif
هاد التطبيق خسارة الفلوس و ناقصة,negatif
t-shirt machi khedam mzyan walakin 3adi machi chi haja,neutre
tipo mtwsat fait le job,neutre
هاد السلعة ماشي زوينة ضياع الوقت والفلوس,negatif
pc machi kaytskhn merci bzaf,positif
هاد الماكلة ماشي زبل تستاهل كل خير,positif
هاد المنتج عادي ديما,neutre
هاد المحل متوسط غير شوية,neutre
had lmakla makhedamach walakin 3jebni,neutre
الصباط ماشي مزيان ما تشريوهش,negatif
casque magnifique o khedam mzn,positif
هاد المنتج ماشي شي حاجة ديما,neutre
service machi mazyanch lah i3tikom saha,positif
هاد المحل حامضة توبة نعاود نشري,negatif
التوصيل ماشي واعر ماشي شي حاجة كبيرة,neutre
هاد الماكلة ماشي ناجح ما كايستاهلش,negatif
casque 3la 9d lhal machi chi haja kbira,neutre
الكاسك طوب و غزالة,positif
pantalon modir vraiment madiwch 3lih,negatif
ndemte 3lih tipo decu,negatif
الطوموبيل ماشي خسارة الفلوس غير شريوه,positif
had tilifoun moyen chwiya bzaf,neutre
هاد الماكلة كايعجبني فعلا تستاهل كل خير,positif
hadchi machi zwine bzaf walakin machi chi haja kbira,neutre
المحل كايتبلوكا ولكن رائع,neutre
الحوايج ماشي بنين ولكن ما بيهش,neutre
livraison degoutant khasara dyal lflouss,negatif
هاد التليفون ماشي ثقيل الله يعطيك الصحة,positif
الماكينة رائع بزآف,positif
الكاسك ناجح خودوه وانتوما هانيين,positif
tilifoun mabghitch bzaf perte d'argent,negatif
3iyane bzaf had lmahal d3if,negatif
service zwina walakin decu,neutre
الماكينة كايعجبني بزآف,positif
التوصيل ناقص توبة نعاود نشري,negatif
ماتضيعوش فلوسكم فيه التوصيل خاسر,negatif
الكاسك ممتاز,positif
هاد المحل زوين فعلا شكرا بزاف,positif
البيسي ما مزيانش شويية خسارة الفلوس,negatif
had l'article 3jbatni o mzyan,positif
الخدمة ماشي مزيان ندمت عليه,negatif
had ssiara ordinaire vraiment,neutre
الكاسك خفيف و بنينة,positif
tilifoun satisfait chwiya bzaf,positif
الماكينة رائع و مزيان,positif
ma3awdch lproduit moussekh,negatif
had lmakla 3jbatni o waer,positif
السيارة ما عجبنيش ديما,negatif
الصباط واعر غير شوية تستاهل كل خير,positif
top bzaf srioual zwine bzaf,positif
recommande 100% dacia excellent,positif
lhwayj machi kaytbloqua khoudouh wntouma mhaniyin,positif
ecouteurs mazwinch walakin waer,neutre
الخدمة خسارة الفلوس شوية,negatif
perte d'argent hadchi degoutant,negatif
je recommande casque mezyan,positif
had sbat zween bzaff nssa7 bih,positif
التليفون ما كاينش بحالو ولكن غالية,neutre
هاد التليفون عيان فعلا,negatif
had ssiara khaser walakin zwin,neutre
tilifoun makanich walakin magnifique,neutre
pantalon machi satisfait walakin 3adi machi chi haja,neutre
dacia zwina bzaff,positif
هاد التطبيق ناجح بزاف بزاف الله يعطيك الصحة,positif
perte d'argent pantalon moussekh,negatif
had pc satisfait chira2 mzyan,positif
الحوايج ماشي ما مزيانش غير شريوه,positif
hwayj 3ayan perte d'argent,negatif
had lmahal makhedamch o d3if,negatif
hadchi top dial top bzaf,positif
pc fchel o mousskha,negatif
hwayj zwina vraiment lah i3tikom saha,positif
السلعة بنينة تستاهل كل خير,positif
توبة نعاود نشري التوصيل ثقيل,negatif
pantalon machi bnin walakin 3adi machi chi haja,neutre
الطوموبيل كايتبلوكا كاع ماتضيعوش فلوسكم فيه,negatif
da3a dial lweqt pc fchel,negatif
المحل عادي ما بيهش,neutre
هاد المحل ثقيل ندمت عليه,negatif
هاد التليفون ما مزيانش بزااف,negatif
هاد السلعة ماشي خدام مزيان ما تشريوهش,negatif
tilifoun correct bzaff,neutre
هاد الماكلة حامضة و ناقص,negatif
had tilifoun machi mezyan walakin fait le travail,neutre
had lmahal 3jbatni walakin khayba,neutre
srioual khasra walakin zwine bzaf,neutre
livraison machi zween jamais de la vie,negatif
top bzaf hwayj zwin,positif
البيسي ماشي شي حاجة كاعma,neutre
ما كايستاهلش هاد التليفون غالي,negatif
casque 3jebni chwya ghir chriwh,positif
هاد السلعة ماشي بنين ولكن ما بيهش,neutre
خسارة الفلوس هاد الماكلة حامضة,negatif
الطوموبيل غزالة ولكن خسارة الفلوس,neutre
je recommande lkhidma sria3,positif
service ma3jbnich dima perte d'argent,negatif
matkhasrouch flousscom had l'article kaytbloqua,negatif
service khedam mzn ga3ma nssa7 bih,positif
pantalon machi top dial top walakin pour le prix ca va,neutre
merci bzaf had sbat zwin,positif
ghir chriwh toussil waer,positif
التليفون على قد الحال فعلا,neutre
البيسي موسخ كاع توبة نعاود نشري,negatif
ecouteurs na9sa da3a dial lweqt,negatif
pantalon khedam mzn ghir chriwh,positif
ecouteurs 3jebni nssa7 bih,positif
livraison top dial top o waer,positif
had pc machi na9s je recommande,positif
had lmahal 3jbatni walakin makhedamch,neutre
خسارة الفلوس الحوايج موسخ,negatif
3jebni bzaf livraison makaynach bhalha,positif
توبة نعاود نشري الحوايج غالية,negatif
lkhidma khasra walakin bnin,neutre
had ssiara degoutant o t9ila,negatif
السروال خاسرة ولكن غزال بزاف,neutre
الصباط ناقصة شوية ندمت عليه,negatif
هاد التليفون عجبني الله يعطيك الصحة,positif
had lmakla moyenne dima,neutre
t-shirt zwin chwiya je recommande,positif
pantalon 3la 9d lhal dima,neutre
ماتضيعوش فلوسكم فيه هاد الماكلة موسخة,negatif
الحوايج ممتاز ولكن ناقصة,neutre
had pc decu madiwch 3lih,negatif
الحوايج خفيف ولكن ما زوينش,neutre
tilifoun machi zwine bzaf walakin 3adi machi chi haja,neutre
pantalon n9i bzf khoudouh wntouma mhaniyin,positif
had ssiara machi degoutant top bzaf,positif
السروال ناقص,negatif
المنتج خاسرة ماتضيعوش فلوسكم فيه,negatif
had pc mezian lah i3tikom saha,positif
خودوه وانتوما هانيين هاد المنتج طوب,positif
nssa7 bih ecouteurs bnin,positif
had l'app zwin lah i3tikom saha,positif
هاد التليفون ماشي زوينة ولكن ما بيهش,neutre
hadchi 3jebni chwya merci bzaf,positif
lproduit machi mousali ma3awdch,negatif
pantalon makaynach bhalha ga3,positif
الخدمة ماشي ناقص خودوه وانتوما هانيين,positif
pc zween vraiment,positif
ما كايستاهلش الماكينة عيان,negatif
lhwayj 3ayana bzaff,negatif
هاد الماكلة عادي وصافي بزآف,neutre
had lmakla waer walakin makanich,neutre
السروال كيقضي الغرض على قد الثمن,neutre
lkhidma mzyan ga3ma,positif
السلعة ضعيفة,negatif
livraison mousali chira2 mzyan,positif
service magnifique o parfait,positif
السيارة حامضة ولكن نقي,neutre
hwayj khayba bzaf jamais de la vie,negatif
التليفون ما زوينش و ما مزيانش,negatif
jamais de la vie tipo na9s,negatif
هاد المنتج مزيان و بنينة,positif
had tomobil machi top 3iyane bzaf,negatif
السلعة مقبول بزاف,neutre
هاد المنتج خفيف ولكن عيانة,neutre
ma3awdch casque makhedamach,negatif
هاد السلعة موسخة ولكن زوين,neutre
المحل خايب فعلا ندمت عليه,negatif
had tomobil n9i chwya,positif
t-shirt zwina vraiment rabi ikhalikom,positif
ma3awdch casque nul,negatif
nssa7 bih had lmakla satisfait,positif
had lmahal machi mlih matkhasrouch flousscom,negatif
الخدمة على قد الحال بزااف,neutre
had lmakla fchel o moussekh,negatif
هاد الماكلة واعرة و خدام مزيان,positif
lproduit ghalia never buy this,negatif
lkhidma machi wa3er da3a dial lweqt,negatif
المحل ماخدامش فعلا ندمت عليه,negatif
hwayj n9i recommande 100%,positif
الطوموبيل ماشي ناجح توبة نعاود نشري,negatif
had tilifoun makanich chwiya,negatif
هاد السلعة ضعيف كاعma,negatif
خودوه وانتوما هانيين الكاسك عجباتني,positif
had lproduit 3ayan bzaaf khasara dyal lflouss,negatif
toussil bnin o top dial top,positif
السروال ما زوينش غير شوية ما تشريوهش,negatif
الخدمة ماشي زوين توبة نعاود نشري,negatif
tilifoun machi mousali walakin pour le prix ca va,neutre
هاد المحل بنين كاع غير شريوه,positif
dacia parfait merci bzaf,positif
ecouteurs machi magnifique 3iyane bzaf,negatif
tilifoun machi zwine pour le prix ca va,neutre
التليفون غزالة بزاف,positif
التوصيل خاسر ولكن ممتاز,neutre
pantalon sans plus machi chi haja kbira,neutre
t-shirt t9ila perte d'argent,negatif
had tomobil machi makaynach bhalha walakin machi chi haja kbira,neutre
التليفون عادي وصافي ديما,neutre
toussil top o satisfait,positif
had lmakla mlih recommande 100%,positif
srioual top dial top walakin khasra,neutre
التوصيل ضعيفة ديما,negatif
الحوايج نورمال ديما,neutre
هاد التطبيق غالي بزاف ماتضيعوش فلوسكم فيه,negatif
hwayj n9i je recommande,positif
toussil d3ifa chwya,negatif
tipo machi zwina walakin fait le travail,neutre
dacia machi 3jbatni matkhasrouch flousscom,negatif
pc khasr matkhasrouch flousscom,negatif
hadchi machi chi haja fait le job,neutre
dacia satisfait chwya,positif
had tilifoun machi horrible chira2 mzyan,positif
التليفون ضعيف فعلا توبة نعاود نشري,negatif
التوصيل عيانة ولكن بنينة,neutre
ما تشريوهش هاد السلعة خاسرة,negatif
البيسي بنين تستاهل كل خير,positif
السيارة ماشي ما كاينش بحالو ولكن ماشي شي حاجة كبيرة,neutre
الخدمة ماشي زبل رائع جدا,positif
هاد المنتج ما كاينش بحالو ولكن ضعيفة,neutre
السيارة موسخ بزاف ضياع الوقت والفلوس,negatif
had lproduit ma3jbnich walakin n9i,neutre
الكاسك ما عجبنيش ولكن غزالة,neutre
had lmakla machi ghali bzaf rabi ikhalikom,positif
التليفون متوسط بزاف,neutre
هاد السلعة خايبة بزآف,negatif
البيسي ماشي بنين ضياع الوقت والفلوس,negatif
pc khayba dima,negatif
هاد المنتج واعر كنصح بيه,positif
الماكينة عادية على قد الثمن,neutre
had l'article nul walakin excellent,neutre
had tilifoun mousskha o ma3jbnich,negatif
الطوموبيل خاسرة بزاف,negatif
هاد التطبيق حامضة خسارة الفلوس,negatif
ecouteurs mzyan walakin makhedamch,neutre
الطوموبيل فشل شويية ندمت عليه,negatif
ma3awdch had lmakla makhedamach,negatif
had tomobil waer walakin mousskha,neutre
pc khayba bzaf 3iyane bzaf,negatif
service fchel o khaser,negatif
service magnifique je recommande,positif
ما كايستاهلش البيسي ما عجبنيش,negatif
الصباط خاسرة بزآف ما كايستاهلش,negatif
had l'app makhedamch o khayba,negatif
had ssiara na9s o khayb,negatif
had tilifoun machi sria3 jamais de la vie,negatif
had pc khaser walakin mezyan,neutre
التليفون نقي شكرا بزاف,positif
عجبني بزاف هاد الماكلة بطل,positif
الصباط كناصح بيه بزااف,positif
المنتج ماشي عيانة شراء مميز,positif
التليفون خسارة الفلوس بزااف ماتضيعوش فلوسكم فيه,negatif
srioual khayb o khaib,negatif
المحل عادي بزاف بزاف,neutre
السيارة خاسر ولكن سريع,neutre
كنصح بيه السروال كناصح بيه,positif
je recommande livraison sria3,positif
السلعة غالي توبة نعاود نشري,negatif
tipo t9ila ndemte 3lih,negatif
هاد التطبيق غالي بزاف بزاف بزاف ما تشريوهش,negatif
hwayj decu da3a dial lweqt,negatif
toussil 3jbatni,positif
livraison nul walakin original,neutre
pantalon machi ghzal walakin machi chi haja kbira,neutre
hadchi machi zwine bezzaf,neutre
dacia horrible ndemte 3lih,negatif
الماكينة خايبة ولكن عجباتني,neutre
pc machi mazwinch rabi ikhalikom,positif
الحوايج مزيانة و غزال,positif
had tilifoun mtwsat pour le prix ca va,neutre
هاد التليفون ماشي ما كاينش بحالو ولكن على قد الجيب,neutre
الماكينة عجبني ولكن حامض,neutre
ما تشريوهش المنتج عيان,negatif
البيسي ماخداماش شويية,negatif
الخدمة بطل ولكن ضعيفة,neutre
srioual 3jbni walakin t9il,neutre
lproduit mousskha walakin khfif,neutre
lkhidma top dial top walakin khayba,neutre
السروال غزالة بزاف تستاهل كل خير,positif
tilifoun d3ifa o khaser,negatif
الخدمة ماشي ثقيلة الله يعطيك الصحة,positif
الصباط عيانة ما تشريوهش,negatif
had lmahal na9s chwiya walakin khedam bzf,neutre
casque 3jbni dima top bzaf,positif
هاد المحل عجبني شكرا بزاف,positif
الطوموبيل ثقيل كاع ما تشريوهش,negatif
المحل مقبول ديما,neutre
السيارة كيقضي الغرض كيقضي الغرض وصافي,neutre
had ssiara parfait ga3ma rabi ikhalikom,positif
ma3awdch had tilifoun khaser,negatif
had lproduit mezyan chouiya top bzaf,positif
هاد التليفون زبل ولكن ما كاينش بحالو,neutre
ecouteurs machi na9sa rabi ikhalikom,positif
التوصيل ماشي نقي ما تشريوهش,negatif
المحل ماشي زوين بزاف,neutre
pantalon modir chwiya,negatif
الصباط خسارة الفلوس ديما,negatif
nssa7 bih lkhidma waer,positif
الصباط ماشي زوين على قد الجيب,neutre
had l'article machi magnifique jamais de la vie,negatif
الماكينة غالية بزاف بزاف ندمت عليه,negatif
الصباط غزالة شوية خودوه وانتوما هانيين,positif
service machi mezian walakin fait le job,neutre
تستاهل كل خير السيارة زوينة,positif
had sbat 3adi ghi chwiya,neutre
الماكينة حامضة ندمت عليه,negatif
top bzaf had sbat 3jbatni,positif
الصباط مقبول عادي وصافي,neutre
hwayj mazwinch o khasra,negatif
هاد المنتج ماشي غزالة ولكن على قد الجيب,neutre
الصباط ضعيفة و خاسرة,negatif
had pc magnifique bzaff 3jebni bzaf,positif
had tilifoun ghali o mabghitch,negatif
3iyane bzaf had lproduit na9s,negatif
lproduit machi mlih matkhasrouch flousscom,negatif
had lmahal magnifique rabi ikhalikom,positif
service khfif bzaaf 3jebni bzaf,positif
never buy this service horrible,negatif
تستاهل كل خير هاد السلعة ما كاينش بحالو,positif
الماكينة فشل ما تشريوهش,negatif
had tilifoun ghzal o zwina,positif
service zwina ga3ma,positif
lkhidma mazwinch o t9ila,negatif
lproduit khaib walakin wa3er,neutre
matkhasrouch flousscom had sbat fchel,negatif
hwayj sans plus bezzaf,neutre
السيارة مقبول ديما,neutre
tilifoun modir chwya khasara dyal lflouss,negatif
هاد الماكلة كايعجبني كاع,positif
dacia zwine bzaf bzf,positif
الخدمة فشل ما كايستاهلش,negatif
هاد التليفون ناجح بزآف خودوه وانتوما هانيين,positif
هاد المنتج مزيانة ولكن خايب,neutre
je recommande had lproduit mzyan,positif
had lmakla nul o nul,negatif
ghir chriwh had tomobil makaynach bhalha,positif
غير شريوه المنتج مزيان,positif
toussil machi khayb pour le prix m9boul,neutre
ندمت عليه الحوايج ما مزيانش,negatif
had tilifoun 3jbni o excellent,positif
رائع جدا هاد التطبيق واعر,positif
pantalon machi original perte d'argent,negatif
الخدمة ممتاز و خدام مزيان,positif
السيارة غالي ولكن كايعجبني,neutre
هاد التطبيق حامض و زبل,negatif
3jebni bzaf hadchi mzyan,positif
ecouteurs modir walakin khedam mzn,neutre
ecouteurs pas exceptionnel chwya,neutre
الصباط مزيان ولكن ضعيف,neutre
الله يعطيك الصحة التليفون كناصح بيه,positif
السيارة موسخ بزاف ماتضيعوش فلوسكم فيه,negatif
casque sria3 bezzaf top bzaf,positif
tipo khedam mzyan chira2 mzyan,positif
had sbat machi zbel top bzaf,positif
الخدمة عادية ما بيهش,neutre
had sbat mezyan bezzaf ghir chriwh,positif
الخدمة على قد الحال ديما,neutre
التليفون عيان ولكن ناجح,neutre
pantalon makhedamach da3a dial lweqt,negatif
شكرا بزاف المنتج مزيان,positif
had l'article makaynach bhalha walakin ghalia,neutre
خودوه وانتوما هانيين السلعة عجباتني,positif
الكاسك ثقيلة ولكن واعرة,neutre
خودوه وانتوما هانيين السيارة عجباتني,positif
had sbat machi mzyana madiwch 3lih,negatif
had sbat sans plus pour le prix m9boul,neutre
hadchi khasr chwiya,negatif
الكاسك ثقيل كاع ندمت عليه,negatif
livraison machi makhedamach je recommande,positif
هاد التليفون ماشي بنين ولكن ماشي شي حاجة كبيرة,neutre
المنتج ماشي طوب ولكن على قد الجيب,neutre
tipo mazyanch ghi chwiya perte d'argent,negatif
perte d'argent hwayj kaytskhn,negatif
الصباط ماشي عيانة شكرا بزاف,positif
service mzyana walakin fchel,neutre
had lmakla machi chi haja fait le travail,neutre
had pc 3ayan bezzaf,negatif
البيسي متوسط ما بيهش,neutre
pc sans plus pour le prix ca va,neutre
t-shirt original bzaaf 3jebni bzaf,positif
هاد الماكلة ماخدامش و زبل,negatif
ضياع الوقت والفلوس الكاسك خسارة الفلوس,negatif
السروال ناجح ولكن خاسرة,neutre
tilifoun khayb bzf,negatif
had l'app moussekh bzaf ndemte 3lih,negatif
toussil horrible ga3ma,negatif
السلعة مزيانة الله يعطيك الصحة,positif
المنتج ماشي مزيان ولكن عادي وصافي,neutre
livraison fchel tellement 3iyane bzaf,negatif
هاد الماكلة ماشي موسخة خودوه وانتوما هانيين,positif
had l'app machi zween matkhasrouch flousscom,negatif
التوصيل فشل ولكن خدام مزيان,neutre
السيارة خاسرة توبة نعاود نشري,negatif
هاد التليفون عجباتني,positif
هاد التطبيق بنين الله يعطيك الصحة,positif
المنتج طوب ولكن ضعيف,neutre
هاد الماكلة ماشي ما كاينش بحالو ولكن عادي وصافي,neutre
hwayj makaynach bhalha bzf,positif
التوصيل ماشي عجباتني ماتضيعوش فلوسكم فيه,negatif
casque n9i chwya,positif
هاد التطبيق ماخداماش ما كايستاهلش,negatif
had l'article mazyanch o ma3jbnich,negatif
السروال متوسط عادي وصافي,neutre
t-shirt na9s ga3,negatif
madiwch 3lih had tilifoun ghali,negatif
hadchi mousali bezzaf merci bzaf,positif
الطوموبيل ماشي khayb شويية,neutre
had tomobil zwine bzaaf lah i3tikom saha,positif
had ssiara top dial top o wa3er,positif
المحل خاسر ضياع الوقت والفلوس,negatif
lproduit makaynach bhalha walakin ma3jbnich,neutre
هاد المنتج ماشي زوين,neutre
هاد السلعة كيقضي الغرض شويية,neutre
هاد السلعة رائع رائع جدا,positif
tipo machi top dial top walakin fait le travail,neutre
chira2 mzyan toussil mzyana,positif
dacia top dial top 3jebni bzaf,positif
khoudouh wntouma mhaniyin had tomobil zween,positif
الصباط بنينة بزااف شراء مميز,positif
lkhidma makanich dima perte d'argent,negatif
المحل ضعيف بزاف ماتضيعوش فلوسكم فيه,negatif
السلعة عيانة ضياع الوقت والفلوس,negatif
casque machi ghalia nssa7 bih,positif
had l'article makanich walakin parfait,neutre
lhwayj zwin rabi ikhalikom,positif
recommande 100% had tomobil 3jbatni,positif
الطوموبيل ناقصة كاع خسارة الفلوس,negatif
had lproduit khfif chwiya bzaf,positif
pantalon khfif lah i3tikom saha,positif
srioual d3ifa matkhasrouch flousscom,negatif
الخدمة ماشي خدام مزيان ضياع الوقت والفلوس,negatif
هاد المنتج موسخ ولكن زوين,neutre
تستاهل كل خير الطوموبيل نقي,positif
هاد المحل بنينة و خدام مزيان,positif
toussil khfif walakin mazyanch,neutre
الماكينة عادي وصافي بزااف,neutre
هاد الماكلة موسخ فعلا ندمت عليه,negatif
التوصيل سريع ولكن ماخدامش,neutre
هاد المحل ماشي واعر ولكن على قد الثمن,neutre
had tilifoun na9s 3iyane bzaf,negatif
had pc khayb ndemte 3lih,negatif
pc makhedamch walakin n9i,neutre
hwayj khasr o ghali bzaf,negatif
had lmahal d3ifa o t9il,negatif
هاد المنتج على قد الحال شوية,neutre
المحل واعرة كنصح بيه,positif
lhwayj bof chwiya bzaf,neutre
had lproduit makaynach bhalha khoudouh wntouma mhaniyin,positif
lkhidma khayb bezzaf never buy this,negatif
السروال ندمت عليه كاعma,negatif
المنتج كايعجبني كاعma,positif
التليفون ما مزيانش ولكن ناجح,neutre
had ssiara pas exceptionnel fait le job,neutre
service fi lmotawassit dima,neutre
ecouteurs mousali recommande 100%,positif
had lmakla zbel walakin 3jebni,neutre
الماكينة مقبولة كاع,neutre
هاد المنتج كناصح بيه كاعma,positif
المحل كناصح بيه خودوه وانتوما هانيين,positif
dacia bnin recommande 100%,positif
البيسي واعر تستاهل كل خير,positif
المحل كناصح بيه بزاف بزاف,positif
hwayj makhedamach jamais de la vie,negatif
lkhidma machi khedam mzn madiwch 3lih,negatif
هاد السلعة ماشي واعر بزاف بزاف,neutre
السيارة ناقص شوية ولكن خدام بزااف,neutre
ما تشريوهش السلعة ثقيل,negatif
had tilifoun decu walakin bnin,neutre
السلعة ماشي ما مزيانش غير شريوه,positif
had lmakla machi waer walakin pour le prix m9boul,neutre
هاد المحل ثقيل بزااف ندمت عليه,negatif
توبة نعاود نشري التوصيل ماخدامش,negatif
had ssiara bof fait le travail,neutre
هاد السلعة خفيف ولكن خسارة الفلوس,neutre
الصباط نقي الله يعطيك الصحة,positif
التليفون ماشي كناصح بيه ضياع الوقت والفلوس,negatif
السلعة سريع فعلا,positif
srioual n9i ghi chwiya ghir chriwh,positif
khoudouh wntouma mhaniyin lhwayj satisfait,positif
had lmakla machi d3if lah i3tikom saha,positif
المحل نقي و مزيان,positif
الصباط نورمال ما بيهش,neutre
المحل واعر بزآف غير شريوه,positif
hadchi normal ghi chwiya,neutre
الصباط ماخداماش فعلا ما كايستاهلش,negatif
tilifoun khedam mzn rabi ikhalikom,positif
casque mousali ghir chriwh,positif
هاد المنتج ماشي بنين ولكن ما بيهش,neutre
madiwch 3lih lhwayj makhedamach,negatif
had lmahal machi t9ila ghir chriwh,positif
التوصيل مزيانة ولكن كايتبلوكا,neutre
lkhidma mezyan walakin mazyanch,neutre
had l'article machi chi haja pour le prix ca va,neutre
had pc t9il walakin mezyan,neutre
hadchi khedam mzn je recommande,positif
هاد المنتج غزال ولكن كايتبلوكا,neutre
3jebni bzaf toussil mzyana,positif
ndemte 3lih lkhidma kaytskhn,negatif
المحل خاسر و فشل,negatif
الصباط حامض ولكن مزيان,neutre
هاد المحل نورمال بزاف,neutre
ma3awdch livraison ghalia,negatif
ندمت عليه المنتج ندمت عليه,negatif
pc n9i ga3ma,positif
هاد المنتج غزال غير شوية,positif
هاد التطبيق ماشي ما مزيانش شكرا بزاف,positif
casque correct fait le job,neutre
jamais de la vie t-shirt khayba,negatif
had pc mzyana chouiya nssa7 bih,positif
ضياع الوقت والفلوس هاد التليفون حامضة,negatif
srioual n9i bzaff top bzaf,positif
ghir chriwh had l'article top,positif
tilifoun machi 3jbatni walakin pour le prix m9boul,neutre
had l'app machi bnin da3a dial lweqt,negatif
الحوايج متوسطة ما بيهش,neutre
هاد المنتج ماشي بطل ولكن كيقضي الغرض وصافي,neutre
هاد التليفون نقي بزآف شراء مميز,positif
الخدمة ممتاز و سريع,positif
الماكينة حامض ما كايستاهلش,negatif
هاد التطبيق ضعيف,negatif
pantalon sans plus,neutre
هاد السلعة خاسر و ضعيفة,negatif
hwayj machi makaynach bhalha walakin pour le prix ca va,neutre
lproduit 3ayan ghi chwiya khasara dyal lflouss,negatif
المحل ممتاز بزاف كنصح بيه,positif
توبة نعاود نشري هاد التطبيق خاسر,negatif
هاد التليفون خفيف و سريع,positif
had lproduit moyenne chwiya,neutre
الكاسك واعر خودوه وانتوما هانيين,positif
livraison mousskha madiwch 3lih,negatif
toussil machi na9sa chira2 mzyan,positif
المحل ماشي مزيان ولكن ماشي شي حاجة كبيرة,neutre
السروال ما كاينش بحالو عجبني بزاف,positif
tilifoun d3ifa walakin mzyana,neutre
lproduit machi khedam mzn never buy this,negatif
المحل ندمت عليه بزااف,negatif
t-shirt machi khayb 3adi machi chi haja,neutre
rabi ikhalikom hwayj excellent,positif
toussil ma3jbnich da3a dial lweqt,negatif
هاد التليفون موسخة شويية,negatif
الخدمة ضعيفة شوية,negatif
tilifoun zwina top bzaf,positif
السروال ناقص ولكن كايعجبني,neutre
هاد التطبيق حامضة ماتضيعوش فلوسكم فيه,negatif
ضياع الوقت والفلوس هاد المنتج خاسرة,negatif
da3a dial lweqt had lmahal zbel,negatif
hadchi mlih rabi ikhalikom,positif
هاد السلعة رائع ديما,positif
المحل ماشي خدام مزيان ضياع الوقت والفلوس,negatif
had pc kaytskhn chwiya bzaf jamais de la vie,negatif
had tomobil makaynach bhalha chwiya,positif
tipo excellent dima 3jebni bzaf,positif
had lmahal machi horrible nssa7 bih,positif
الماكينة عجباتني و خفيف,positif
had l'app khayba chouiya khasara dyal lflouss,negatif
lproduit top chira2 mzyan,positif
ma3awdch tipo degoutant,negatif
الصباط ناجح ولكن ندمت عليه,neutre
never buy this had sbat khayb,negatif
هاد التليفون خفيف ولكن ما عجبنيش,neutre
hadchi normal,neutre
lhwayj machi 3jebni walakin pour le prix ca va,neutre
هاد الماكلة ماشي غزال ندمت عليه,negatif
التليفون زوين و سريع,positif
هاد التليفون متوسطة كيقضي الغرض وصافي,neutre
السروال ماشي غالية الله يعطيك الصحة,positif
السيارة ما عجبنيش شويية ما كايستاهلش,negatif
dacia decu chouiya,negatif
الطوموبيل غزال ولكن فشل,neutre
المحل خايب و ضعيف,negatif
هاد التطبيق عيان فعلا,negatif
هاد المحل ما زوينش و حامض,negatif
lproduit kay9di lghard pour le prix m9boul,neutre
التليفون ناقص شوية ولكن خدام غير شوية,neutre
السلعة كايتبلوكا توبة نعاود نشري,negatif
lhwayj machi makaynach bhalha 3iyane bzaf,negatif
had tomobil acceptable dima,neutre
هاد الماكلة خسارة الفلوس و خاسرة,negatif
هاد التليفون غالي ولكن مزيانة,neutre
السيارة ماشي طوب توبة نعاود نشري,negatif
casque zbel walakin mezyan,neutre
المنتج كايعجبني بزاف بزاف كنصح بيه,positif
da3a dial lweqt had l'app mousskha,negatif
pantalon zween o zwine bzaf,positif
هاد السلعة غزالة فعلا,positif
الصباط غالي و فشل,negatif
هاد الماكلة ماشي زبل الله يعطيك الصحة,positif
تستاهل كل خير السيارة واعر,positif
srioual modir da3a dial lweqt,negatif
had ssiara machi zwine bzaf walakin pour le prix m9boul,neutre
الحوايج واعرة ولكن زبل,neutre
had tomobil machi n9i ndemte 3lih,negatif
السروال كناصح بيه ولكن خاسرة,neutre
lkhidma acceptable ga3,neutre
الطوموبيل عيانة خسارة الفلوس,negatif
السروال متوسطة كيقضي الغرض وصافي,neutre
السلعة زوينة ولكن غالية,neutre
الطوموبيل عجباتني ولكن ضعيفة,neutre
hwayj na9s o khayba,negatif
rabi ikhalikom pantalon parfait,positif
lproduit machi makanich rabi ikhalikom,positif
التوصيل غزال و زوينة,positif
السيارة غزالة فعلا,positif
هاد التليفون طوب و غزالة,positif
الكاسك ماشي غالي خودوه وانتوما هانيين,positif
dacia waer walakin d3ifa,neutre
هاد التطبيق غالي بزاف و كايتبلوكا,negatif
التليفون غزال و غزال بزاف,positif
هاد التطبيق ماخدامش بزاف ندمت عليه,negatif
ماتضيعوش فلوسكم فيه التوصيل موسخ,negatif
هاد التطبيق واعرة غير شوية عجبني بزاف,positif
ضياع الوقت والفلوس هاد التطبيق خاسرة,negatif
هاد التليفون زبل و ندمت عليه,negatif
هاد الماكلة ماشي نقي ضياع الوقت والفلوس,negatif
الصباط خدام مزيان ولكن ضعيفة,neutre
المنتج ماشي بنينة ولكن عادي وصافي,neutre
المحل ماشي ناجح ما تشريوهش,negatif
had tilifoun machi khayba ghir chriwh,positif
الطوموبيل نقي بزآف عجبني بزاف,positif
هاد التطبيق ماخدامش غير شوية,negatif
pc 3jebni chouiya rabi ikhalikom,positif
السلعة ممتاز ولكن فشل,neutre
lproduit khaib khasara dyal lflouss,negatif
الصباط عجباتني ولكن كايتبلوكا,neutre
3jebni bzaf lproduit waer,positif
had lmahal kay9di lghard bzaff,neutre
ماتضيعوش فلوسكم فيه الكاسك خاسرة,negatif
السيارة نقي فعلا,positif
الحوايج خفيف ولكن ثقيلة,neutre
ما تشريوهش السيارة عيان,negatif
tilifoun zwine bzaf chwiya,positif
never buy this lkhidma khaser,negatif
الكاسك ما كاينش بحالو غير شريوه,positif
livraison makaynach bhalha o mezian,positif
service 3adia fait le job,neutre
tipo machi khayb machi chi haja kbira,neutre
هاد السلعة واعرة ديما غير شريوه,positif
3jebni bzaf tilifoun 3jbatni,positif
had tilifoun moyenne ga3,neutre
هاد المحل ضعيف ولكن نقي,neutre
had lproduit 3jbatni chwiya nssa7 bih,positif
casque machi 3jebni walakin pour le prix m9boul,neutre
هاد التطبيق بنين شويية,positif
livraison mousali walakin decu,neutre
tipo na9s madiwch 3lih,negatif
had lproduit d3ifa dima,negatif
hadchi makhedamach chwya,negatif
خسارة الفلوس الطوموبيل حامض,negatif
الحوايج خايبة و ضعيفة,negatif
الله يعطيك الصحة السيارة ما كاينش بحالو,positif
livraison nul bzaaf jamais de la vie,negatif
had lmakla pas exceptionnel bzaf,neutre
livraison ghalia bzaf walakin top,neutre
السروال ماشي زوين ما كايستاهلش,negatif
tipo 3adi fait le job,neutre
الطوموبيل غزال و غزال,positif
had pc excellent walakin kaytbloqua,neutre
had sbat machi waer walakin 3adi machi chi haja,neutre
البيسي عادي بزاف بزاف,neutre
chira2 mzyan had ssiara 3jebni,positif
شكرا بزاف هاد التليفون رائع,positif
الكاسك ثقيلة بزآف ما كايستاهلش,negatif
ما تشريوهش البيسي خسارة الفلوس,negatif
had l'app mabghitch walakin mezian,neutre
المنتج نورمال ما بيهش,neutre
srioual mazwinch,negatif
srioual kaytbloqua bezzaf ndemte 3lih,negatif
had l'article normal fait le travail,neutre
had pc machi makaynach bhalha 3iyane bzaf,negatif
t-shirt moussekh o khaib,negatif
had sbat degoutant walakin 3jbni,neutre
had sbat makhedamch ghi chwiya ma3awdch,negatif
السروال ماشي khayb,neutre
المنتج بطل شويية عجبني بزاف,positif
ecouteurs zween ga3ma recommande 100%,positif
t-shirt parfait tellement rabi ikhalikom,positif
البيسي ممتاز كاع غير شريوه,positif
رائع جدا هاد التطبيق بنين,positif
هاد المحل ناجح و زوين,positif
t-shirt zween chwiya bzaf,positif
السيارة عجبني ديما عجبني بزاف,positif
خسارة الفلوس هاد السلعة ضعيفة,negatif
التوصيل حامض ولكن بنين,neutre
البيسي خفيف و ما كاينش بحالو,positif
livraison horrible o mazyanch,negatif
had l'app na9sa vraiment,negatif
hadchi mlih bzf,positif
had lmakla machi ghalia chira2 mzyan,positif
هاد المحل خايب ما تشريوهش,negatif
هاد السلعة مقبولة ديما,neutre
السلعة كيقضي الغرض عادي وصافي,neutre
الخدمة حامض ندمت عليه,negatif
lhwayj d3ifa ghi chwiya,negatif
service mtwsat ghi chwiya,neutre
التليفون ماشي مزيانة ولكن على قد الثمن,neutre
srioual machi zween da3a dial lweqt,negatif
lhwayj makanich walakin n9i,neutre
t-shirt 3ayana da3a dial lweqt,negatif
السلعة ماشي بنين ضياع الوقت والفلوس,negatif
had pc moussekh vraiment,negatif
pantalon machi zwine bzaf walakin fait le travail,neutre
السيارة مزيانة بزاف شكرا بزاف,positif
شكرا بزاف السروال رائع,positif
المنتج ماشي ممتاز ولكن ماشي شي حاجة كبيرة,neutre
had tilifoun horrible bzaaf khasara dyal lflouss,negatif
السلعة ماشي ما كاينش بحالو ما تشريوهش,negatif
had pc 3jbni o mousali,positif
هاد التليفون ماشي كناصح بيه ولكن عادي وصافي,neutre
خودوه وانتوما هانيين التوصيل نقي,positif
je recommande had lproduit bnin,positif
رائع جدا هاد التطبيق كايعجبني,positif
هاد التليفون ماشي غزالة ولكن على قد الجيب,neutre
ecouteurs d3if bzf never buy this,negatif
المحل ثقيل بزااف ما تشريوهش,negatif
هاد المنتج مقبول غير شوية,neutre
lhwayj parfait bzf lah i3tikom saha,positif
hadchi zwine walakin zbel,neutre
الكاسك غزالة ولكن ما عجبنيش,neutre
هاد المحل ماشي ناجح ولكن كيقضي الغرض وصافي,neutre
هاد المنتج ماشي khayb كاع,neutre
المنتج خايب ديما ماتضيعوش فلوسكم فيه,negatif
had tilifoun 3jbni walakin makhedamach,neutre
tipo na9sa,negatif
هاد السلعة ماشي كناصح بيه ولكن على قد الثمن,neutre
ma3awdch pc makhedamach,negatif
toussil ghalia walakin ghzal,neutre
lkhidma mousali je recommande,positif
had l'article kay9di lghard pour le prix m9boul,neutre
casque khayb bzaff,negatif
t-shirt machi zwina walakin 3adi machi chi haja,neutre
had tomobil makhedamach walakin wa3er,neutre
هاد الماكلة ماشي ممتاز ضياع الوقت والفلوس,negatif
الخدمة عيانة ولكن ناجح,neutre
had sbat modir bzaff khasara dyal lflouss,negatif
